/*
 Navicat Premium Data Transfer

 Source Server         : mysql
 Source Server Type    : MySQL
 Source Server Version : 80029
 Source Host           : localhost:3306
 Source Schema         : activiti

 Target Server Type    : MySQL
 Target Server Version : 80029
 File Encoding         : 65001

 Date: 26/12/2023 22:11:10
*/

SET NAMES utf8mb4;
SET FOREIGN_KEY_CHECKS = 0;

-- ----------------------------
-- Table structure for act_evt_log
-- ----------------------------
DROP TABLE IF EXISTS `act_evt_log`;
CREATE TABLE `act_evt_log`  (
  `LOG_NR_` bigint NOT NULL AUTO_INCREMENT,
  `TYPE_` varchar(64) CHARACTER SET utf8 COLLATE utf8_bin NULL DEFAULT NULL,
  `PROC_DEF_ID_` varchar(64) CHARACTER SET utf8 COLLATE utf8_bin NULL DEFAULT NULL,
  `PROC_INST_ID_` varchar(64) CHARACTER SET utf8 COLLATE utf8_bin NULL DEFAULT NULL,
  `EXECUTION_ID_` varchar(64) CHARACTER SET utf8 COLLATE utf8_bin NULL DEFAULT NULL,
  `TASK_ID_` varchar(64) CHARACTER SET utf8 COLLATE utf8_bin NULL DEFAULT NULL,
  `TIME_STAMP_` timestamp(3) NOT NULL,
  `USER_ID_` varchar(255) CHARACTER SET utf8 COLLATE utf8_bin NULL DEFAULT NULL,
  `DATA_` longblob NULL,
  `LOCK_OWNER_` varchar(255) CHARACTER SET utf8 COLLATE utf8_bin NULL DEFAULT NULL,
  `LOCK_TIME_` timestamp(3) NULL DEFAULT NULL,
  `IS_PROCESSED_` tinyint NULL DEFAULT 0,
  PRIMARY KEY (`LOG_NR_`) USING BTREE
) ENGINE = InnoDB AUTO_INCREMENT = 1 CHARACTER SET = utf8 COLLATE = utf8_bin ROW_FORMAT = DYNAMIC;

-- ----------------------------
-- Records of act_evt_log
-- ----------------------------

-- ----------------------------
-- Table structure for act_ge_bytearray
-- ----------------------------
DROP TABLE IF EXISTS `act_ge_bytearray`;
CREATE TABLE `act_ge_bytearray`  (
  `ID_` varchar(64) CHARACTER SET utf8 COLLATE utf8_bin NOT NULL,
  `REV_` int NULL DEFAULT NULL,
  `NAME_` varchar(255) CHARACTER SET utf8 COLLATE utf8_bin NULL DEFAULT NULL,
  `DEPLOYMENT_ID_` varchar(64) CHARACTER SET utf8 COLLATE utf8_bin NULL DEFAULT NULL,
  `BYTES_` longblob NULL,
  `GENERATED_` tinyint NULL DEFAULT NULL,
  PRIMARY KEY (`ID_`) USING BTREE,
  INDEX `ACT_FK_BYTEARR_DEPL`(`DEPLOYMENT_ID_`) USING BTREE,
  CONSTRAINT `ACT_FK_BYTEARR_DEPL` FOREIGN KEY (`DEPLOYMENT_ID_`) REFERENCES `act_re_deployment` (`ID_`) ON DELETE RESTRICT ON UPDATE RESTRICT
) ENGINE = InnoDB CHARACTER SET = utf8 COLLATE = utf8_bin ROW_FORMAT = DYNAMIC;

-- ----------------------------
-- Records of act_ge_bytearray
-- ----------------------------
INSERT INTO `act_ge_bytearray` VALUES ('05355787-91a4-11ee-9fdf-6e6a773b7536', 2, 'source', NULL, 0x7B227265736F757263654964223A2230353330656162362D393161342D313165652D396664662D366536613737336237353336222C2270726F70657274696573223A7B2270726F636573735F6964223A22636F757273654D616E61676572222C226E616D65223A22222C22646F63756D656E746174696F6E223A22222C2270726F636573735F617574686F72223A22222C2270726F636573735F76657273696F6E223A22222C2270726F636573735F6E616D657370616365223A22687474703A2F2F7777772E61637469766974692E6F72672F70726F63657373646566222C22657865637574696F6E6C697374656E657273223A22222C226576656E746C697374656E657273223A22222C227369676E616C646566696E6974696F6E73223A22222C226D657373616765646566696E6974696F6E73223A22227D2C227374656E63696C223A7B226964223A2242504D4E4469616772616D227D2C226368696C64536861706573223A5B7B227265736F757263654964223A227369642D38453234424645362D413042412D344444442D413939462D324438304635353535323245222C2270726F70657274696573223A7B226F766572726964656964223A22222C226E616D65223A22222C22646F63756D656E746174696F6E223A22222C22657865637574696F6E6C697374656E657273223A22222C22696E69746961746F72223A22222C22666F726D6B6579646566696E6974696F6E223A22222C22666F726D70726F70657274696573223A22227D2C227374656E63696C223A7B226964223A2253746172744E6F6E654576656E74227D2C226368696C64536861706573223A5B5D2C226F7574676F696E67223A5B7B227265736F757263654964223A227369642D45394546383246342D353838392D343035412D383639382D423744384334303242303341227D5D2C22626F756E6473223A7B226C6F7765725269676874223A7B2278223A3130352C2279223A3139307D2C2275707065724C656674223A7B2278223A37352C2279223A3136307D7D2C22646F636B657273223A5B5D7D2C7B227265736F757263654964223A227369642D44423730413939382D353943452D343046302D394239412D464430443233313936343537222C2270726F70657274696573223A7B226F766572726964656964223A22222C226E616D65223A22222C22646F63756D656E746174696F6E223A22222C22657865637574696F6E6C697374656E657273223A22227D2C227374656E63696C223A7B226964223A22456E644E6F6E654576656E74227D2C226368696C64536861706573223A5B5D2C226F7574676F696E67223A5B5D2C22626F756E6473223A7B226C6F7765725269676874223A7B2278223A3436332C2279223A3138397D2C2275707065724C656674223A7B2278223A3433352C2279223A3136317D7D2C22646F636B657273223A5B5D7D2C7B227265736F757263654964223A227369642D46304632464135352D383942342D344133312D384638322D364139433739343837444643222C2270726F70657274696573223A7B226F766572726964656964223A22222C226E616D65223A22E69599E58AA1E5A484E5AEA1E689B9222C22646F63756D656E746174696F6E223A22222C226173796E6368726F6E6F7573646566696E6974696F6E223A2266616C7365222C226578636C7573697665646566696E6974696F6E223A2266616C7365222C22657865637574696F6E6C697374656E657273223A22222C226D756C7469696E7374616E63655F74797065223A224E6F6E65222C226D756C7469696E7374616E63655F63617264696E616C697479223A22222C226D756C7469696E7374616E63655F636F6C6C656374696F6E223A22222C226D756C7469696E7374616E63655F7661726961626C65223A22222C226D756C7469696E7374616E63655F636F6E646974696F6E223A22222C226973666F72636F6D70656E736174696F6E223A2266616C7365222C22757365727461736B61737369676E6D656E74223A22222C22666F726D6B6579646566696E6974696F6E223A22222C2264756564617465646566696E6974696F6E223A22222C227072696F72697479646566696E6974696F6E223A22222C22666F726D70726F70657274696573223A22222C227461736B6C697374656E657273223A22227D2C227374656E63696C223A7B226964223A22557365725461736B227D2C226368696C64536861706573223A5B5D2C226F7574676F696E67223A5B7B227265736F757263654964223A227369642D31314642353034432D363939332D344139372D413932462D343243343642343035313437227D5D2C22626F756E6473223A7B226C6F7765725269676874223A7B2278223A3331302C2279223A3231357D2C2275707065724C656674223A7B2278223A3231302C2279223A3133357D7D2C22646F636B657273223A5B5D7D2C7B227265736F757263654964223A227369642D45394546383246342D353838392D343035412D383639382D423744384334303242303341222C2270726F70657274696573223A7B226F766572726964656964223A22222C226E616D65223A22222C22646F63756D656E746174696F6E223A22222C22636F6E646974696F6E73657175656E6365666C6F77223A22222C22657865637574696F6E6C697374656E657273223A22222C2264656661756C74666C6F77223A2266616C7365227D2C227374656E63696C223A7B226964223A2253657175656E6365466C6F77227D2C226368696C64536861706573223A5B5D2C226F7574676F696E67223A5B7B227265736F757263654964223A227369642D46304632464135352D383942342D344133312D384638322D364139433739343837444643227D5D2C22626F756E6473223A7B226C6F7765725269676874223A7B2278223A3230392E3835393337352C2279223A3137357D2C2275707065724C656674223A7B2278223A3130352E3630393337352C2279223A3137357D7D2C22646F636B657273223A5B7B2278223A31352C2279223A31357D2C7B2278223A35302C2279223A34307D5D2C22746172676574223A7B227265736F757263654964223A227369642D46304632464135352D383942342D344133312D384638322D364139433739343837444643227D7D2C7B227265736F757263654964223A227369642D31314642353034432D363939332D344139372D413932462D343243343642343035313437222C2270726F70657274696573223A7B226F766572726964656964223A22222C226E616D65223A22222C22646F63756D656E746174696F6E223A22222C22636F6E646974696F6E73657175656E6365666C6F77223A22222C22657865637574696F6E6C697374656E657273223A22222C2264656661756C74666C6F77223A2266616C7365227D2C227374656E63696C223A7B226964223A2253657175656E6365466C6F77227D2C226368696C64536861706573223A5B5D2C226F7574676F696E67223A5B7B227265736F757263654964223A227369642D44423730413939382D353943452D343046302D394239412D464430443233313936343537227D5D2C22626F756E6473223A7B226C6F7765725269676874223A7B2278223A3433342E373130393337352C2279223A3137357D2C2275707065724C656674223A7B2278223A3331302E34363438343337352C2279223A3137357D7D2C22646F636B657273223A5B7B2278223A35302C2279223A34307D2C7B2278223A31342C2279223A31347D5D2C22746172676574223A7B227265736F757263654964223A227369642D44423730413939382D353943452D343046302D394239412D464430443233313936343537227D7D5D2C22626F756E6473223A7B226C6F7765725269676874223A7B2278223A313230302C2279223A313035307D2C2275707065724C656674223A7B2278223A302C2279223A307D7D2C227374656E63696C736574223A7B2275726C223A227374656E63696C736574732F62706D6E322E302F62706D6E322E302E6A736F6E222C226E616D657370616365223A22687474703A2F2F62336D6E2E6F72672F7374656E63696C7365742F62706D6E322E3023227D2C227373657874656E73696F6E73223A5B5D7D, NULL);
INSERT INTO `act_ge_bytearray` VALUES ('13aca214-34bc-11ed-bd8b-283a4d3b4979', 1, 'source-extra', NULL, 0x89504E470D0A1A0A0000000D494844520000024E00000142080600000007735213000000206348524D00007A26000080840000FA00000080E8000075300000EA6000003A98000017709CBA513C0000000467414D410000B18E7CFB5193000000017352474200AECE1CE900000006624B474400FF00FF00FFA0BDA793000000097048597300000EC400000EC401952B0E1B00001D6D4944415478DAEDDD09901D55BD3FF09E4942160219089888489045228AA61064712122617BC043011388F0177D8094408984020A54145FC12BA1F0FDF12F022AC82261130C6B12C48028284BC89FC03FE1414848203BD921C94CEEFCCFEFE676B8B94C96D933339F4F55D7DCA56FDF3B7D4FF7F9F6E9D3E7661900000000000000000000000000000000000000000000000000000000000000000000000000000000000000000000000000000000000000000000000000000000000000000000000000000000000000000000000000000000000000000000000000000000000000000000000000000000000000000000000000000000000000000000000000000000000000000000000000000000000000000000000000000000000000000000000000000000000000000000000000000000000000000000000000000000000000000000000000000000000000000000000000000000000000000000000000000000000000000000000000000000000000000000000000000000000000000000000000000000000000000000000000000000000000000000000000000000000000000000000000000000000000000000000000000000000000000000000000000000000000000000000000000000000000000000000000000000000000000000000000000000000000000000000000000000000000000000000000000000000000000000000000000000000000000000000000000000000000000000000000000000000000000000000000000000000000A1CA2A802DC3E4C9934F5CBD7AF5D9AB56ADFAFC7BEFBDD7AF50285829CDDDC1555565BD7BF75E96A6977BF4E8F19B7DF6D9E73665086508C1093AB0175F7CF1A0952B578E5EB366CDC7070E1C58D5AF5FBF6C9B6DB6C9AAABABAD9C668AE0B07CF9F26CE9D2A5D9DCB973E3A159A9F23B75FFFDF79FA00CA10C213841073371E2C4FF58B264C90DBBECB24BF54E3BED543CBAA5F5BCF3CE3BD98C19330A353535A3860C1972AD328432446375B30AA0FD2ABC7424FB9BBDF7DEBBDB8E3BEEA8C26B03D10AB3FDF6DB57CD9A356BD839E79CB3F0C61B6F7C4E19A22B97210427E810C68E1D3BB8AEAEEEA154E175DF76DB6D3FF47C7D7D217B77C6DFB2D9AFDC97CD7BEDE16CF1DBCF67F585DAAC77BF9D53E5E8F44B736CB5D556594D4D4DD5CC9933879D76DA6963FEF0873FCC5586E88A6588A6B1F5403BE8D3A7CF3DBBECB24B8F862ABC3077CA986CFEEBE3B2DAF7DF2DDEAF5BB5349BFFC6E3D99CFFF78095D702B6DE7AEB6CD0A0413D92BB9421BA6A194270820E61DCB87143EAEBEB3F19FD511A1215DD92775E6CF0B925B35FCA562E9B6D25B68058FFD5D5D59F183F7EFC81CA105DAD0C21384187D1B367CFEF7EF4A31FDD6A43FD51DE5F32AB789A6543562D7756A0A50C1C3870ABF47D7C4719A2AB95210427E830526577445C2EBE21F585BA8D2FA0DED83C2D254E73D5D7D70F5386E86A6508C1093A8CD5AB577F22AECCA1FDF5EDDB37BE8F5D9421BA5A194270820E231D9D763730E116B2035CFB3D542B4374B53284E0049D468FDEDB6DF4F9EE3DB534A00C81E00414F5AE1994F5DD61AF069FEBB3FDEEC5E7411902C109C8B2E2E08403061FDBE0731FDDFBEB5975B7ADAC249421109C80DC9AD52B1A7CBC6ED5322B076508042720F7EE8CA7B399136F69F0B9992FDE9C2D9CFE9495843204EDA4BB55005B86DA958BB3B9531ECC962F98BAC1790A6B56177F4663C5C2FFC9060E3E2EDB6AEB1DAD389421109CA06B5934EB5FD98237C6676B6ADFDFACF9DF5BF46636FD5FD7673BEC7668B6DD2E07FBD1569421109CA06B88D32AF3FEE7B146BF2E5A0EE275F1D31AFD77FD8A15A90C2943D0061C62403B8BCAAB3936F9F31A2843CA10B4182D4ED0CEE254494CA00CC1964F8B130080E0040020380100084E00005B329DC36953E3C68DFBDAB469D3CE993F7FFE81F3E6CDEBBF74E9D2EEAB56ADAAEAD1A347B6EDB6DBD60D183060D1F6DB6FFFDCDE7BEFFDBF0F3DF4D0B1D61840FB183972E4CE757575C75755551D92EE0E49D3C034F54DD3CA34CDA9AFAF7F293DF7F76EDDBA8DBEE38E3B66094ED082AEB9E69A518B172FBEF491471EA9F9D4A73E950D1B362CFBF8C73F9EA59094F5EAD52B5BB97265B66CD9B2EE3367CEDC71F2E4C9478F1933E6E84B2FBD74590A53BFBCE8A28B7E6C0D02B48D934F3EF9F8F4E7FB6BD6ACF9720A463D1B98A5579A764DCFED9AFE1E9FE6FBC588112326A4FBBFBBF3CE3B6F179CA0197EF18B5F7CF6DD77DF7D74F6ECD91F4D1B63D5E73EF7B92C1D9D7C782B4CE129A61D77DC31DB77DF7DB3D34E3B2D9B3469D23677DF7DF78F468D1A75F6C081038F4E7F9FB346015A470A3F1184AEAFAFAF3FB2092F1F9A5E37342DE3AC14A44EBFE79E7B5E179CA0F1A1E927AFBFFEFA8F8F39E698EAA38E3AAAC1C0B43111B2621A3B76EC0EF7DF7FFFB3575F7DF555293C5D6ACD02B4ACE1C3878F487FAE4BD30EF963B1CFFECC673E931D70C001D91E7BEC91D5D4D464DB6CB34DF6DE7BEF658B172FCEA64F9F9EFDEB5FFFCA5E7CF1C5ACB6B6367FD997D2EB26A603E5B33B6BEB93E044ABF8CD6F7E73D9E4C9937F72C1051754EDB9E79ECD5AD611471C910D1E3CB83A05A74BAEB9E69A6DD232CFB386015A2C341D535555755B9E092230C5C1EEE1871F5E3C0B50A94F9F3EC569A79D76CA0E3EF8E062887AF8E187B3471F7D345BB3664DCCD2B7BEBEFEB6149E7AA5F0F4DBCEB6BE5C55478BFBD18F7EF4C3149A7EFAE31FFFB8D9A1293768D0A02C96F7E69B6F7EFFF2CB2FBFD85A066891D0342285A6FBF3D01461E8CA2BAF8C8EE10D86A686444B54CC1FAF8BBEABB9149E6E4AE1E95B82136CC499679EB9FB9C3973AE3AEFBCF3AA3777A3DB5CB1BC51A34655BFFDF6DB3FFBE10F7FF8396B1BA0E9A24F530A4DD7E5A169AFBDF6CAD281E97AE1A731E275F1FA7DF6D9A73C3C5D9FC2D360C10936A04F9F3E8F1E77DC713D5AAAA5A952B43C9D70C2093D6A6B6BFF6C6D03345D0A4D3765A53E4DD1D274C1051714FB3035B30EC87EF0831F9487AF386D7793E0040D38F7DC734776EBD66DB7E893D49A62F9BD7AF5DA39BDDFD9D63A40E3C5900329D01C16B7A34F53849DE686A6F2F094F6CFE517047DA9339DB2139C68313D7AF4F8E929A79CD22D06B36C6DA79E7A6AB7EAEAEA4BDAE3FF1C3162C465B1D3193A74A88B2B5086E8A865E8FBF98DE808DED4D3731B12CB3BE69863D6DD4F21ED2CC109CAC408B3EFBFFFFEC763F880B610E7D00B85C2C0D2B8236DED8AB413B87FC080014BD2FBDF95765E479E74D2497DDBF203CC9831237BEAA9A7367BFE98F7EDB7DFDEECF91F79E4916CF9F2E50DBEEFC6D4D5D56DD663B9575E79251B3366CC263FCFA851A3D6BB1FAF9934695247DE64DABD0C6DAE2807E5DFE11B6FBCB1DEF3D75E7BED871ECBDD7AEBAD8D2AA79B5B26E6CE9D1BC39DAC2B93715557FED96230DD2E222F434B870F1FFE4063CA50ECAF63CCA5B89D5F41D71A8E3CF2C8ACEC40FA4BEDB4BF169CD832D5D4D49CB6EFBEFB766FEC584DCD71C00107F4D86EBBED4E6FAFFFB9AAAAAA4FFAF3CDB4037A34FDDFB3D38EEBCED8797DFBDBDFEED5DAEF1D7DBDA2E2884A2D0F33975D7659B1928AD0131D34CBEDBDF7DED957BFFAD57521AA7C8A26F5F28A319679DD75D7156F473889E5C57C5199C50E76C18205EBE68DE7F3E55C71C515C579E2CA9AFC7EFC3DFDF4D3D70B6153A74E5D77FBD39FFE7476CF3DF76C329C2D59B264BDFB5FF9CA57B23BEFBCB3783B026147AD2CDBB30C3526A44719C9BFE773CE3967BDE75F7DF5D5AC7BF7861B3D7EFBDBDF6653A64C2906A898A2FC4430AAD4D832D1BF7FFFECB5D75E2BDE7EF2C927B33FFDE94FC5DB7FFCE31FB37FFCE31F5D6ADF9BCA50EF34FD7BA90CCD49E1E49E4D95A1F81995ACD4213C0E76E3171C5AA95E280E685CE6C4CEB0CE3513D33205A97BF763F7D9679F360DE2F1D32DFFFCE73FFF2DDDFCC916B00AA203640C20372255E2ABD2CEEBBEB433BB67F6ECD90F4D9830A1AEA5DE248EB4A392D87AEBADB3A38F3E3ABBEDB6DB8AA1E4B8E38ECB7AF6EC590C14F1FC673FFBD975AF89CAE48B5FFC6276F5D557AF0B1DE56219E515DFCD37DF9CFDFCE73FCF56AC58912D5CB8B0F83EE1E28B2F2ECEBBC30EEBC6C72BDEEEDBB76F31B45D75D555C520F5B18F7DACF81E51A1E57F639E3C94DD74D34DC5CF9B8B4057DE2A11CB8AE056D97A99BEEB6CD5AA55C541F7C68F1F5FDC2147651CA12AE6ADFCBF3AA03629438DFE50E9BB8B8EC37150148320EEBCF3CE0DCE17AD3DBBEFBEFB7AE52E82D2E73FFFF9E21465E3C1071F2C06A3CA16AD289BA79E7AEABAC7626CA00D958908CA11F4E375F1FD47681E3CF8838BB6F2CF10F36C28D075625B473849E5E8C4B45E56A732342695A13B2ACB50E9B7E78ABEF0852FB4EA078AE5C7B65B12EF7BB5E004C9B265CB768B5690B614E7D0972E5DBADB16B83AE2B79D4E493BAF53060C18B02C1DFDFD25DDBF21059B09B7DC724BB39A46D2F28A83D2FDE52F7FC9CE3EFBECECFAEBAF2F5644711971650B41EEAF7FFD6B71E4DFF2B0B2B1601615515474D17294577251413574AA2F42525EB9C6F71FEF1D230947A5F7D65B6F15FFCE9B376FDDFCD1DA109FA33CE4C4FBC4C07979E51B2D49F97263871BE16DCE9C39C5D014EF118129E68F96AC685D38E594533A6305D96A65A8A9A21528CA5C78E28927D6ADF368918CF01B65200F2DF13D47B0B9E4924B8ADF6F84F06881CC5B09CBC5BC5FFFFAD7D72B13D1621ADF6FFC0C5394C9F23211CB8DC78BB5F0218714DF3F2F3BB9F87C31C5014017B6551EA2060E1CB82295A127D3FDEBA20CA56D7C483ED36EBBB5EE2E74D75D772DBF3B448B1394AC5EBDBA269A65DB525C01525B5BBB6D3AAABA7C4B5D2FE9C86E9BB4E38A66F1E32390A4CF3A6DFEFCF9CD5A66544E79EB51542211A4F25319711A2D9EAF0C129B1B2CA255295AABA2B20B11722234C5D17BB436C5ED68598AA9BC7521444B57549E9FFCE4273FD4E2948B00F7F7BFFF7DBD16A5F86C79EB423C1E2D52E5F38F1B37AE18E6E2F44C04A768C988F70FD1BF26425E04CAA68A75D8D5CA5053C4FACF03CBA1871EBA2E3445D98816CDF203A7083B679E7966F176B45846308A56A3F2D6CA8D958968518D001EA20534BEE75C7E9010652DFF3CD19A356BD6AC62B87EE185178AAFAD3C5DDD5A629B8B9F1CD992CB50ACD25486A2E9F8E8D269EDFAFC89D6DE6F572C7F07C1094AD2CE73AB7C27D656E2FD0A854274AAFA49075A55BBC54EFD84134E68D28B239C4447D8830E3AA81862A2F2F8FDEF7FBFDE3A694E7F9FA8A06299D1193B2ABA0829114CF296A7F8F1E5A8FCA2252882535452798B503C1E7FA3EF49798B53DE1725173FC9D0AF5FBF752D0C11C8CA6F57EEC8A355298E5A232C9D71C619C5D33D717A2E5ADBA225224EDD352738953E5F9729434D15A1A47C3D4760BAFFFEFBD79DCA2D17C12A0245B4524530BDE5965BB2D75F7F3D3BF6D8638BE5295A0D2300E521686365228277659988301D2D55B1CC0859513E62FE68D50A79B06E0B7FFBDBDFB289132776B43254557E00DA9A626882F2DDB6E0041FB468AC4A1576CFB60C4F1110D2D1785D3A92FACF36FE7737670759489FAB903E5FF78AD68369FBEDB75F93DBC6BFF18D6F14C34CFCEFD15213FD9AA2428B53285169E447E11168A2826ACAD16184A7F3CF3FBF78EA235A12A2E36EDEAF24961D47F7175E786171FEFC3DA2828C8A2BE68DCA305A0EF216A7862E1878E69967D6DD8EF789101822785504F262851AEF1FA75DA2E28E6546C7F86875CBFBC744AB44DE8FAAB1A2852C557C3FED2A65A8A9A255B37CFB8E16A2EF7DEF7BF1BB94EBCD17DF55B4FEC4E9B908BA77DF7D77F17BFDCE77BE937DF39BDF2C96AF08BF5186CB4F316FA84C4C9B366DBDE547EB554C11E6A37C565ED1D79472DF1C5FFEF2978BEB660B2D43C57294555C0896CA5094ADE263CB962D6BD5F0143F085CBEDB169CA0A4478F1E8B162F5E3C3069B3F78C0D3EBDEF92B483BDBC2DFFD71123466C708795764675A58AAE3AFDAD4EF717A7BF8F4707CD14721E8BFE29A902A96FCEFB470B497E1A2276D8D1DFA95C849608134DA9402294C5D17C8495A8E4F2BE4BD172142D3BD1E2949FA6A9945FDD56D9A93B0F5DE5A70BA3C52C96951FB1E7B7A3D377656B5354BE11E4F25341516147A5195354DCCD094D215E3B7AF4E82E55861A235A38635DBFF3CE3BC5FBD19F294EADC5A9BB86CA583C1E53F4318AEF2F5A05F3ABF22240459FB7F2D3B19B2A13952D9611D2A32CC53C9BFADC6DD17D205A5AA305EDA28B2EDA92CAD09A545EF223960F95A1B49DBE9C1EDF235F4FAD199CF2A1224A16084E901FD2140ACFA78AF5A8149CDA6C3C82993367C691D38BEDFDAFA79D526DFA1C3D4B4772B14DC5B5F78FA5E9AEDEBD7B3F9E2ABAC52DF986952D3879208996A7A8ACA2D5275AA29A223A5A47608A6546E089536279A7DC86C47B45D08A969FBCB529EE47CB447EAA2EC274EC3CF3FE2DF1D962B979BFA6A84CF3DB51E1968BFE5679288A50167D6AE2D4503C16231D9F74D249595BF7ADEB0C65A831F22BD922D844B0FEDAD7BE566C51CA834DA5BC552ABEA7F8DEE3FB8F7E78210257F9EF98E53656263E54696DA0FF5E0C859187BB10FD8E3614F23BA9D5D9DA0EE15929346DB00CA5D0F5521E9CA245AFA507BF2C17075C655E129CA024556A635F78E185830F3CF0C0EDDBEA3D274D9AB438858571EDFCAF57972ABCD849DD9BA68753C5F1506B5FF9949FC688FE45794515954F5CFA1B154EF44FDA94982F824AF9184ED16F28FACFC472E228BAA116850830D1BF249E8BBE4E5129965FC59707ADFC545DCC1FA7F7F2E0149D8163CA95F767A91C52200F45F9955471AA32825904C4F8ACD1E216E12996D19C56A7AE58861AB16D17CB4A9C2A8D0015FDDF627D4728DAD8A9F9785DF4358AB218DF5F7C3F11662A8723686C9988B2541996E33475B4B2C61562791FBF08D95D2C386DB5B9652805F52753992B8EA914DB7B5C9DD85AF24EFE254F0A4EF0C151DF0313274EBC223A79B6D52098CF3CF34CA1B4936817D1FC9DFE4CA8AEAEFE43E932F1366915880A283FDA8F0EB8310061F97395571345BFA0862AB868CD895360D192908BABE8F2CBC0A3928C809277388FE0131568DC8E8A30825379AB43049A38FACF5B00A2A5229F3F2AD998BFA1ABFB36E78ABF0877D1A21553FC3F79E7DFA840A3628DCA34FABB7434ED55861A23026A84A5F89EE274693E906A948BE8AF1401B9FCAAB7F8AEE27B8F56A9B84A33BEA3F8DE22D844DFBBCD1949BCE2F4CE7AA21CC6984FF9409CF93851D1DA19CFE5174BB4F5F0281DA90CC5FE3AEDABE34BEB1EDBCEBBEFBEDB2A8360C6F71861B9CCBD9D619D57A9F26929DFFAD6B7FE7ADE79E7EDBBFFFEFB6FDB06AD4DCBD38EF895DB6FBFFDC0B6FE3FE337A2D2D1DAF4B493BAB729AD02E3C78FAF6F8DC11AF3A3FA8E2682D5A62E2A88CA38EF9CDED2A2221F366C589532B4E175BFB1705BF9FD45988FFB956531E68B656D4E19DD5499D8D206B7EC8865E8E4934F1E9FFFC86FFCA6DCC891235BFC338E1E3D3AFBF39FFF9CDF7D3ADDFFB2162728938E60FEFB77BFFBDDF5FBEEBBEFB6ADDDEA74E38D372E49EFF7ABF6F83FD3C6BF458EAAD7514F556D4E182A6FC9EA0CB6D432B4A175DF98EFAFA1B19A36F77BDEDC79BBE088E0AD5186FE4F9A8AC12906948D20DE927D9DA20FEA430F3DB4EE7E0A7937749675EFB7EA683177DE79E7034B972E9D7AEFBDF7CE68CDF779E08107662D5AB468C6ECD9B3475BEB004DDB5FA73F134A07BDD92F7FF9CBE295CA2D21862088AB5F63B9254F77A6FDB5E0448BAAAFAFFFF6830F3EB8F5D4A95397B7C6F2A74F9FFE5E0A667138FADDF6FCFD2E804E207E24BD3844405C9178CD35D7343B3C45688A10162D4E25CBABAAAACEE84CFB6BC18916357AF4E8E9757575E75E79E5952BE6CD9BB7AA25971DCBBBFCF2CB97170A85F3D3D1D2146B1BA079FBEB74B01B97C416434D74E28F8B4BCA424FA3C4EBE2F52FBFFCF2BAC752683ABBB3EDAF05275ADC5D77DD357AD5AA55175F78E1858BA64C99B2B02596F9E69B6F2E8CE5AD5CB9F2DAB411DE6E2D03B4CCFE3AFD39230F4FD1F2143FCE7CC71D776CF4EAC672315F74048FD79587AE14CA2EE98CFB6B3DEC68AD23995B860F1FBEF2673FFBD9AF8E3CF2C897468E1C39A4A91DC6D386FD7FC78C1933B050285C926EDF62ED02B4FCFE3ADDBCBEAAAAAA26FA2645C7EEE8341EC38AC4B86E3146560C2D11A38CC7E9B8084B31B8650C3111430E54FC466674D538B7B3EEAF05275AF54866C48811CF3EF6D863373DF1C4136F9C75D6592B0F3AE8A04F6FEEEB9F7BEEB9D76EB8E186DA152B562C4D1BF3F0B4713B3D07D08AFBEBB4AFBD291FA620025484A28AB19836E5E9E8D3D499BB53084EB4F691CCF4F46758DA204FBCEEBAEBCEFAF5AF7FBDDD1E7BEC31E390430EE9B5E79E7B7EA47FFFFE35BD7AF5DA3A1DADAC4847308BDE7CF3CD779F7AEAA9A5AFBEFAEAA0D5AB57CF4BAFFDDD9C39736ED7111CA0EDF6D729FC9C9502D4D046E484A7BBCAFE5A70A2AD36C81831F6DE912347EE3C75EAD413A74C9912C33C6F97A6FCFC5DFEF7AD6CEDB0FCF796366200DA697F5D28144E4C012AF6D7FBA5297EC53DAE6A8EF3727135DE4B5D717F2D38D1A6EEB8E38E59E9CF2F4B1300F6D71D8AABEA0080E6E8D595FE59C10900C803D0C5158F5D9EA6C19B78DD8834FD47C5639DF68C96E0447BFA76C5914A6C685754CC73739A76B0AA005ADD97D234AB81C7F32BE4F21FC48C1F571F5A36ED557A2EBF1FFBF6519D7525E9E3446BAA296D60D191F0A234FD57E9F1FCF6F4D23C734A8FC751CD928AD72F284D00B4AE3DD2F4DB349D98A618FD32AE8E1B540A4335A579E237EE9E2DDDCF47C8DCB5B43F9F503AD07D3E5B3B9693E0048D141BD563A5DBFFABB45155DECE1D9FA67F4BD3DBD9DAA6E118CD369A7FFFBB7424131BF2BD9D7963046847434B07B1FB9502D4D5A5E034B481FD75BECF8EF01457D6ED5516ACBE96A6A969EAB4BFF0E0541DED2D6FFA8D80152D4B3F4F53FF340D4953CFD2067C64B6F632D86BAD2E805631B0147E86974253EC7B0F2B0B55D1F7A9B2DBC44BA55035B5ECF61B59C3A7FB3A0D2D4EB4F6114CF94639B4E27684A30169BA245B7B3A6F45E908A7A6B4E145FFA768617AB6F4FCF1562940AB8856FEE8E0FD9FA56C10FBE0D7D3F4785948AAFCF1BA234A012BCE22443FA85DD3F4C5D2FE5A708226985076BBA15375E5CFEF570A487D4B1B678C421B1D15A7676BFB490D29DB80016859234A4128F6BF734A07AEB1DF7DBEF4FC77D3746E59789A9CAD3D53F0BDD2632F9482D6435927EF522138D11676CE36DD74DBAB74B412D37DA5C7E2BCF955A5DB433BFB510C403B8AC013FD48EB4AFBECCF9442D384B27D70798B533C775869BF7C5FE92037E689D3790F74E615A58F136DE1AC34DDB08979A285697469DE7FDF40A8F77B7500AD23424FF4633AB11486621A927D30C4C0808AF92334D5941DDC869F9702D7A3D907FDA33A1D2D4EB4B638DDF6CFECC32D4EDD1B0842DF4AD3E9D9DA6109762E6D94434BCF0DB22A015A4D9C7A7B3CFBA065BFAE74409B9FAAFB4C45C89A52B15F5F59169EA27BC5B3821334DE7EA58DE9A18AC717671F8CD1547EF412E7CBA79736E0ACF4FC84D2ED5D33431100B496E915F79FAEB8FFABB2DB132A9EBBBDE240F8D9CEBCA204275AD3F31B78FCFC061E6BA8E3F71965B76FB13A01B6485DAA1B853E4E000082136C99AAAAAA6A0B858215B105287D0F056588AE5686109CA0E36C74D5D593962D5B66456C01962F5F1EDFC72BCA105DAD0C21384187B166CD9AC7162E5C38D79A687F8B162D5A502814C62A4374B53284E0041D467D7DFD7D73E6CCE99EFE5A19EDEC9D77DEA9CD3E18705519A2CB94210427E8300E3FFCF097EAEAEA9E7BEBADB7665A1BED27ADFFB76A6B6B5F1D366CD8B3CA105DAD0C21384187522814CE4FFBDCDE4B962C596C6DB4BDE5CB97BF3763C68C3EE97BF8813244572D43344D37AB00DADEEDB7DFBEE0B4D34E9B387FFEFCA3FAF5EB57D7AB57AF3ED64A9B55788B264D9AB4B4BEBEFE8CC30F3FFC696588AE5A86109CA043B9F5D65BA79D7AEAA92FCF9933E7A4DADADAE7B7DB6EBB41555555564C2B9A366DDA3FA64E9D1AA3D69F79D861873DA40CD1D5CB108D670B83763676ECD8C1D5D5D5D7A6E9B3FDFBF77FE5231FF9C88EA9028CC77A593BCD532814562E5DBAF4D5B973E72E5CB060C127D6AC59333D4E711D71C41193952194210427E8C0C68D1B37A4AAAAEA846CED0F68C6EFFCA9F49A2F7E0AE2A56CED6F6BDDD7D93BF12A43CA10000000000000000000000000000000000000000000000000000000000000000000000000000000000000000000000000000000000000000000000000000000000000000000000000000000000000000000000000000000000000000000000000000000000000000000000000000000009DC8FF07188C671913EE4F0F0000000049454E44AE426082, NULL);
INSERT INTO `act_ge_bytearray` VALUES ('1dee0f76-34bc-11ed-bd8b-283a4d3b4979', 1, '借款申请流程.Loan.png', '1dee0f75-34bc-11ed-bd8b-283a4d3b4979', 0x89504E470D0A1A0A0000000D494844520000024E00000142080600000007735213000000206348524D00007A26000080840000FA00000080E8000075300000EA6000003A98000017709CBA513C0000000467414D410000B18E7CFB5193000000017352474200AECE1CE900000006624B474400FF00FF00FFA0BDA793000000097048597300000EC400000EC401952B0E1B00001D6D4944415478DAEDDD09901D55BD3FF09E4942160219089888489045228AA61064712122617BC043011388F0177D8094408984020A54145FC12BA1F0FDF12F022AC82261130C6B12C48028284BC89FC03FE1414848203BD921C94CEEFCCFEFE676B8B94C96D933339F4F55D7DCA56FDF3B7D4FF7F9F6E9D3E7661900000000000000000000000000000000000000000000000000000000000000000000000000000000000000000000000000000000000000000000000000000000000000000000000000000000000000000000000000000000000000000000000000000000000000000000000000000000000000000000000000000000000000000000000000000000000000000000000000000000000000000000000000000000000000000000000000000000000000000000000000000000000000000000000000000000000000000000000000000000000000000000000000000000000000000000000000000000000000000000000000000000000000000000000000000000000000000000000000000000000000000000000000000000000000000000000000000000000000000000000000000000000000000000000000000000000000000000000000000000000000000000000000000000000000000000000000000000000000000000000000000000000000000000000000000000000000000000000000000000000000000000000000000000000000000000000000000000000000000000000000000000000000000000000000000000000000A1CA2A802DC3E4C9934F5CBD7AF5D9AB56ADFAFC7BEFBDD7AF50285829CDDDC1555565BD7BF75E96A6977BF4E8F19B7DF6D9E73665086508C1093AB0175F7CF1A0952B578E5EB366CDC7070E1C58D5AF5FBF6C9B6DB6C9AAABABAD9C668AE0B07CF9F26CE9D2A5D9DCB973E3A159A9F23B75FFFDF79FA00CA10C213841073371E2C4FF58B264C90DBBECB24BF54E3BED543CBAA5F5BCF3CE3BD98C19330A353535A3860C1972AD328432446375B30AA0FD2ABC7424FB9BBDF7DEBBDB8E3BEEA8C26B03D10AB3FDF6DB57CD9A356BD839E79CB3F0C61B6F7C4E19A22B97210427E810C68E1D3BB8AEAEEEA154E175DF76DB6D3FF47C7D7D217B77C6DFB2D9AFDC97CD7BEDE16CF1DBCF67F585DAAC77BF9D53E5E8F44B736CB5D556594D4D4DD5CC9933879D76DA6963FEF0873FCC5586E88A6588A6B1F5403BE8D3A7CF3DBBECB24B8F862ABC3077CA986CFEEBE3B2DAF7DF2DDEAF5BB5349BFFC6E3D99CFFF78095D702B6DE7AEB6CD0A0413D92BB9421BA6A194270820E61DCB87143EAEBEB3F19FD511A1215DD92775E6CF0B925B35FCA562E9B6D25B68058FFD5D5D59F183F7EFC81CA105DAD0C21384187D1B367CFEF7EF4A31FDD6A43FD51DE5F32AB789A6543562D7756A0A50C1C3870ABF47D7C4719A2AB95210427E830526577445C2EBE21F585BA8D2FA0DED83C2D254E73D5D7D70F5386E86A6508C1093A8CD5AB577F22AECCA1FDF5EDDB37BE8F5D9421BA5A194270820E231D9D763730E116B2035CFB3D542B4374B53284E0049D468FDEDB6DF4F9EE3DB534A00C81E00414F5AE1994F5DD61AF069FEBB3FDEEC5E7411902C109C8B2E2E08403061FDBE0731FDDFBEB5975B7ADAC249421109C80DC9AD52B1A7CBC6ED5322B076508042720F7EE8CA7B399136F69F0B9992FDE9C2D9CFE9495843204EDA4BB55005B86DA958BB3B9531ECC962F98BAC1790A6B56177F4663C5C2FFC9060E3E2EDB6AEB1DAD389421109CA06B5934EB5FD98237C6676B6ADFDFACF9DF5BF46636FD5FD7673BEC7668B6DD2E07FBD1569421109CA06B88D32AF3FEE7B146BF2E5A0EE275F1D31AFD77FD8A15A90C2943D0061C62403B8BCAAB3936F9F31A2843CA10B4182D4ED0CEE254494CA00CC1964F8B130080E0040020380100084E00005B329DC36953E3C68DFBDAB469D3CE993F7FFE81F3E6CDEBBF74E9D2EEAB56ADAAEAD1A347B6EDB6DBD60D183060D1F6DB6FFFDCDE7BEFFDBF0F3DF4D0B1D61840FB183972E4CE757575C75755551D92EE0E49D3C034F54DD3CA34CDA9AFAF7F293DF7F76EDDBA8DBEE38E3B66094ED082AEB9E69A518B172FBEF491471EA9F9D4A73E950D1B362CFBF8C73F9EA59094F5EAD52B5BB97265B66CD9B2EE3367CEDC71F2E4C9478F1933E6E84B2FBD74590A53BFBCE8A28B7E6C0D02B48D934F3EF9F8F4E7FB6BD6ACF9720A463D1B98A5579A764DCFED9AFE1E9FE6FBC588112326A4FBBFBBF3CE3B6F179CA0197EF18B5F7CF6DD77DF7D74F6ECD91F4D1B63D5E73EF7B92C1D9D7C782B4CE129A61D77DC31DB77DF7DB3D34E3B2D9B3469D23677DF7DF78F468D1A75F6C081038F4E7F9FB346015A470A3F1184AEAFAFAF3FB2092F1F9A5E37342DE3AC14A44EBFE79E7B5E179CA0F1A1E927AFBFFEFA8F8F39E698EAA38E3AAAC1C0B43111B2621A3B76EC0EF7DF7FFFB3575F7DF555293C5D6ACD02B4ACE1C3878F487FAE4BD30EF963B1CFFECC673E931D70C001D91E7BEC91D5D4D464DB6CB34DF6DE7BEF658B172FCEA64F9F9EFDEB5FFFCA5E7CF1C5ACB6B6367FD997D2EB26A603E5B33B6BEB93E044ABF8CD6F7E73D9E4C9937F72C1051754EDB9E79ECD5AD611471C910D1E3CB83A05A74BAEB9E69A6DD232CFB386015A2C341D535555755B9E092230C5C1EEE1871F5E3C0B50A94F9F3EC569A79D76CA0E3EF8E062887AF8E187B3471F7D345BB3664DCCD2B7BEBEFEB6149E7AA5F0F4DBCEB6BE5C55478BFBD18F7EF4C3149A7EFAE31FFFB8D9A1293768D0A02C96F7E69B6F7EFFF2CB2FBFD85A066891D0342285A6FBF3D01461E8CA2BAF8C8EE10D86A686444B54CC1FAF8BBEABB9149E6E4AE1E95B82136CC499679EB9FB9C3973AE3AEFBCF3AA3777A3DB5CB1BC51A34655BFFDF6DB3FFBE10F7FF8396B1BA0E9A24F530A4DD7E5A169AFBDF6CAD281E97AE1A731E275F1FA7DF6D9A73C3C5D9FC2D360C10936A04F9F3E8F1E77DC713D5AAAA5A952B43C9D70C2093D6A6B6BFF6C6D03345D0A4D3765A53E4DD1D274C1051714FB3035B30EC87EF0831F9487AF386D7793E0040D38F7DC734776EBD66DB7E893D49A62F9BD7AF5DA39BDDFD9D63A40E3C5900329D01C16B7A34F53849DE686A6F2F094F6CFE517047DA9339DB2139C68313D7AF4F8E929A79CD22D06B36C6DA79E7A6AB7EAEAEA4BDAE3FF1C3162C465B1D3193A74A88B2B5086E8A865E8FBF98DE808DED4D3731B12CB3BE69863D6DD4F21ED2CC109CAC408B3EFBFFFFEC763F880B610E7D00B85C2C0D2B8236DED8AB413B87FC080014BD2FBDF95765E479E74D2497DDBF203CC9831237BEAA9A7367BFE98F7EDB7DFDEECF91F79E4916CF9F2E50DBEEFC6D4D5D56DD663B9575E79251B3366CC263FCFA851A3D6BB1FAF9934695247DE64DABD0C6DAE2807E5DFE11B6FBCB1DEF3D75E7BED871ECBDD7AEBAD8D2AA79B5B26E6CE9D1BC39DAC2B93715557FED96230DD2E222F434B870F1FFE4063CA50ECAF63CCA5B89D5F41D71A8E3CF2C8ACEC40FA4BEDB4BF169CD832D5D4D49CB6EFBEFB766FEC584DCD71C00107F4D86EBBED4E6FAFFFB9AAAAAA4FFAF3CDB4037A34FDDFB3D38EEBCED8797DFBDBDFEED5DAEF1D7DBDA2E2884A2D0F33975D7659B1928AD0131D34CBEDBDF7DED957BFFAD57521AA7C8A26F5F28A319679DD75D7156F473889E5C57C5199C50E76C18205EBE68DE7F3E55C71C515C579E2CA9AFC7EFC3DFDF4D3D70B6153A74E5D77FBD39FFE7476CF3DF76C329C2D59B264BDFB5FF9CA57B23BEFBCB3783B026147AD2CDBB30C3526A44719C9BFE773CE3967BDE75F7DF5D5AC7BF7861B3D7EFBDBDF6653A64C2906A898A2FC4430AAD4D832D1BF7FFFECB5D75E2BDE7EF2C927B33FFDE94FC5DB7FFCE31FB37FFCE31F5D6ADF9BCA50EF34FD7BA90CCD49E1E49E4D95A1F81995ACD4213C0E76E3171C5AA95E280E685CE6C4CEB0CE3513D33205A97BF763F7D9679F360DE2F1D32DFFFCE73FFF2DDDFCC916B00AA203640C20372255E2ABD2CEEBBEB433BB67F6ECD90F4D9830A1AEA5DE248EB4A392D87AEBADB3A38F3E3ABBEDB6DB8AA1E4B8E38ECB7AF6EC590C14F1FC673FFBD975AF89CAE48B5FFC6276F5D557AF0B1DE56219E515DFCD37DF9CFDFCE73FCF56AC58912D5CB8B0F83EE1E28B2F2ECEBBC30EEBC6C72BDEEEDBB76F31B45D75D555C520F5B18F7DACF81E51A1E57F639E3C94DD74D34DC5CF9B8B4057DE2A11CB8AE056D97A99BEEB6CD5AA55C541F7C68F1F5FDC2147651CA12AE6ADFCBF3AA03629438DFE50E9BB8B8EC37150148320EEBCF3CE0DCE17AD3DBBEFBEFB7AE52E82D2E73FFFF9E21465E3C1071F2C06A3CA16AD289BA79E7AEABAC7626CA00D958908CA11F4E375F1FD47681E3CF8838BB6F2CF10F36C28D075625B473849E5E8C4B45E56A732342695A13B2ACB50E9B7E78ABEF0852FB4EA078AE5C7B65B12EF7BB5E004C9B265CB768B5690B614E7D0972E5DBADB16B83AE2B79D4E493BAF53060C18B02C1DFDFD25DDBF21059B09B7DC724BB39A46D2F28A83D2FDE52F7FC9CE3EFBECECFAEBAF2F5644711971650B41EEAF7FFD6B71E4DFF2B0B2B1601615515474D17294577251413574AA2F42525EB9C6F71FEF1D230947A5F7D65B6F15FFCE9B376FDDFCD1DA109FA33CE4C4FBC4C07979E51B2D49F97263871BE16DCE9C39C5D014EF118129E68F96AC685D38E594533A6305D96A65A8A9A21528CA5C78E28927D6ADF368918CF01B65200F2DF13D47B0B9E4924B8ADF6F84F06881CC5B09CBC5BC5FFFFAD7D72B13D1621ADF6FFC0C5394C9F23211CB8DC78BB5F0218714DF3F2F3BB9F87C31C5014017B6551EA2060E1CB82295A127D3FDEBA20CA56D7C483ED36EBBB5EE2E74D75D772DBF3B448B1394AC5EBDBA269A65DB525C01525B5BBB6D3AAABA7C4B5D2FE9C86E9BB4E38A66F1E32390A4CF3A6DFEFCF9CD5A66544E79EB51542211A4F25319711A2D9EAF0C129B1B2CA255295AABA2B20B11722234C5D17BB436C5ED68598AA9BC7521444B57549E9FFCE4273FD4E2948B00F7F7BFFF7DBD16A5F86C79EB423C1E2D52E5F38F1B37AE18E6E2F44C04A768C988F70FD1BF26425E04CAA68A75D8D5CA5053C4FACF03CBA1871EBA2E3445D98816CDF203A7083B679E7966F176B45846308A56A3F2D6CA8D958968518D001EA20534BEE75C7E9010652DFF3CD19A356BD6AC62B87EE185178AAFAD3C5DDD5A629B8B9F1CD992CB50ACD25486A2E9F8E8D269EDFAFC89D6DE6F572C7F07C1094AD2CE73AB7C27D656E2FD0A854274AAFA49075A55BBC54EFD84134E68D28B239C4447D8830E3AA81862A2F2F8FDEF7FBFDE3A694E7F9FA8A06299D1193B2ABA0829114CF296A7F8F1E5A8FCA2252882535452798B503C1E7FA3EF49798B53DE1725173FC9D0AF5FBF752D0C11C8CA6F57EEC8A355298E5A232C9D71C619C5D33D717A2E5ADBA225224EDD352738953E5F9729434D15A1A47C3D4760BAFFFEFBD79DCA2D17C12A0245B4524530BDE5965BB2D75F7F3D3BF6D8638BE5295A0D2300E521686365228277659988301D2D55B1CC0859513E62FE68D50A79B06E0B7FFBDBDFB289132776B43254557E00DA9A626882F2DDB6E0041FB468AC4A1576CFB60C4F1110D2D1785D3A92FACF36FE7737670759489FAB903E5FF78AD68369FBEDB75F93DBC6BFF18D6F14C34CFCEFD15213FD9AA2428B53285169E447E11168A2826ACAD16184A7F3CF3FBF78EA235A12A2E36EDEAF24961D47F7175E786171FEFC3DA2828C8A2BE68DCA305A0EF216A7862E1878E69967D6DD8EF789101822785504F262851AEF1FA75DA2E28E6546C7F86875CBFBC744AB44DE8FAAB1A2852C557C3FED2A65A8A9A255B37CFB8E16A2EF7DEF7BF1BB94EBCD17DF55B4FEC4E9B908BA77DF7D77F17BFDCE77BE937DF39BDF2C96AF08BF5186CB4F316FA84C4C9B366DBDE547EB554C11E6A37C565ED1D79472DF1C5FFEF2978BEB660B2D43C57294555C0896CA5094ADE263CB962D6BD5F0143F085CBEDB169CA0A4478F1E8B162F5E3C3069B3F78C0D3EBDEF92B483BDBC2DFFD71123466C708795764675A58AAE3AFDAD4EF717A7BF8F4707CD14721E8BFE29A902A96FCEFB470B497E1A2276D8D1DFA95C849608134DA9402294C5D17C8495A8E4F2BE4BD172142D3BD1E2949FA6A9945FDD56D9A93B0F5DE5A70BA3C52C96951FB1E7B7A3D377656B5354BE11E4F25341516147A5195354DCCD094D215E3B7AF4E82E55861A235A38635DBFF3CE3BC5FBD19F294EADC5A9BB86CA583C1E53F4318AEF2F5A05F3ABF22240459FB7F2D3B19B2A13952D9611D2A32CC53C9BFADC6DD17D205A5AA305EDA28B2EDA92CAD09A545EF223960F95A1B49DBE9C1EDF235F4FAD199CF2A1224A16084E901FD2140ACFA78AF5A8149CDA6C3C82993367C691D38BEDFDAFA79D526DFA1C3D4B4772B14DC5B5F78FA5E9AEDEBD7B3F9E2ABAC52DF986952D3879208996A7A8ACA2D5275AA29A223A5A47608A6546E089536279A7DC86C47B45D08A969FBCB529EE47CB447EAA2EC274EC3CF3FE2DF1D962B979BFA6A84CF3DB51E1968BFE5679288A50167D6AE2D4503C16231D9F74D249595BF7ADEB0C65A831F22BD922D844B0FEDAD7BE566C51CA834DA5BC552ABEA7F8DEE3FB8F7E78210257F9EF98E53656263E54696DA0FF5E0C859187BB10FD8E3614F23BA9D5D9DA0EE15929346DB00CA5D0F5521E9CA245AFA507BF2C17075C655E129CA024556A635F78E185830F3CF0C0EDDBEA3D274D9AB438858571EDFCAF57972ABCD849DD9BA68753C5F1506B5FF9949FC688FE45794515954F5CFA1B154EF44FDA94982F824AF9184ED16F28FACFC472E228BAA116850830D1BF249E8BBE4E5129965FC59707ADFC545DCC1FA7F7F2E0149D8163CA95F767A91C52200F45F9955471AA32825904C4F8ACD1E216E12996D19C56A7AE58861AB16D17CB4A9C2A8D0015FDDF627D4728DAD8A9F9785DF4358AB218DF5F7C3F11662A8723686C9988B2541996E33475B4B2C61562791FBF08D95D2C386DB5B9652805F52753992B8EA914DB7B5C9DD85AF24EFE254F0A4EF0C151DF0313274EBC223A79B6D52098CF3CF34CA1B4936817D1FC9DFE4CA8AEAEFE43E932F1366915880A283FDA8F0EB8310061F97395571345BFA0862AB868CD895360D192908BABE8F2CBC0A3928C809277388FE0131568DC8E8A30825379AB43049A38FACF5B00A2A5229F3F2AD998BFA1ABFB36E78ABF0877D1A21553FC3F79E7DFA840A3628DCA34FABB7434ED55861A23026A84A5F89EE274693E906A948BE8AF1401B9FCAAB7F8AEE27B8F56A9B84A33BEA3F8DE22D844DFBBCD1949BCE2F4CE7AA21CC6984FF9409CF93851D1DA19CFE5174BB4F5F0281DA90CC5FE3AEDABE34BEB1EDBCEBBEFBEDB2A8360C6F71861B9CCBD9D619D57A9F26929DFFAD6B7FE7ADE79E7EDBBFFFEFB6FDB06AD4DCBD38EF895DB6FBFFDC0B6FE3FE337A2D2D1DAF4B493BAB729AD02E3C78FAF6F8DC11AF3A3FA8E2682D5A62E2A88CA38EF9CDED2A2221F366C589532B4E175BFB1705BF9FD45988FFB956531E68B656D4E19DD5499D8D206B7EC8865E8E4934F1E9FFFC86FFCA6DCC891235BFC338E1E3D3AFBF39FFF9CDF7D3ADDFFB2162728938E60FEFB77BFFBDDF5FBEEBBEFB6ADDDEA74E38D372E49EFF7ABF6F83FD3C6BF458EAAD7514F556D4E182A6FC9EA0CB6D432B4A175DF98EFAFA1B19A36F77BDEDC79BBE088E0AD5186FE4F9A8AC12906948D20DE927D9DA20FEA430F3DB4EE7E0A7937749675EFB7EA683177DE79E7034B972E9D7AEFBDF7CE68CDF779E08107662D5AB468C6ECD9B3475BEB004DDB5FA73F134A07BDD92F7FF9CBE295CA2D21862088AB5F63B9254F77A6FDB5E0448BAAAFAFFFF6830F3EB8F5D4A95397B7C6F2A74F9FFE5E0A667138FADDF6FCFD2E804E207E24BD3844405C9178CD35D7343B3C45688A10162D4E25CBABAAAACEE84CFB6BC18916357AF4E8E9757575E75E79E5952BE6CD9BB7AA25971DCBBBFCF2CB97170A85F3D3D1D2146B1BA079FBEB74B01B97C416434D74E28F8B4BCA424FA3C4EBE2F52FBFFCF2BAC752683ABBB3EDAF05275ADC5D77DD357AD5AA55175F78E1858BA64C99B2B02596F9E69B6F2E8CE5AD5CB9F2DAB411DE6E2D03B4CCFE3AFD39230F4FD1F2143FCE7CC71D776CF4EAC672315F74048FD79587AE14CA2EE98CFB6B3DEC68AD23995B860F1FBEF2673FFBD9AF8E3CF2C897468E1C39A4A91DC6D386FD7FC78C1933B050285C926EDF62ED02B4FCFE3ADDBCBEAAAAAA26FA2645C7EEE8341EC38AC4B86E3146560C2D11A38CC7E9B8084B31B8650C3111430E54FC466674D538B7B3EEAF05275AF54866C48811CF3EF6D863373DF1C4136F9C75D6592B0F3AE8A04F6FEEEB9F7BEEB9D76EB8E186DA152B562C4D1BF3F0B4713B3D07D08AFBEBB4AFBD291FA620025484A28AB19836E5E9E8D3D499BB53084EB4F691CCF4F46758DA204FBCEEBAEBCEFAF5AF7FBDDD1E7BEC31E390430EE9B5E79E7B7EA47FFFFE35BD7AF5DA3A1DADAC4847308BDE7CF3CD779F7AEAA9A5AFBEFAEAA0D5AB57CF4BAFFDDD9C39736ED7111CA0EDF6D729FC9C9502D4D046E484A7BBCAFE5A70A2AD36C81831F6DE912347EE3C75EAD413A74C9912C33C6F97A6FCFC5DFEF7AD6CEDB0FCF796366200DA697F5D28144E4C012AF6D7FBA5297EC53DAE6A8EF3727135DE4B5D717F2D38D1A6EEB8E38E59E9CF2F4B1300F6D71D8AABEA0080E6E8D595FE59C10900C803D0C5158F5D9EA6C19B78DD8834FD47C5639DF68C96E0447BFA76C5914A6C685754CC73739A76B0AA005ADD97D234AB81C7F32BE4F21FC48C1F571F5A36ED557A2EBF1FFBF6519D7525E9E3446BAA296D60D191F0A234FD57E9F1FCF6F4D23C734A8FC751CD928AD72F284D00B4AE3DD2F4DB349D98A618FD32AE8E1B540A4335A579E237EE9E2DDDCF47C8DCB5B43F9F503AD07D3E5B3B9693E0048D141BD563A5DBFFABB45155DECE1D9FA67F4BD3DBD9DAA6E118CD369A7FFFBB7424131BF2BD9D7963046847434B07B1FB9502D4D5A5E034B481FD75BECF8EF01457D6ED5516ACBE96A6A969EAB4BFF0E0541DED2D6FFA8D80152D4B3F4F53FF340D4953CFD2067C64B6F632D86BAD2E805631B0147E86974253EC7B0F2B0B55D1F7A9B2DBC44BA55035B5ECF61B59C3A7FB3A0D2D4EB4F6114CF94639B4E27684A30169BA245B7B3A6F45E908A7A6B4E145FFA768617AB6F4FCF1562940AB8856FEE8E0FD9FA56C10FBE0D7D3F4785948AAFCF1BA234A012BCE22443FA85DD3F4C5D2FE5A708226985076BBA15375E5CFEF570A487D4B1B678C421B1D15A7676BFB490D29DB80016859234A4128F6BF734A07AEB1DF7DBEF4FC77D3746E59789A9CAD3D53F0BDD2632F9482D6435927EF522138D11676CE36DD74DBAB74B412D37DA5C7E2BCF955A5DB433BFB510C403B8AC013FD48EB4AFBECCF9442D384B27D70798B533C775869BF7C5FE92037E689D3790F74E615A58F136DE1AC34DDB08979A285697469DE7FDF40A8F77B7500AD23424FF4633AB11486621A927D30C4C0808AF92334D5941DDC869F9702D7A3D907FDA33A1D2D4EB4B638DDF6CFECC32D4EDD1B0842DF4AD3E9D9DA6109762E6D94434BCF0DB22A015A4D9C7A7B3CFBA065BFAE74409B9FAAFB4C45C89A52B15F5F59169EA27BC5B3821334DE7EA58DE9A18AC717671F8CD1547EF412E7CBA79736E0ACF4FC84D2ED5D33431100B496E915F79FAEB8FFABB2DB132A9EBBBDE240F8D9CEBCA204275AD3F31B78FCFC061E6BA8E3F71965B76FB13A01B6485DAA1B853E4E000082136C99AAAAAA6A0B858215B105287D0F056588AE5686109CA0E36C74D5D593962D5B66456C01962F5F1EDFC72BCA105DAD0C21384187B166CD9AC7162E5C38D79A687F8B162D5A502814C62A4374B53284E0041D467D7DFD7D73E6CCE99EFE5A19EDEC9D77DEA9CD3E18705519A2CB94210427E8300E3FFCF097EAEAEA9E7BEBADB7665A1BED27ADFFB76A6B6B5F1D366CD8B3CA105DAD0C21384187522814CE4FFBDCDE4B962C596C6DB4BDE5CB97BF3763C68C3EE97BF8813244572D43344D37AB00DADEEDB7DFBEE0B4D34E9B387FFEFCA3FAF5EB57D7AB57AF3ED64A9B55788B264D9AB4B4BEBEFE8CC30F3FFC696588AE5A86109CA043B9F5D65BA79D7AEAA92FCF9933E7A4DADADAE7B7DB6EBB41555555564C2B9A366DDA3FA64E9D1AA3D69F79D861873DA40CD1D5CB108D670B83763676ECD8C1D5D5D5D7A6E9B3FDFBF77FE5231FF9C88EA9028CC77A593BCD532814562E5DBAF4D5B973E72E5CB060C127D6AC59333D4E711D71C41193952194210427E8C0C68D1B37A4AAAAEA846CED0F68C6EFFCA9F49A2F7E0AE2A56CED6F6BDDD7D93BF12A43CA10000000000000000000000000000000000000000000000000000000000000000000000000000000000000000000000000000000000000000000000000000000000000000000000000000000000000000000000000000000000000000000000000000000000000000000000000000000009DC8FF07188C671913EE4F0F0000000049454E44AE426082, 0);
INSERT INTO `act_ge_bytearray` VALUES ('1dee0f77-34bc-11ed-bd8b-283a4d3b4979', 1, '借款申请流程.bpmn20.xml', '1dee0f75-34bc-11ed-bd8b-283a4d3b4979', 0x3C3F786D6C2076657273696F6E3D22312E302220656E636F64696E673D225554462D38223F3E0A3C62706D6E323A646566696E6974696F6E7320786D6C6E733D22687474703A2F2F7777772E6F6D672E6F72672F737065632F42504D4E2F32303130303532342F4D4F44454C2220786D6C6E733A62706D6E323D22687474703A2F2F7777772E6F6D672E6F72672F737065632F42504D4E2F32303130303532342F4D4F44454C2220786D6C6E733A7873693D22687474703A2F2F7777772E77332E6F72672F323030312F584D4C536368656D612D696E7374616E63652220786D6C6E733A7873643D22687474703A2F2F7777772E77332E6F72672F323030312F584D4C536368656D612220786D6C6E733A61637469766974693D22687474703A2F2F61637469766974692E6F72672F62706D6E2220786D6C6E733A62706D6E64693D22687474703A2F2F7777772E6F6D672E6F72672F737065632F42504D4E2F32303130303532342F44492220786D6C6E733A6F6D6764633D22687474703A2F2F7777772E6F6D672E6F72672F737065632F44442F32303130303532342F44432220786D6C6E733A6F6D6764693D22687474703A2F2F7777772E6F6D672E6F72672F737065632F44442F32303130303532342F44492220747970654C616E67756167653D22687474703A2F2F7777772E77332E6F72672F323030312F584D4C536368656D61222065787072657373696F6E4C616E67756167653D22687474703A2F2F7777772E77332E6F72672F313939392F585061746822207461726765744E616D6573706163653D22687474703A2F2F7777772E61637469766974692E6F72672F70726F63657373646566223E0A20203C62706D6E323A70726F636573732069643D224C6F616E22206E616D653D22E5809FE6ACBEE6B581E7A88B2220697345786563757461626C653D2274727565223E0A202020203C62706D6E323A73746172744576656E742069643D227369642D37334330304634422D314345432D343131462D413344302D44384337334445413233373222206E616D653D22E5BC80E5A78B223E0A2020202020203C62706D6E323A6F7574676F696E673E7369642D33383443443737362D413243312D344236322D424141322D4537353946303338424546373C2F62706D6E323A6F7574676F696E673E0A202020203C2F62706D6E323A73746172744576656E743E0A202020203C62706D6E323A757365725461736B2069643D227369642D32443346323132432D333441312D344439302D384137342D31424237424341424134414622206E616D653D22E983A8E997A8E7BB8FE79086E5AEA1E6A0B8223E3C2F62706D6E323A757365725461736B3E0A202020203C62706D6E323A73657175656E6365466C6F772069643D227369642D33383443443737362D413243312D344236322D424141322D4537353946303338424546372220736F757263655265663D227369642D37334330304634422D314345432D343131462D413344302D44384337334445413233373222207461726765745265663D227369642D32443346323132432D333441312D344439302D384137342D314242374243414241344146223E3C2F62706D6E323A73657175656E6365466C6F773E0A202020203C62706D6E323A757365725461736B2069643D227369642D46423338364330422D453041362D344536412D383439422D35453136313441393936363522206E616D653D22E8B4A2E58AA1E5AEA1E689B9223E3C2F62706D6E323A757365725461736B3E0A202020203C62706D6E323A73657175656E6365466C6F772069643D227369642D35433837394341332D433937332D343930452D414139372D4641414646343931343341332220736F757263655265663D227369642D32443346323132432D333441312D344439302D384137342D31424237424341424134414622207461726765745265663D227369642D46423338364330422D453041362D344536412D383439422D354531363134413939363635223E3C2F62706D6E323A73657175656E6365466C6F773E0A202020203C62706D6E323A656E644576656E742069643D227369642D34333143443542432D323642422D343237452D424338412D34444343333433443642373922206E616D653D22E7BB93E69D9F223E0A2020202020203C62706D6E323A696E636F6D696E673E7369642D44424434414336452D314341342D344435462D394546412D3335343731443631444639353C2F62706D6E323A696E636F6D696E673E0A202020203C2F62706D6E323A656E644576656E743E0A202020203C62706D6E323A73657175656E6365466C6F772069643D227369642D44424434414336452D314341342D344435462D394546412D3335343731443631444639352220736F757263655265663D227369642D46423338364330422D453041362D344536412D383439422D35453136313441393936363522207461726765745265663D227369642D34333143443542432D323642422D343237452D424338412D344443433334334436423739223E3C2F62706D6E323A73657175656E6365466C6F773E0A20203C2F62706D6E323A70726F636573733E0A20203C62706D6E64693A42504D4E4469616772616D2069643D2242504D4E4469616772616D5F4C6F616E223E0A202020203C62706D6E64693A42504D4E506C616E652062706D6E456C656D656E743D224C6F616E222069643D2242504D4E506C616E655F4C6F616E223E0A2020202020203C62706D6E64693A42504D4E53686170652062706D6E456C656D656E743D227369642D37334330304634422D314345432D343131462D413344302D443843373344454132333732222069643D2242504D4E53686170655F7369642D37334330304634422D314345432D343131462D413344302D443843373344454132333732223E0A20202020202020203C6F6D6764633A426F756E6473206865696768743D2233302E30222077696474683D2233302E302220783D223134362E352220793D223231372E30223E3C2F6F6D6764633A426F756E64733E0A2020202020203C2F62706D6E64693A42504D4E53686170653E0A2020202020203C62706D6E64693A42504D4E53686170652062706D6E456C656D656E743D227369642D32443346323132432D333441312D344439302D384137342D314242374243414241344146222069643D2242504D4E53686170655F7369642D32443346323132432D333441312D344439302D384137342D314242374243414241344146223E0A20202020202020203C6F6D6764633A426F756E6473206865696768743D2238302E30222077696474683D223130302E302220783D223232312E352220793D223139322E30223E3C2F6F6D6764633A426F756E64733E0A2020202020203C2F62706D6E64693A42504D4E53686170653E0A2020202020203C62706D6E64693A42504D4E53686170652062706D6E456C656D656E743D227369642D46423338364330422D453041362D344536412D383439422D354531363134413939363635222069643D2242504D4E53686170655F7369642D46423338364330422D453041362D344536412D383439422D354531363134413939363635223E0A20202020202020203C6F6D6764633A426F756E6473206865696768743D2238302E30222077696474683D223130302E302220783D223336362E352220793D223139322E30223E3C2F6F6D6764633A426F756E64733E0A2020202020203C2F62706D6E64693A42504D4E53686170653E0A2020202020203C62706D6E64693A42504D4E53686170652062706D6E456C656D656E743D227369642D34333143443542432D323642422D343237452D424338412D344443433334334436423739222069643D2242504D4E53686170655F7369642D34333143443542432D323642422D343237452D424338412D344443433334334436423739223E0A20202020202020203C6F6D6764633A426F756E6473206865696768743D2232382E30222077696474683D2232382E302220783D223531312E352220793D223231382E30223E3C2F6F6D6764633A426F756E64733E0A2020202020203C2F62706D6E64693A42504D4E53686170653E0A2020202020203C62706D6E64693A42504D4E456467652062706D6E456C656D656E743D227369642D33383443443737362D413243312D344236322D424141322D453735394630333842454637222069643D2242504D4E456467655F7369642D33383443443737362D413243312D344236322D424141322D453735394630333842454637223E0A20202020202020203C6F6D6764693A776179706F696E7420783D223137362E352220793D223233322E30223E3C2F6F6D6764693A776179706F696E743E0A20202020202020203C6F6D6764693A776179706F696E7420783D223232312E352220793D223233322E30223E3C2F6F6D6764693A776179706F696E743E0A2020202020203C2F62706D6E64693A42504D4E456467653E0A2020202020203C62706D6E64693A42504D4E456467652062706D6E456C656D656E743D227369642D44424434414336452D314341342D344435462D394546412D333534373144363144463935222069643D2242504D4E456467655F7369642D44424434414336452D314341342D344435462D394546412D333534373144363144463935223E0A20202020202020203C6F6D6764693A776179706F696E7420783D223436362E352220793D223233322E30223E3C2F6F6D6764693A776179706F696E743E0A20202020202020203C6F6D6764693A776179706F696E7420783D223531312E352220793D223233322E30223E3C2F6F6D6764693A776179706F696E743E0A2020202020203C2F62706D6E64693A42504D4E456467653E0A2020202020203C62706D6E64693A42504D4E456467652062706D6E456C656D656E743D227369642D35433837394341332D433937332D343930452D414139372D464141464634393134334133222069643D2242504D4E456467655F7369642D35433837394341332D433937332D343930452D414139372D464141464634393134334133223E0A20202020202020203C6F6D6764693A776179706F696E7420783D223332312E352220793D223233322E30223E3C2F6F6D6764693A776179706F696E743E0A20202020202020203C6F6D6764693A776179706F696E7420783D223336362E352220793D223233322E30223E3C2F6F6D6764693A776179706F696E743E0A2020202020203C2F62706D6E64693A42504D4E456467653E0A202020203C2F62706D6E64693A42504D4E506C616E653E0A20203C2F62706D6E64693A42504D4E4469616772616D3E0A3C2F62706D6E323A646566696E6974696F6E733E, 0);
INSERT INTO `act_ge_bytearray` VALUES ('2b637796-2db6-11ed-b237-283a4d3b4979', 2, 'source', NULL, 0x7B227265736F757263654964223A2232623561303162352D326462362D313165642D623233372D323833613464336234393739222C2270726F70657274696573223A7B2270726F636573735F6964223A224C65617665222C226E616D65223A22E8AFB7E58187E794B3E8AFB7E6B581E7A88B222C22646F63756D656E746174696F6E223A22222C2270726F636573735F617574686F72223A22222C2270726F636573735F76657273696F6E223A22222C2270726F636573735F6E616D657370616365223A22687474703A2F2F7777772E61637469766974692E6F72672F70726F63657373646566222C22657865637574696F6E6C697374656E657273223A22222C226576656E746C697374656E657273223A22222C227369676E616C646566696E6974696F6E73223A22222C226D657373616765646566696E6974696F6E73223A22227D2C227374656E63696C223A7B226964223A2242504D4E4469616772616D227D2C226368696C64536861706573223A5B7B227265736F757263654964223A227369642D33414146303639432D394431462D343130392D423544302D463646343846443336463434222C2270726F70657274696573223A7B226F766572726964656964223A22222C226E616D65223A22E5BC80E5A78B222C22646F63756D656E746174696F6E223A22222C22657865637574696F6E6C697374656E657273223A22222C22696E69746961746F72223A22222C22666F726D6B6579646566696E6974696F6E223A22222C22666F726D70726F70657274696573223A22227D2C227374656E63696C223A7B226964223A2253746172744E6F6E654576656E74227D2C226368696C64536861706573223A5B5D2C226F7574676F696E67223A5B7B227265736F757263654964223A227369642D32414546313533312D384330342D343737342D383243372D383245443341374231433642227D5D2C22626F756E6473223A7B226C6F7765725269676874223A7B2278223A3131342E31393939393939393939393939392C2279223A3232377D2C2275707065724C656674223A7B2278223A38342E31393939393939393939393939392C2279223A3139377D7D2C22646F636B657273223A5B5D7D2C7B227265736F757263654964223A227369642D42394239423831362D443945332D344130442D393741322D433530343037344337444637222C2270726F70657274696573223A7B226F766572726964656964223A22222C226E616D65223A22E79BB4E5B19EE9A286E5AFBCE5AEA1E689B9222C22646F63756D656E746174696F6E223A22222C226173796E6368726F6E6F7573646566696E6974696F6E223A2266616C7365222C226578636C7573697665646566696E6974696F6E223A2266616C7365222C22657865637574696F6E6C697374656E657273223A22222C226D756C7469696E7374616E63655F74797065223A224E6F6E65222C226D756C7469696E7374616E63655F63617264696E616C697479223A22222C226D756C7469696E7374616E63655F636F6C6C656374696F6E223A22222C226D756C7469696E7374616E63655F7661726961626C65223A22222C226D756C7469696E7374616E63655F636F6E646974696F6E223A22222C226973666F72636F6D70656E736174696F6E223A2266616C7365222C22757365727461736B61737369676E6D656E74223A22222C22666F726D6B6579646566696E6974696F6E223A22222C2264756564617465646566696E6974696F6E223A22222C227072696F72697479646566696E6974696F6E223A22222C22666F726D70726F70657274696573223A22222C227461736B6C697374656E657273223A22227D2C227374656E63696C223A7B226964223A22557365725461736B227D2C226368696C64536861706573223A5B5D2C226F7574676F696E67223A5B7B227265736F757263654964223A227369642D44323034434141442D344337442D344144422D384334412D444443424246393235384143227D5D2C22626F756E6473223A7B226C6F7765725269676874223A7B2278223A3235392E322C2279223A3235327D2C2275707065724C656674223A7B2278223A3135392E322C2279223A3137327D7D2C22646F636B657273223A5B5D7D2C7B227265736F757263654964223A227369642D32414546313533312D384330342D343737342D383243372D383245443341374231433642222C2270726F70657274696573223A7B226F766572726964656964223A22222C226E616D65223A22222C22646F63756D656E746174696F6E223A22222C22636F6E646974696F6E73657175656E6365666C6F77223A22222C22657865637574696F6E6C697374656E657273223A22222C2264656661756C74666C6F77223A2266616C7365227D2C227374656E63696C223A7B226964223A2253657175656E6365466C6F77227D2C226368696C64536861706573223A5B5D2C226F7574676F696E67223A5B7B227265736F757263654964223A227369642D42394239423831362D443945332D344130442D393741322D433530343037344337444637227D5D2C22626F756E6473223A7B226C6F7765725269676874223A7B2278223A3135382E33353632352C2279223A3231327D2C2275707065724C656674223A7B2278223A3131342E38303933373439393939393939392C2279223A3231327D7D2C22646F636B657273223A5B7B2278223A31352C2279223A31357D2C7B2278223A35302C2279223A34307D5D2C22746172676574223A7B227265736F757263654964223A227369642D42394239423831362D443945332D344130442D393741322D433530343037344337444637227D7D2C7B227265736F757263654964223A227369642D32444341443441392D464145392D343034342D423742352D424241444341343337393239222C2270726F70657274696573223A7B226F766572726964656964223A22222C226E616D65223A22E983A8E997A8E7BB8FE79086E5AEA1E689B9222C22646F63756D656E746174696F6E223A22222C226173796E6368726F6E6F7573646566696E6974696F6E223A2266616C7365222C226578636C7573697665646566696E6974696F6E223A2266616C7365222C22657865637574696F6E6C697374656E657273223A22222C226D756C7469696E7374616E63655F74797065223A224E6F6E65222C226D756C7469696E7374616E63655F63617264696E616C697479223A22222C226D756C7469696E7374616E63655F636F6C6C656374696F6E223A22222C226D756C7469696E7374616E63655F7661726961626C65223A22222C226D756C7469696E7374616E63655F636F6E646974696F6E223A22222C226973666F72636F6D70656E736174696F6E223A2266616C7365222C22757365727461736B61737369676E6D656E74223A22222C22666F726D6B6579646566696E6974696F6E223A22222C2264756564617465646566696E6974696F6E223A22222C227072696F72697479646566696E6974696F6E223A22222C22666F726D70726F70657274696573223A22222C227461736B6C697374656E657273223A22227D2C227374656E63696C223A7B226964223A22557365725461736B227D2C226368696C64536861706573223A5B5D2C226F7574676F696E67223A5B7B227265736F757263654964223A227369642D36393032324245422D303645392D343232352D394142362D443836424545354236363432227D5D2C22626F756E6473223A7B226C6F7765725269676874223A7B2278223A3430342E322C2279223A3235327D2C2275707065724C656674223A7B2278223A3330342E322C2279223A3137327D7D2C22646F636B657273223A5B5D7D2C7B227265736F757263654964223A227369642D44323034434141442D344337442D344144422D384334412D444443424246393235384143222C2270726F70657274696573223A7B226F766572726964656964223A22222C226E616D65223A22222C22646F63756D656E746174696F6E223A22222C22636F6E646974696F6E73657175656E6365666C6F77223A22222C22657865637574696F6E6C697374656E657273223A22222C2264656661756C74666C6F77223A2266616C7365227D2C227374656E63696C223A7B226964223A2253657175656E6365466C6F77227D2C226368696C64536861706573223A5B5D2C226F7574676F696E67223A5B7B227265736F757263654964223A227369642D32444341443441392D464145392D343034342D423742352D424241444341343337393239227D5D2C22626F756E6473223A7B226C6F7765725269676874223A7B2278223A3330332E33353632352C2279223A3231327D2C2275707065724C656674223A7B2278223A3236302E30343337352C2279223A3231327D7D2C22646F636B657273223A5B7B2278223A35302C2279223A34307D2C7B2278223A35302C2279223A34307D5D2C22746172676574223A7B227265736F757263654964223A227369642D32444341443441392D464145392D343034342D423742352D424241444341343337393239227D7D2C7B227265736F757263654964223A227369642D39353034313635392D393231432D343634372D414137452D303037444435333239374241222C2270726F70657274696573223A7B226F766572726964656964223A22222C226E616D65223A22E4BABAE4BA8BE4B893E59198E5AEA1E689B9222C22646F63756D656E746174696F6E223A22222C226173796E6368726F6E6F7573646566696E6974696F6E223A2266616C7365222C226578636C7573697665646566696E6974696F6E223A2266616C7365222C22657865637574696F6E6C697374656E657273223A22222C226D756C7469696E7374616E63655F74797065223A224E6F6E65222C226D756C7469696E7374616E63655F63617264696E616C697479223A22222C226D756C7469696E7374616E63655F636F6C6C656374696F6E223A22222C226D756C7469696E7374616E63655F7661726961626C65223A22222C226D756C7469696E7374616E63655F636F6E646974696F6E223A22222C226973666F72636F6D70656E736174696F6E223A2266616C7365222C22757365727461736B61737369676E6D656E74223A22222C22666F726D6B6579646566696E6974696F6E223A22222C2264756564617465646566696E6974696F6E223A22222C227072696F72697479646566696E6974696F6E223A22222C22666F726D70726F70657274696573223A22222C227461736B6C697374656E657273223A22227D2C227374656E63696C223A7B226964223A22557365725461736B227D2C226368696C64536861706573223A5B5D2C226F7574676F696E67223A5B7B227265736F757263654964223A227369642D44393239454544392D393445382D343339382D383334342D393741443236353437434135227D5D2C22626F756E6473223A7B226C6F7765725269676874223A7B2278223A3534392E322C2279223A3235327D2C2275707065724C656674223A7B2278223A3434392E322C2279223A3137327D7D2C22646F636B657273223A5B5D7D2C7B227265736F757263654964223A227369642D36393032324245422D303645392D343232352D394142362D443836424545354236363432222C2270726F70657274696573223A7B226F766572726964656964223A22222C226E616D65223A22222C22646F63756D656E746174696F6E223A22222C22636F6E646974696F6E73657175656E6365666C6F77223A22222C22657865637574696F6E6C697374656E657273223A22222C2264656661756C74666C6F77223A2266616C7365227D2C227374656E63696C223A7B226964223A2253657175656E6365466C6F77227D2C226368696C64536861706573223A5B5D2C226F7574676F696E67223A5B7B227265736F757263654964223A227369642D39353034313635392D393231432D343634372D414137452D303037444435333239374241227D5D2C22626F756E6473223A7B226C6F7765725269676874223A7B2278223A3434382E33353632353030303030303030352C2279223A3231327D2C2275707065724C656674223A7B2278223A3430352E30343337353030303030303030352C2279223A3231327D7D2C22646F636B657273223A5B7B2278223A35302C2279223A34307D2C7B2278223A35302E3030303030303030303030303033362C2279223A34307D5D2C22746172676574223A7B227265736F757263654964223A227369642D39353034313635392D393231432D343634372D414137452D303037444435333239374241227D7D2C7B227265736F757263654964223A227369642D45363338343437322D444644312D343737362D383343422D314638373333393631424545222C2270726F70657274696573223A7B226F766572726964656964223A22222C226E616D65223A22E4BABAE4BA8BE7BB8FE79086E5AEA1E689B9222C22646F63756D656E746174696F6E223A22222C226173796E6368726F6E6F7573646566696E6974696F6E223A2266616C7365222C226578636C7573697665646566696E6974696F6E223A2266616C7365222C22657865637574696F6E6C697374656E657273223A22222C226D756C7469696E7374616E63655F74797065223A224E6F6E65222C226D756C7469696E7374616E63655F63617264696E616C697479223A22222C226D756C7469696E7374616E63655F636F6C6C656374696F6E223A22222C226D756C7469696E7374616E63655F7661726961626C65223A22222C226D756C7469696E7374616E63655F636F6E646974696F6E223A22222C226973666F72636F6D70656E736174696F6E223A2266616C7365222C22757365727461736B61737369676E6D656E74223A22222C22666F726D6B6579646566696E6974696F6E223A22222C2264756564617465646566696E6974696F6E223A22222C227072696F72697479646566696E6974696F6E223A22222C22666F726D70726F70657274696573223A22222C227461736B6C697374656E657273223A22227D2C227374656E63696C223A7B226964223A22557365725461736B227D2C226368696C64536861706573223A5B5D2C226F7574676F696E67223A5B7B227265736F757263654964223A227369642D34453335463344422D424630322D343639372D393738312D383538433539323933373841227D5D2C22626F756E6473223A7B226C6F7765725269676874223A7B2278223A3639342E322C2279223A3235327D2C2275707065724C656674223A7B2278223A3539342E322C2279223A3137327D7D2C22646F636B657273223A5B5D7D2C7B227265736F757263654964223A227369642D44393239454544392D393445382D343339382D383334342D393741443236353437434135222C2270726F70657274696573223A7B226F766572726964656964223A22222C226E616D65223A22222C22646F63756D656E746174696F6E223A22222C22636F6E646974696F6E73657175656E6365666C6F77223A22222C22657865637574696F6E6C697374656E657273223A22222C2264656661756C74666C6F77223A2266616C7365227D2C227374656E63696C223A7B226964223A2253657175656E6365466C6F77227D2C226368696C64536861706573223A5B5D2C226F7574676F696E67223A5B7B227265736F757263654964223A227369642D45363338343437322D444644312D343737362D383343422D314638373333393631424545227D5D2C22626F756E6473223A7B226C6F7765725269676874223A7B2278223A3539332E33353632352C2279223A3231327D2C2275707065724C656674223A7B2278223A3535302E30343337352C2279223A3231327D7D2C22646F636B657273223A5B7B2278223A35302E3030303030303030303030303033362C2279223A34307D2C7B2278223A35302C2279223A34307D5D2C22746172676574223A7B227265736F757263654964223A227369642D45363338343437322D444644312D343737362D383343422D314638373333393631424545227D7D2C7B227265736F757263654964223A227369642D32423533363346342D443541302D343143342D423632362D453439373635374432314534222C2270726F70657274696573223A7B226F766572726964656964223A22222C226E616D65223A22E680BBE7BB8FE79086E5AEA1E689B9222C22646F63756D656E746174696F6E223A22222C226173796E6368726F6E6F7573646566696E6974696F6E223A2266616C7365222C226578636C7573697665646566696E6974696F6E223A2266616C7365222C22657865637574696F6E6C697374656E657273223A22222C226D756C7469696E7374616E63655F74797065223A224E6F6E65222C226D756C7469696E7374616E63655F63617264696E616C697479223A22222C226D756C7469696E7374616E63655F636F6C6C656374696F6E223A22222C226D756C7469696E7374616E63655F7661726961626C65223A22222C226D756C7469696E7374616E63655F636F6E646974696F6E223A22222C226973666F72636F6D70656E736174696F6E223A2266616C7365222C22757365727461736B61737369676E6D656E74223A22222C22666F726D6B6579646566696E6974696F6E223A22222C2264756564617465646566696E6974696F6E223A22222C227072696F72697479646566696E6974696F6E223A22222C22666F726D70726F70657274696573223A22222C227461736B6C697374656E657273223A22227D2C227374656E63696C223A7B226964223A22557365725461736B227D2C226368696C64536861706573223A5B5D2C226F7574676F696E67223A5B7B227265736F757263654964223A227369642D42323745383235452D453331332D343135392D423332332D374342383737454545433137227D5D2C22626F756E6473223A7B226C6F7765725269676874223A7B2278223A3833392E322C2279223A3235327D2C2275707065724C656674223A7B2278223A3733392E322C2279223A3137327D7D2C22646F636B657273223A5B5D7D2C7B227265736F757263654964223A227369642D34453335463344422D424630322D343639372D393738312D383538433539323933373841222C2270726F70657274696573223A7B226F766572726964656964223A22222C226E616D65223A22222C22646F63756D656E746174696F6E223A22222C22636F6E646974696F6E73657175656E6365666C6F77223A22222C22657865637574696F6E6C697374656E657273223A22222C2264656661756C74666C6F77223A2266616C7365227D2C227374656E63696C223A7B226964223A2253657175656E6365466C6F77227D2C226368696C64536861706573223A5B5D2C226F7574676F696E67223A5B7B227265736F757263654964223A227369642D32423533363346342D443541302D343143342D423632362D453439373635374432314534227D5D2C22626F756E6473223A7B226C6F7765725269676874223A7B2278223A3733382E33353632352C2279223A3231327D2C2275707065724C656674223A7B2278223A3639352E30343337352C2279223A3231327D7D2C22646F636B657273223A5B7B2278223A35302C2279223A34307D2C7B2278223A35302C2279223A34307D5D2C22746172676574223A7B227265736F757263654964223A227369642D32423533363346342D443541302D343143342D423632362D453439373635374432314534227D7D2C7B227265736F757263654964223A227369642D43394146323239352D353141352D343443382D414632302D414134344236343436383433222C2270726F70657274696573223A7B226F766572726964656964223A22222C226E616D65223A22E7BB93E69D9F222C22646F63756D656E746174696F6E223A22222C22657865637574696F6E6C697374656E657273223A22227D2C227374656E63696C223A7B226964223A22456E644E6F6E654576656E74227D2C226368696C64536861706573223A5B5D2C226F7574676F696E67223A5B5D2C22626F756E6473223A7B226C6F7765725269676874223A7B2278223A3931322E322C2279223A3232367D2C2275707065724C656674223A7B2278223A3838342E322C2279223A3139387D7D2C22646F636B657273223A5B5D7D2C7B227265736F757263654964223A227369642D42323745383235452D453331332D343135392D423332332D374342383737454545433137222C2270726F70657274696573223A7B226F766572726964656964223A22222C226E616D65223A22222C22646F63756D656E746174696F6E223A22222C22636F6E646974696F6E73657175656E6365666C6F77223A22222C22657865637574696F6E6C697374656E657273223A22222C2264656661756C74666C6F77223A2266616C7365227D2C227374656E63696C223A7B226964223A2253657175656E6365466C6F77227D2C226368696C64536861706573223A5B5D2C226F7574676F696E67223A5B7B227265736F757263654964223A227369642D43394146323239352D353141352D343443382D414632302D414134344236343436383433227D5D2C22626F756E6473223A7B226C6F7765725269676874223A7B2278223A3838332E3537352C2279223A3231327D2C2275707065724C656674223A7B2278223A3833392E3539303632352C2279223A3231327D7D2C22646F636B657273223A5B7B2278223A35302C2279223A34307D2C7B2278223A31342C2279223A31347D5D2C22746172676574223A7B227265736F757263654964223A227369642D43394146323239352D353141352D343443382D414632302D414134344236343436383433227D7D5D2C22626F756E6473223A7B226C6F7765725269676874223A7B2278223A313230302C2279223A313035307D2C2275707065724C656674223A7B2278223A302C2279223A307D7D2C227374656E63696C736574223A7B2275726C223A227374656E63696C736574732F62706D6E322E302F62706D6E322E302E6A736F6E222C226E616D657370616365223A22687474703A2F2F62336D6E2E6F72672F7374656E63696C7365742F62706D6E322E3023227D2C227373657874656E73696F6E73223A5B5D7D, NULL);
INSERT INTO `act_ge_bytearray` VALUES ('2ecdd3d8-a292-11ee-b602-6e6a773b7536', 3, 'source', NULL, 0x7B227265736F757263654964223A2232656361353136372D613239322D313165652D623630322D366536613737336237353336222C2270726F70657274696573223A7B2270726F636573735F6964223A2253747564656E744C65617665222C226E616D65223A22222C22646F63756D656E746174696F6E223A22222C2270726F636573735F617574686F72223A22222C2270726F636573735F76657273696F6E223A22222C2270726F636573735F6E616D657370616365223A22687474703A2F2F7777772E61637469766974692E6F72672F70726F63657373646566222C22657865637574696F6E6C697374656E657273223A22222C226576656E746C697374656E657273223A22222C227369676E616C646566696E6974696F6E73223A22222C226D657373616765646566696E6974696F6E73223A22227D2C227374656E63696C223A7B226964223A2242504D4E4469616772616D227D2C226368696C64536861706573223A5B7B227265736F757263654964223A227369642D32374144443338342D393433452D344332342D413441422D383431354631303935323636222C2270726F70657274696573223A7B226F766572726964656964223A22222C226E616D65223A22222C22646F63756D656E746174696F6E223A22222C22657865637574696F6E6C697374656E657273223A22222C22696E69746961746F72223A22222C22666F726D6B6579646566696E6974696F6E223A22222C22666F726D70726F70657274696573223A22227D2C227374656E63696C223A7B226964223A2253746172744E6F6E654576656E74227D2C226368696C64536861706573223A5B5D2C226F7574676F696E67223A5B7B227265736F757263654964223A227369642D38383133444639352D354438372D343141332D413335442D363831394531323130313238227D5D2C22626F756E6473223A7B226C6F7765725269676874223A7B2278223A3138352E3337352C2279223A3136307D2C2275707065724C656674223A7B2278223A3135352E3337352C2279223A3133307D7D2C22646F636B657273223A5B5D7D2C7B227265736F757263654964223A227369642D30383843304145362D423135442D343042362D414242332D323742413432394543354335222C2270726F70657274696573223A7B226F766572726964656964223A22222C226E616D65223A22E8BE85E5AFBCE59198E5AEA1E689B9222C22646F63756D656E746174696F6E223A22222C226173796E6368726F6E6F7573646566696E6974696F6E223A2266616C7365222C226578636C7573697665646566696E6974696F6E223A2266616C7365222C22657865637574696F6E6C697374656E657273223A22222C226D756C7469696E7374616E63655F74797065223A224E6F6E65222C226D756C7469696E7374616E63655F63617264696E616C697479223A22222C226D756C7469696E7374616E63655F636F6C6C656374696F6E223A22222C226D756C7469696E7374616E63655F7661726961626C65223A22222C226D756C7469696E7374616E63655F636F6E646974696F6E223A22222C226973666F72636F6D70656E736174696F6E223A2266616C7365222C22757365727461736B61737369676E6D656E74223A22222C22666F726D6B6579646566696E6974696F6E223A22222C2264756564617465646566696E6974696F6E223A22222C227072696F72697479646566696E6974696F6E223A22222C22666F726D70726F70657274696573223A22222C227461736B6C697374656E657273223A22227D2C227374656E63696C223A7B226964223A22557365725461736B227D2C226368696C64536861706573223A5B5D2C226F7574676F696E67223A5B7B227265736F757263654964223A227369642D38433235463932412D444331332D343939302D423544332D453633324244313132364431227D5D2C22626F756E6473223A7B226C6F7765725269676874223A7B2278223A3430302C2279223A3138357D2C2275707065724C656674223A7B2278223A3330302C2279223A3130357D7D2C22646F636B657273223A5B5D7D2C7B227265736F757263654964223A227369642D38383133444639352D354438372D343141332D413335442D363831394531323130313238222C2270726F70657274696573223A7B226F766572726964656964223A22222C226E616D65223A22222C22646F63756D656E746174696F6E223A22222C22636F6E646974696F6E73657175656E6365666C6F77223A22222C22657865637574696F6E6C697374656E657273223A22222C2264656661756C74666C6F77223A2266616C7365227D2C227374656E63696C223A7B226964223A2253657175656E6365466C6F77227D2C226368696C64536861706573223A5B5D2C226F7574676F696E67223A5B7B227265736F757263654964223A227369642D30383843304145362D423135442D343042362D414242332D323742413432394543354335227D5D2C22626F756E6473223A7B226C6F7765725269676874223A7B2278223A3239392E383833373839303632352C2279223A3134357D2C2275707065724C656674223A7B2278223A3138352E3430383230333132352C2279223A3134357D7D2C22646F636B657273223A5B7B2278223A31352C2279223A31357D2C7B2278223A35302C2279223A34307D5D2C22746172676574223A7B227265736F757263654964223A227369642D30383843304145362D423135442D343042362D414242332D323742413432394543354335227D7D2C7B227265736F757263654964223A227369642D32393232414331452D433633392D343741312D423637432D423035463745364239313239222C2270726F70657274696573223A7B226F766572726964656964223A22222C226E616D65223A22222C22646F63756D656E746174696F6E223A22222C22657865637574696F6E6C697374656E657273223A22227D2C227374656E63696C223A7B226964223A22456E644E6F6E654576656E74227D2C226368696C64536861706573223A5B5D2C226F7574676F696E67223A5B5D2C22626F756E6473223A7B226C6F7765725269676874223A7B2278223A3536382C2279223A3135397D2C2275707065724C656674223A7B2278223A3534302C2279223A3133317D7D2C22646F636B657273223A5B5D7D2C7B227265736F757263654964223A227369642D38433235463932412D444331332D343939302D423544332D453633324244313132364431222C2270726F70657274696573223A7B226F766572726964656964223A22222C226E616D65223A22222C22646F63756D656E746174696F6E223A22222C22636F6E646974696F6E73657175656E6365666C6F77223A22222C22657865637574696F6E6C697374656E657273223A22222C2264656661756C74666C6F77223A2266616C7365222C2273686F776469616D6F6E646D61726B6572223A66616C73657D2C227374656E63696C223A7B226964223A2253657175656E6365466C6F77227D2C226368696C64536861706573223A5B5D2C226F7574676F696E67223A5B7B227265736F757263654964223A227369642D32393232414331452D433633392D343741312D423637432D423035463745364239313239227D5D2C22626F756E6473223A7B226C6F7765725269676874223A7B2278223A3533392E3435333132352C2279223A3134357D2C2275707065724C656674223A7B2278223A3430302E34303632352C2279223A3134357D7D2C22646F636B657273223A5B7B2278223A35302C2279223A34307D2C7B2278223A31342C2279223A31347D5D2C22746172676574223A7B227265736F757263654964223A227369642D32393232414331452D433633392D343741312D423637432D423035463745364239313239227D7D5D2C22626F756E6473223A7B226C6F7765725269676874223A7B2278223A313230302C2279223A313035307D2C2275707065724C656674223A7B2278223A302C2279223A307D7D2C227374656E63696C736574223A7B2275726C223A227374656E63696C736574732F62706D6E322E302F62706D6E322E302E6A736F6E222C226E616D657370616365223A22687474703A2F2F62336D6E2E6F72672F7374656E63696C7365742F62706D6E322E3023227D2C227373657874656E73696F6E73223A5B5D7D, NULL);
INSERT INTO `act_ge_bytearray` VALUES ('61e66487-2db6-11ed-b237-283a4d3b4979', 1, 'source-extra', NULL, 0x89504E470D0A1A0A0000000D49484452000003C20000012E080600000045F2AB7D000000206348524D00007A26000080840000FA00000080E8000075300000EA6000003A98000017709CBA513C0000000467414D410000B18E7CFB5193000000017352474200AECE1CE900000006624B474400FF00FF00FFA0BDA793000000097048597300000EC400000EC401952B0E1B000020004944415478DAEDDD0B945D757D2FF03D93840408AF00922A2A1514B056B808487D149610C0166BAA0809516E6905F4B6BACA1241D682252EBC558A166AE9851A0585C40479F9002B446A40508A84477908426C28900704C88B3C482673F7F7E4EC787238930CC9BC32F3F9ACB5D7CC9C39736666EFEFF9EFFDFBFFFF7BEFA2000000000000000000000000000000000000000000000000000000000000000000000000000000000000000000000000000000000000000000000000000000000000000000000000000000000000000000000000000000000000000000000000000000000000000000000000000000000000000000000000000000000000000000000000000000000000000000000000000000000000000000000000000000000000000000000000000000000000000000000000000000000000000000000000000000000000000000000000000000000000000000000000000000000000000000000000000000000000000000000000000000000000000000000000000000000000000000000000000000000000000000000000000000000000000000000000000000000000000000000000000000000000000000000000000000000000000000000000000000000000000000000000000000000000000000000000000000000000000000000000000000000000000000000000000000000000000000000000000000000000000000000000000000000000000000000000000000000000000000000000000000000000000000000000000000000000000000000000000000000000000000000000000000000000000000000000000000000000000000000000000000000000000000000000000000000000000000000000000000000000000000000000000000000000000000000000000000000000000000000000000000000000000000000000000000000000000000000000000000000000000000000000000000000000000000000000000000000000000000000000000000000000000000000000000000000000000000000000000000000000000000000000000000000060A86BB30A18681E7FFCF14FAE58B1E26FCAE51DCB972F1FBD76ED5A2B654BDFE86D6DC5B6DB6EBB78E4C891F77576765E72C82187FC4886902119922119922119922114C2D0FF0DFEF8975E7AE98AD5AB57EF3276ECD862A79D762A76D86187A2BDBDDDCAD942D9792E5BB6AC58B26449B160C182B51D1D1DB3CBF5FCB10F7CE0030FCA1032244332244332244332844218FAA7D1FFCABC79F3CE7ED39BDED4F6FAD7BFBED66347EF993B776EF1D4534FADDE669B6DFEEA3DEF79CFF76408199221199221199221196228196615D0DF66CF9EFDF5050B169CB9FFFEFBB7EDBEFBEE1AFD3E909EE53163C60C9B3F7FFE874E39E594C7AEBCF2CA4765081992211992211992211942210C7DE037BFF9CD87E6CE9DFBCF69F477DC71C7577D7FF5CA45C573BFFD49B1E0373F289E7BE29662D9F3BF29DA878F2A468EDEC3CADB42DB6CB34DB1CB2EBB0C2BD7FF9F9F74D2493F9A3265CA7332840CC9900CC9900CC9900C311438D9807EB578F1E2C999FED3AAD1EF786559F1D4AFBF592C9E7B5FB1E695976B8FAD5C3AAF98FBF0F78B45CFDE6BE5F580EDB7DFBEF8C33FFCC36DCB9DC0B764081992211992211992211942210CBDEC9E7BEE3972F5EAD5AFCB3930ADBCF8F4DDC59A554B5A7E6FE1EC194567A7AB27F68472FDB70F1B36EC6D3366CC384C86902119922119922119922114C2D08BCAC6E6ACB163C7B675750ECCCA25CF76F9B3E9114D0F293DE30FFEE00FF2E1A332840CC9900CC9900CC9900CA110865EB472E5CA03724B80AE74AE5DB3D19FD703DA7376DE79E75DDADBDB8F912164488664488664488664088530F4A2152B56EC9EABF5D1FF468F1E9D7BEBBD5D86902164488664488664088530F4A2CECECE7637871F200DC1BAED304C86902164488664488664088530F4A311DBEEB2D1EF0FDF66B495840C2143C81032042884193C767EC321C5F091AFBE8D405B5B7B31E6CDEF2BDADA875B49C81032840C2143804298C163DB9DDE5836FE07BFEAF1EC0C5EF7D663AD20640819428690214021CCE053DD38BE51E7DAD5C5DA8E57AC1C640819428690214021CCE06AF0E73D7A43B1F8D95FB7FCDE7FFFEA1BC5B2858F5B51C81032840C2143C06BE6A402069CE52FFD7731F7E16B8B35AB9674F99CD52B1715CF3C7075B1CB9E8716BBED3DAE1836625B2B0E194286902164085008B375E958BDA258F8DF3F2F163D7D77B76F0EFFD233F714CB16FEB6D863DF3F2F46EFBEBF95284332840C2143C810B049A6463360CC7BE4BAE2A5FFF965B71BFD4AAD37F4C1A9C5CA25CF5A89322443C81032840C010A61B61E5B7AC107178C408690216408199221E80E53A31930DEF4AEBFB11290216408194286805E6744180000008530000000288401000040210C0000005B1717CBEA079D9D9DC3EFBBEFBE09F7DF7FFF490B162C3864FEFCF93B2D5DBA74C4CA952B8BE1C38777EEB8E38E6B76DB6DB70563C68CB977ECD8B1FF3061C2845F5B6B0000C0E6983469D29E6BD6AC19DFD6D67678F9E581E532B65C4697CBCA72995FD6270F94DFBB6BD8B061D3A74E9DFA8C42981E2F80CB60FDD397BEF4A5BF59B468D176FBEFBF7F71E49147166F7CE31B8BB2E82D468D1A5594C5705B8AE2A79F7E7ACF871F7E78CFBBEFBE7BFC59679DF55CF9E35FF9C77FFCC74BAC450000A03B264E9C38BEFCF0B71D1D1DEF2F0BDD912D9E32AA5CF62ABFB757F9717CF9BC8B264C9830B3FCFADBD3A64D9BA210668BDD78E38D475E70C1053F2C8BDCEDCB7015071C7040316CD8B05727B12C86B3ECBEFBEEC541071D549C7CF2C9C5830F3EF8BA6BAEB9E69F3EFBD9CF9EB16CD9B2A3AFB8E28AC7AD510000A095B2DE48617B596767E7B19BF1E347943F7744F91AA79785F129D75E7BED930A6136CBD4A953A7FCF4A73F3DE9B8E38E6BFBE0073FD8B200DE9814CDE5D276CB2DB7BCE9FAEBAF7FE8AC92D1610000A0D989279E38A1ADADEDD2B298DDB57A2CF5C73BDEF18EE2DDEF7E77B1CF3EFB143BEFBC73B1C30E3B14CB972F2F162D5A54CC9933A7B8E79E7B8AFBEEBBAF58BD7A75F563EF2B7FEEFE8913277E7A308E0E2B847BD90F7FF8C3AB7FF6B39F4DFADCE73E57BCF5AD6FDDA2D73AE698638AFDF6DB6FC445A5B3CF3E7BBB0B2FBCF01FAC610000A05E041F5716C157E794CCAA00CE40DCD1471F5D9B71DA6CBBEDB6AB2DAF7FFDEB8BF7BCE73DB5A2F8E69B6F2EFEFDDFFFBDE8E8E8C8534697AF7575590C8F2A8BE16F0DA675E5AAD1BD68F2E4C997CE983163D279E79DB7C54570E5CD6F7E73F1C52F7E71F8D2A54BCF3FEDB4D33E692D030000F591E01B8BFA60678ADBAF7CE52BB95056CB22B8958C14E7F9F9B95CC7A85216C393CB62F8E30A613629E704DF7BEFBDFFE7B39FFD6C5B7783D75D79BDB3CE3A6BC49A356BFEB90CE47ED63600000C5D3927B8BDBDFDD2AA08DE77DF7D8BF3CF3F7F8362F6B5C8CFE5E7FFF88FFFB8B118BE6C30D51E0AE15E326BD6AC6B734E704F8D0437CBC8F009279CB05DE91A6B1B000086AEB6B6B6C9D539C11909CE69993907784B64CAF4DFFFFDDF3716D399263D59214C972EBDF4D27357AD5AB54BCEE9ED4D79FD1D77DC71EFC1364D010000E89EDC22A92C508FCAE7392738C5EB9616C18DC5F0673EF399C68BFDBE6FB0D41E2E96D50BE6CF9F7F466E913462C4885EFF5DA79C72CAF6DFF8C637CE2E3FEDF32BB995FFE3B96D6D6D0FCF9B37EFA6993367AEB1E591216408194286A0CF33F4B7D527B930D6E64E87EE4A5EEFB8E38ECB45806B5F9745F7E9FD517B288407B8EF7EF7BBFFEBD7BFFEF52EB9E5515FC8BCFDE1C387BF29E7054C9F3E7D4E1FFFBB17946F8462ECD8B12F9F78E2893F686F6F9FB266CD9A3BAFBDF6DA65FDB1EE731EC317BEF085DA7D985BF9C94F7E52FB5EB9BE5EF5BD5C21AFFCDB8B8F7CE4231B3C7ED5555715279D7452B16CD9B262F1E2C51B7CEFAEBBEE2AF6DC73CFE24FFFF44F6B5FCF9E3DBBF63ABBEDB6DB06CF7BEAA9A78AEDB7DFBE78D7BBDED5E5DF9EBF2DDFDF638F3D36FA9CFCEDB9EADF238F3C523BF7235FE7F33FFAA33FDA5ADF32FD9EA1FFFCCFFFAC6DC737BCE10DDD7A7E32919C8C1E3DBA5BCFBFE1861B8ABFF88BBF7855EE9E7DF6D98DFECEE4B1F9675A3D264303A71D4A36F6DA6BAFF56DC2A6240393274FAEB55DDDD9C6DFFCE6378B0F7FF8C31BDDC6316BD6ACE2E5975FDEE0B1679E79A6968F6C73EDD0D0CB907668681D0F356FAFECE7DEFBDEF7AE6F1F5E78E185DAFAB7CF1A78192AD7C7F2F298FEA6B228BEB2BB199A3469D29E1D1D1D47E4F3EA0AD1BDE1D8638FAD6D93FAAD95DED74FB5874278207BEEB9E7FEF6C0030F6C7BADF70ADE12871C72C89A1933661C5F7EFAB57EFAB7B72FDFB093CA37F0A4F2FF5E52BE317E587EFDBD912347CEFCCE77BEB3B2377E618ACB2C9514AA8F3FFE78EDFE67317FFEFCDAF73FFFF9CFAF7FCE8D37DE589C7BEEB9B5F3AB9BDD71C71DC57FFCC77F6C5008A7B0BDFAEAAB6B8570AC5CB9B256487FF2939F2CBEF5AD6FD5762ACD45F7B469D36AD3479A0F4A9B0F3EF35A29ACAB1D401AF4EF7DEF7BC519679CD1E54E67E1C285EB3FFFEA57BF5A5BF2FDFC4F975F7EF9260F8E07B83ECF5025EB7EE2C489C58F7FFCE35A6652306427BBDF7EFBD53A3BD2A9F5677FF667EB9F9F6D9E83CE2CBFFCE52FD7672099CB366BDC86F9F964320715D50E3DCFBFFDF6DB8BDFFDEE77C595575EB94106AB0387071F7CB0F631F7FACB7DFD9295FC1DFFF22FFF52943B45191A6019AAFCE217BFA865A8AB222607A3AB56AD5AFF7595996ADB679B5E7CF1C545F9F7B6DC1679FDD34E3B6D8376AF55874CB276F2C9276FD0D65D70C105B53C6987865E86B443432B43AF3AD02FB777F290ED947D59F6759FFEF4A75B3E7773B2521DE7240BD9FE19109095CD57E665BBF2C30965864E2833B4AC3C3EB9A9FCFABB1BCB50F93E1D5FFE5CADA6CB7A1F33664CAFFC6DB99AF441071D546B87EAFAB3F650080F444B962C39FCFDEF7F7F9FFECEB2F01E533652E3064818772C974F946FE04F948DDECAF20DFCFDD4A03D3D5D68A79D76AA358069A4B3E44DF9F6B7BFBD76E0971DF7AEBBEEFAAA83BEEA20A2B180AE6487FF96B7BC6583C752047FED6B5FAB153CA79E7AEAFA5ECD7C9EDF939D40EEB7D6B8B34923DFFCFAE9798DEC1CD288447634F99DD5CC811C64ECBDF7DEEB772C69FCF3FB5358E775B373C8EB6447921D47764CD5CE2223D059171BEB79DDCAF44986B2AE1F7BECB1DABACCC14176D85987D926792C07A2CD1D1B175D74514E47A87D3F0548638F7A5E2F9D318D72C091FC247779DD6CB3FC8E8CE05C76D9651B3C37DFCBC144B6753A6472C0511D0C271FF93C99A8C850FF67A8AB0385AEA44D4A3B904EB6ACF37498A62DAB0AD6E424F76D6C940EBA6A9B649B56DB370550F276CE39E7B4DC66E9D06994B6A9F97932343432A41D1A7A196A94BC7CE2139FA86565C18205C53BDFF9CEDA315232946DD59359C9CFE41848567A4C2E4C35A1FC38A15C0FAB264C98707D59F05EDB9CA1F2B1C3ABCF0F3DF4D05EFD83F2FA0D85F0E10A6136F0FCF3CFEFD16AC4B13765DE7E4747C73B07E0EA1855BE814F2E3F9E3C76ECD8F48CDE5ABE59BFDD133DA33950C89291BC4C01496399C224BD96F7DD775FAD81CC0162B34CC3C94E21D3069F7CF2C9E2BFFEEBBF6A8D6B760E29721A7B25D3F8967F77ED777CEC631FAB35C0E9B9CC6369B8737FB534D88D072D8D072495EC0CD2D8672750154ED91964C75135EAF95DD9A1547F734624D38B5A35F0F97E6D85967F6B46A27FFEF39FD71ECBDF5D49C196BFF3031FF8C0607A4BF55A86B25D524C641B649DA6873C070055319BF59BAB2E368EB8255B996590DEF24DC9F4B2BFFCCBBFAC6DC34B2EB9A4D6931D679E7966ED4024AFDFF8DAC94895BB6428072DC959B292EDDCD8FB2E43032343CD92A7F4966F4C0AD256334722B3564E38E1840D1EABB645B2911194EE4C994D26D22696FB85F58FB51A3991A1C19F21EDD0D0CB50B374F466BBA73DC8F64A1199C236FBB37CECC9ACA440CAB694955E31B25C4E2A737452D99E2F2D8F4D6F2BBFFEB764A85C2F07564F6A1ED4E9693975A3C1815BFB4A5508F7B0E5CB976FB7B1DEDCDE9069526503B77BD9B09E3FC07B468F2FDFC0C7A7212BFFD6D9CF3FFFFC9607B86C300F3FFCF00D1ECB01607A3BBB7A7E1AD5AA27FDD1471FAD1540698C1B0F1AB343A8CE394E239D91E1F454E620343B85144339AFB4715B7735229CDF97C7B2C3A90AE134DE1981CC8E243B96145F29CEAB1D47E374A2C8D4EAAA072ED32123CF4D6F68A4B774DCB8715BB433C8EB0EB50CE50021DB779F7DF6A9ADBFACCF6A9D66FDFEF55FFFF5865DB3DD3C2F38EB32BDE3D941674A5A661164E79FCE931C086426413A55CA1D58ED60A3B1473BFF5BF25715EBD1AA775D86064E3B54C9015A3AC3BA9AB2DC58C8A44D48D1D3D86634FE4CFEBE6C9F6AEA7DDAA86CABE683CB64A2F1948F5B6FBD757D6761A38C24A63DCBA84EF53D191ADC19D20E0DCD0C35CB354A5A75A0354E3BDE92ACC48F7EF4A3F5ED4C5723C25B9295C6FD724F66A595AC9774120CE40CB5B5B5ED50E6677CF9E9F87A87C1DAEA7BBD5D8334BDFE6E0A6136F0CA2BAF0CEBEA624DBDE5EEBBEFCE879C94FCC5AD6855ED9D11D28F7EF4A37DFA4B332A928B91E4FCB94639D7338D6EBE9F46B09AFE9A863C8D6E7AE8AB063D0D78ABD195EC34D29B9A1D402523CE69E8FFE44FFEA4564037CAC8744678AA03D86AC7511DDC363FF757BFFA556D67555DF0A22AAAF3DC740674F7624F5DF9ED6F7F5B0CA50C5D71C515B59DF921871C52BB0A62B6770EFCB253C9F6CDFACC36D99CF59A8C64BBA4B73C07B6D9F1E7B5732051B50FD9E9A730A92EB0D638EA92F393D331B3B19118191A58ED50D66FB67B75DE5BE3B9BC8D3265F9431FFA50971D75D554BFE4A471EA7D66BBE420B5DA7695E603DCEA8280793CF94BCEAA919D6CE7E68324191ABC19D20E391EEA8D7D56061BB28F6CCC45B661B2B2B111E1CDCD4AF6C9D580474F67A5959CA77FFFFDF76F6D195A7F3BDC9EBA655257722BA5C65D8E42980D8C1831624DF9A61DDE97C5F061871D565C7FFDF519CEFC721FFFBBDD69243A3A4BD549FC0DBD59BF3BF8E083B778FE461AC856E7E4B61A114EA39AED9206BCB9273D8D6975B5E77CCC7333B292CFBFFFFDEFAF9FA2138DD3722AD979E4E0A3F92A86F97D390F27E7C4E4C20ED5F9A795EC68F2B766C75D9D4BDCEAB5737E4F8AF114D4CDE7F46407D6133B83B7BDED6D69FCBF34543294D1DE5C5426EBBF9A1E9F1D72665864E79C6D99E9F2D966DD1D096E943C64AA572EB6960C645A7E3A5CAA919E1CCCE65C9B2A77CDA32EAD1E6B75113E19EAFF7628722E6FB651F292C233F96A75EE5A464CAAC7D3F66454A4DACE1991C9056A32FAD27CF5F9193366D4B651B254B57DD96ED5C5FC5AA99EBB2932347833A41D1A5A196A25FBB714A52952B3FD939D5C1FA3F934AEC6AC645B7795956A20A03917F9F94CA1CE4CBB9ECE4AF3DFDA53596925D7F9C9FB6A8066686D19A1B52D3294C76BC5F0D2A54B7BB5185EBE7CF90687E10A619A7B4A5E2E8BA89D721E695FC95495F24DB060DAB469E7F7E5FF3A61C284966FDAF2CD98792B79A36E537E1C567ECC638BCA8F3F2B97A9E5DFFBD39C1353EEE43BB7F46FC8E846F38848E3886C73239F2B22365E71B392063F5783AE464CB264BA4D7618F9994C85CEB9C2D5FA6E5590E7B93900C98E20D3A61B774279BDF4A456537A2A9972545D782B7F7735529D1EC94A1AFB14E51921D854A740F5FB3647762CD3A74F1F5219CA0EBB3A472A57D5CDC16076C095ECF0B34D9BCFDBEC8E4CB9CECF67BDE6A03419C8AC83FC9E6CE78D4DE74A2F7B2EFED6BC7D5B1D34C850FFB743550192CEAEC8685D669E344EADCFBACD73324DB1B1D32EB346F2DCAAA849275C32D85C08E79CD0C603BF4C876E752E6963A75D0E7CD31EB5FA9E0C0D8D0C69878656869A250F5FFEF2976B056E4E05CA71482E8895E3A66A0654B59E739C93E398C6E39FEE66A5BA3B4663BBB53564A595FC0F695BCF3EFBEC0191A12A47F5E2B7BDFCD8DE9CA1723D3C547E6F9F3C37EFFFDE2C84F3FA0D162A8469EE79FB4DD9F01CD69785F0ECD9B39F29DF140FF4F3BFFE4A7A3BCB65DB869EAA9C00F4D372B966DB6DB7FD59D9D82FEA8D3764F3F49BF432A647B8B97731BDCF99BA93F3AFF279D55399063CA37FD9668DD306732E5D0E38D24867879003CF6A343807088D17D7AA7AB6D3C0E7E25D39BFA4DA095517926896863EAF93E7344F3B6B3C78ADBD515B8C0AE475ABF372223F9FC736769FD001AE5F32D46A3D57DB22D3B236F77E7CC94F354D312336F9D85CDC3476D2A4E73D0726C960A67C25B339C0CD014CFE9E4C9DCBF71AAF922943032343D9D6392DA22A5433A292AFB31EABE99F3950CBF508D2B192D928ADB6470A96E6D336D61F6D2C5C581B99C96B669B659A74ABFBD5A77DABAEF49A4CE5A23739A04C1BF7A94F7D4A3B34C432A41D1A9AFBB2AACDC8B64C477F66032453693722B30FD226A4B84D9EB24DD329DC989564A9ABAC440609F2FAE978C82C85FCBEFC9CACF4888CF0AE2EF3531B79A9E7A8CB0C9545F40355219CDB5CE522BABDA569B0E981AD7D452B847B58F986FFF1430F3D7468D928B4F7D5EF2C1B9B97CA0FB7F7F3BFBE4D43637F5DB9DC5CEEB46FEAEDAB216E6C44388D65353DECB6DB6EAB1D4054A37D99EE9CE234C56D1AFBC62B2756F2FCF4CA6774378D771ADA4C57AB0AE25C4C22E7FD36DEA629AF95C7D3C8E7A035072B5D69BE1053ABA968958CEC344EF9CE6BA7F736C5786E95911D411EAB6E38BF95EAF30C65FB54232939D86BDC8EE9044987CAA6AE105D5DD4A8F1C223D9F1E7C220D95EB982E391471ED9F28022070D794E729C7340B34DAB03E1AAF32407035536F2FCEA5C3E191A1819CAB9E6596FCDF7E5BCF4D24B6B53ECD23996EF559D651995A92ECA9676243F5B152ECD53451BA5E8CDE848DAA08CD27595CBB44779ED8CFC54B77ACB36CFA850F293F6ACB1634E86066F86B44343EB78A859A616E778A5B1A0AC729242386D4466BA55597A2D59C9F752E8E6F59B9FD798951C0B25A3559E64A5DBDAEB4570B7325416CDB797CF3FBE5E13BCEA22B23D5C73347E79FBD6BEA215C23DACDC395C356BD6AC734F39E5946D5B9D1BD11BEEBFFFFE5DEB6F947E91291AE58799EDEDEDD50DBF7BB5A7B3F16AAA19AD6B1E11AE1AE56A7A589E97D1DEEA52FFE9BD6CEC314F43DD381DB6B131CF81487A2DB3D3C8ED96B2E3A8AE3A9D2B49A7806EBE5F710E58F237E68022579ECE34A46EE466A3F7C2CB74EE4C89CB7982918B79A5C8CFDF921D59353ADD7C219DAD455F67A8921D6F958514088D530ED38B9E6553B20D92AD6C83141B5576728050EDFCB3434F8F7C1E4F4193CFAB298C29BA93A1F3CE3B6FFD6BA697BDCA71B2545DC4A67A7EAB031419EAFB76281D6A8D23768DB2ED33D52F2372D5D5711B651B671AECDFFDDDDFAD7F6C53EB3E233A298053E06634A6F9F9C9403A74722E5F2E7253E52F6D5E0AE8FCCE740A361F8CCAD0E0CC907668E8ECCB5AA9EE279D6D97532BD26E34CA35521A6FC1F55AB2926D9F36A63B594921DBEA7CDEA19E959ECC50B91E7FD0D1D171713ECD31EB8B2FBE588C1933A6376A9CF5331EEBAEDBDAD7779BD2B5E79D7EFAE9F79E76DA69EFDAD4BD007BA867E6E18B2FBE78F1F4E9D3DFD7D7FFE7840913CE6D6B6B9B53BE51AFDB9C9ECEB271EBECCE3D31B754776EB85E9DBBDBD5549C3CDED5F736766E4A776FF6BEA9D7792DAFB5B9B2D31A376E5CDB50CF500E38ABABF66E4D646860B7433DBD3D5A6DEFEE64408664483B2443B232F8323471E2C41965117D543E3FEEB8E38A499326F5F8DF58D61AB5BB6CD4DD597EFDFEAD3D8746847BC192254BBE7CD555574D39E08003B6EFED51E1CB2FBF7C78F9C6B9BC3FFECFF20DF0E5AD22E4DD684437F69C8D35D49B6AC4BBDB8077E7E075201DEC0CE60C6DCE15A2070219DA0A77C05BB03D5A6DEF2DEDBC91A1A19521ED900CC9CAA0CAD0BF964BAD10CE6C8074ACF4E4B9C24F3FFD7471D34D37ADFFBAAC3DFE6D30ACF7766FC59E376DDAB41F2C5EBCF8919B6FBE79556FFE9EB2D8BE63C58A150BE7CD9B37DD5A070080A1597B941F66E6F35C1836174ACCAD947A426E9994FB48E775EBEE1C2CB58742B897AC5CB9F2C41B6EB861E5134F3CD1D11BAF3F7BF6EC39B7DC72CB7E6D6D6DA7CE9C39738D350E000043D62945FD964673E7CE2DBEFEF5AF6F71319C223845754684EB960DA6DA4321DC4BA64F9F3EA72C863F75E185172E7DFEF9E77BF4B5172C5830FFFCF3CF1FD1D9D9F9B969D3A63D666D0300C0D0AE3DCADA205740AB15A9B9CA772EDADA50C4BE26F9B9FCFC430F3DB4FEB1B208FEF460AA3D14C2BDE89A6BAE99FEF2CB2F9F71CE39E7BCD45323C3E5EB3C7AE6996776AC5EBDFAD2328853AC65000020B547F9E1D4AA18CEC87059871453A74EAD5DF5B93BF2BC5C182B3FD758449745F63983ADF670B1AC5E5606E93B279E78E2CAF3CF3FFFFF7DE4231F593D7EFCF8D76DE605B4D67CFBDBDF9E71DB6DB71D5406F10B65D0BF63ED020000CDB547F9E9656D6D6D3BE7DCDE5CE82A17D1CAEDB00E3DF4D0DAFDA273EFF01D76D8A136FD39C56FEEEB3C6BD6AC2C9DAB56AD6ABC6A76EEDFF699C1587B2884FB407A67264C9870F70D37DCF0AD9CD77BDA69A70D3FF8E083F7E8EECFDF75D75D774C9E3C79C732943B94813EA20CB8E9D000004097B54759374CAE6EAB948238F7016EBA17702B8D45F09D392778B09E8AA910EE2399B75F7E38AA0CE5F1175F7CF1A7468C1851ECB3CF3E4F1F7EF8E13BBEE52D6FD97ED75D77DD63D4A851C357AC58F1C2E2C58B973DF1C4134FDF71C71DAB1E7BECB17DD6AC599329ECFF3C7FFEFC292E8C05000074A3F61897DAA32C664F2F0BE2235E43ED7767B97C7BB0D71E0AE1BE0FE575E587EB264D9AB4E7A38F3E7AFC238F3CF2DEF2EB838B7573F9B33DB62F9715E59289FCB7E7B9F5200300006C56EDB176EDDAE3CB82B8AA3DC6964B6EE89C69D4B9DAF40343ADF65008F793A953A73E537EB8A4BE000000A83DFA88AB46030000104366A054210C000030B864FAF3F8A6C7AE2CD64D87DE98C9E5B2D750288C15C2FD6FE77239BEE9B1639B823BBA5C2EEB46700100003E5CAC3BEFB7D9CA7AFD31BCA1EE38A261195B2F84ABAF2FAA17D5838E7384FBC681E5B25BB9BCA35C72DBA45BEA8F9F5D2E1716EB4E50CFB6A8AECA7658B94C6FF8F914CAD7D7830B0000D09514BA2F97CB9C7A1DB1AC5E478CAD17B77BD58BE42C3FAD3F7F51FD67FF77B9CCAC7FBE4FB97CBEA1465108F39A55BD316BEAC19BD9226845BD583EAE5C8EAC077742B97CB55CF62D97EFD40BE9048FF3AADE000004EE49444154F20756290000D0C2E78A7583686796CBC3F562B755ED51B9B65CFE6FFDF3AA588E0CDA9D5A2ECF0CC695646AF4C030BAFE7161BDC87DA05EF88EAC0778763D9029844F2C97BFB2CA0000801646D56B87E1F522F8B0FAD78BEA1FCF2D361C101D5E2F90B3CC6FFAFC99C1BA928C08F74D91FBBE62DD74844C91DEA3F87D2F4BD5E3F2D172B9B91ED48CF8E61E5E99A2F0423D80CBEA214C20EFAC3F070000A0D997CAE593E5F2B57A2DF258BD089E59FF7E46899BA73BFF55B16E766AEA960CC42D1CEC358742B8F72D2B7E3F1D61783D545508ABE909331B9E9F93D1A7D70BE484764EB16E2478CFFA92C7BF6AB50200002D5C54AF39727E70669A9E5EAC1B74AB8ADF4C79FE60C3F3FFB55CAE2B9769E5F264B16E202EB3546F1ACC2BC9D4E8BEB557BDB0DD54E17C54B16E94F867C5BA9E99510D05F3DE858B66010000ADE50257E715EB06D752FC2EAED715553D31BFE9F9D7D58BE7AF3714C1171783FC8E354684FBD6BB8B75E7FE6ECC9462DDA86FA651A717A7795EFE1AAB110000E8C2A78A7503678F15BF9F797AC446EAC19C337C4DB9DC5B7F6C59BD98BEB6FED8BF159B1ECC5308B3D1405ED8CD423645F021E57241BD10DEB721BC3B5B95000040176EAA17C19561C586A7621ED65057E43EC25FAB17BF515DC437E7148FAB3F77CE605C490AE1BE31BE58779EF09C4DACFF51F5305E5EACEBC5F97CBD009ED510DE03AD4E0000A00B8F357D7D5ED3D75F6D2876A7377D6F62D3D7770FD695A410EE1B5DDDF7F7134D5FAF6CF1DC994D5F5F6275020000BD60C89C86E962590000000C290A61FA4D5B5B5BC7DAB56BAD8801A0BE1D3A64081942866448866448865008432FDA669B6D9E5ABA74A915310094DB615EF9E17E194286902119922119922114C2D08B3A3A3A7EB478F1625DA003C0F3CF3FFF3FC5ABCF47972164081992211992211942210C3D69F5EAD5DF9D3B77EECACECE4E2BA37FAD59B060C1AEE5C7EB65081942866448866448865008432F3AFAE8A31F58BB76ED7DCF3EFBEC1A6BA3FF3CF9E493BFE8E8E898336EDCB8BB65081942866448866448865008432F7BE595574E9D3367CEF2254B965819FD60E9D2A54FCE9D3BF7EDE50EF80C194286644886644886644886182A865905F4A72953A62C3CF9E493EF7DE185178EDD69A79D468D1C3952E74CDF35FA8F3CF8E083A3CA4F3F7DF4D147DF2943C8900CC9900CC9900CC9100A61E823575D75D5EF3EFEF18F3FB060C1820F777676CE2D7700BBB4B5B55931BD67D9E38F3FFE93279F7C72DF34FA471D75D44D32840CC9900CC9900CC9900C319478773160DC72CB2DFBB5B7B75F3C6CD8B00377DD75D727772FEDB2CB2E7B978F0DB776B64CB9435DBC68D1A287E7CD9BF7C28B2FBEB8EFDAB56B9FCEF49F638E39E6611942866448866448866448865008433FBBF5D65B0F6C6B6BFB68F9E911E57270B98CB256B6582EC0F140B1EE9600D70FF60B41C8900CC9900CC9900CC910433D430000000000000000000000000000000000000000000000000000000000000000000000000000000000000000000000000000000000000000000000000000000000000000000000000000000000000000000000000000000000000000000000000000000000000000000000000000000000000000000000000000000000000000000000000000000000000000000000000000000000000000000000000000000000000000000000000000000000000000000000000000009BF4FF013B4C560F32D55C290000000049454E44AE426082, NULL);
INSERT INTO `act_ge_bytearray` VALUES ('8dbf6669-a292-11ee-b602-6e6a773b7536', 2, 'source-extra', NULL, 0x89504E470D0A1A0A0000000D494844520000026A000000EB0806000000D9A1BA2B000000206348524D00007A26000080840000FA00000080E8000075300000EA6000003A98000017709CBA513C0000000467414D410000B18E7CFB5193000000017352474200AECE1CE900000006624B474400FF00FF00FFA0BDA793000000097048597300000EC400000EC401952B0E1B0000165A4944415478DAEDDD0B94D655DD2FF0FF5C6040540AC1C8C8A83441AC78D3651E35346F9847ACD41204395AAF996FD6D165BE65CB0B9D3CD97AD5F5DAB1BC2C4A3A884992229825F2A620E4F2AE08DE15064418EE30DC868199E7DDBFC779660DC36023CC153F9FB5FEEBB9F0DCD8CFECFD7CFFFBBFF7FE67190000000000000000000000000000000000000000000000000000000000000000000000000000000000000000000000000000000000000000000000000000000000000000000000000000000000000000000000000000000000000000000000000000000000000000000000000000000000000000000000000000000000000000000000000000000000000000000000000000000000000000000000000000000000000000000000000000000000000000000000000000000000000000000000000000000000000000000000000000000000000000000000000000000000000000000000000000000000000000000000000000000000000000000000B4832245007466B95CAEDB82050B2ED9B061C3A84D9B361DB271E3C66EB5B5B50A66777F1C8A8A72656565ABBA76EDFAF4D6AD5B6F3CF6D8631F532A20A801345B0A68DF5FB972E54D5555557BF5EDDB37EBD9B367B6CF3EFB64C5C5C50A673745D84DE137ABACACCC2A2A2AAA6B6A6A5EDDBC79F3A8A14387CE533A20A801BCAF458B163D307FFEFCAF1F78E081D901071C103D400AA5152D59B2242B2F2FDF9CCBE5469C70C209539408B48D12450074C69096B6AF0F1C3830EBD3A78F90D606A2A7B257AF5E5D962F5FFE3F478D1A3577FCF8F16F281510D400B613873BCBCBCB2F8F90B6EFBEFBEEF0EF5B362CCB2A5E999C55BC3A255BB9E0B16CD39A0559598FFDB3D2B27D15DE6EEADAB56B84B5B28A8A8AD3468E1CF9D0840913962B15685D0672009D464C1C88316971B8736721ED9DE7EFCC36AC7C3DABADA9CE72B5DBB24DABDFCE163DF7FBACAAF25D05D8027AF4E891F5EFDFBFB6A4A4E4FF290D10D400EAC5ECCE98381063D29AB27AE1AC6C5BF5C61DEE8FD0B672C10C05D842FAF5EBD7ABB4B4F4E0E9D3A71FA534405003C88B25386276E7CEC6A46D7E9F5EB3E86DA3E5ECBFFFFE15E9E22C2501821A405EAC93164B70EC4CAE66EBCE9F9CB3B65A4BEADDBBF727D2C5F14A025A57A922003A8B58CC36661FD2FED2F7F0F174D1474940EBD2A306741AB108ABC56C3BC88FC77BDF839D7D10D4009AA74BF78FEEF4DF4ACBF4C401821A40BBE975E0D15969D71E3BDC5FD2A57BD6EB53C72A20405003682F7BF71998F5E87D4893F7EFB3FF200504086A00EDA966EBE61DEEDBB665BD8201043580F652BD7145FE0C041B56BCBAC3BF6D5CF566B6E8D9B1F9C700086A006D68DD92E75348FB5DFEBC9E3BB369EDC2ACFCE9DBB2358B9EC872D654033A0953AB814E2B7AC896BDF1D77C8F5973C4A9A4E2F1EB57BC9AEDFFB9D3B26EF9A5C0003A2E3D6A40A7153D64CD0D690D45CFDBC267EE508080A006D05AA2876C57E56AB72940A0C373E813E8B4069C749D4200F6687AD400000435000004350000410D0080D66232011DCECC99334F7BEDB5D72E5AB972E5FFA8A8A8F848656565E9962D5B8A4A4B4B733D7BF6ACE9D3A7CFCA5EBD7A3DFDE94F7FFA8661C386CD5662007B86912347F6DBB66DDB378A8A8A8E4B3707A7AD6FDAF64E5B55DA2A72B9DC8BE9DFFE51525232F1EEBBEF5E2CA8411BFACD6F7E73D5F2E5CBFF7DF2E4C9FB0C1C38303BF1C413B34F7EF293590A6559B76EDDB2AAAAAAA2F5EBD797BEF3CE3B7DE7CD9B77C6DFFFFEF733AEBCF2CA35656565FF3166CC985F294180CE69C48811DF48173FA8ADAD1D928258D7261ED22D6DFDD3BFF54F97DFA8A9A9B961F8F0E133D2EDDFDF73CF3D1304356845E3C68D3B6AFEFCF97F59B870E17EA9E2655FFCE217B3B4B7B4632D4D612DB63E7DFA645FFAD297B2D1A3476773E6CCF9E8BDF7DE7BFD65975DF6A3EEDDBB9FFACB5FFEF225250AD039A4363FC2D7EDB95C6EE82E3CFDF8F4BCE3D36B5C9482DB0593264D7A4B508316F6DBDFFEF6C6279F7CF2B2D34F3FBDF86B5FFB5A9301EDFD44A88B6DDAB4691FBFFFFEFB9F1F3366CC557AD7003ABE73CE3967787171F1ADB5B5B51F2DDC17BF01871D7658F6E52F7F393BE8A083B28F7CE423D93EFBEC936DDAB4295BBB766D565E5E9E3DFDF4D3D9F3CF3F9F6DDDBAB5F0B463D3F35E183162C4C57B62EF9AA046BBF9E31FFFF89F4F3CF1C4FFBEFCF2CB8B0E3EF8E0DD7AADA143876603060C28B9F1C61BFFEFCF7FFEF3BDAFBDF6DAAB943040870D69A7A790362185B49242408B9DF5534E39257FD4A4B1BDF6DA2BBF1D70C001D9D1471F9D0F6D0F3DF450F6B7BFFD2DABA9A98987EC9DCBE5EE4A61AD5B0A6BBFDB93CACAAC4FDAC54D37DDF47F22A45D73CD35BB1DD20A3EF5A94F65E9F58A972F5FFED34B2FBDF4074A19A04386B4E8497B2005AB7C488BF075FDF5D7C7448226435A53A2A72D1E1FCF8BB1CC05E935C7A6B0364A5083DD3066CC98435F7FFDF59FFDE8473F2A6A6EA56CAE78BD2BAEB8A264C3860D375D78E18583943640C71163D24A4A4A6E2D84B4430E39247E13B60B5B1F443C2F9EFFF9CF7FBE6158BB2D85B501821AECA28D1B373E3C6CD8B09296EA496B2C7AD6CE3EFBECB2D2D2D2FB953640070A1DC5C5BF2B8C498B9EB4CB2FBF3C3F066D77C421D14B2FBDB461D88BC3A0630535D805575F7DF5F75205EA1763CA5A53BC7E8F1E3DFA8F1E3DFA7F297580F6174B70A49076625C8F316911AE7637A4350C6B3FFCE10F1B4E483B764F39042AA8D1A6AAABABAF4995A7A84B972EADFE5E29A475DD7BEFBD4D2AE840860F1F7E5534D6C71F7FBC894CF0E1ABBFF5638763E2C0AE1EEEDC9978BDD34F3FBDFE762E97BB684F28778D256D26ED3DF5DFB871E3C763398DB6503766E18018133171E2C472DF4087F08BD478661FFBD8C7369F73CE398F141717DFBE6DDBB6D993264DDAD09E1FEA1FFFF8471C92CFCF382BF8EB5FFF9A3F8C9E3E6BD6BB77EFED1E3F67CE9CACB4B4344B3B023BDC1F7FDFF1BCC61E7FFCF11DEE7BEDB5D7B273CF3D7787D769E8965B6EC92EB8E082F77DCC6DB7DD96FFEC9FFDEC67B3975F7E391B34E8BDE1990DAF430BD6DF4DA9FE4E4DF5F7FF37B7FEC619076A6B6BBF1AD70B333C5BC3A9A79E9AAFBB754B771CBB27B4FF7AD46833E987E6DF060F1E5CFC41D74ADB1D471D755497AE5DBB0E57FA1D4B515151F7B47D3D35FA7F4B7F0F15A9319D94F6D44F3DFFFCF3BBB5C7E7993C79723E60A51F9DFAFB56AE5C995F60F9EAABAFCE5F6F1CC822043515C6366C68FA37EBAEBBEECA860C19B2DDF6CC33CFE4DFA3A1D75F7F7DBBDB3D7BF6CC9E78E289FADBF119DF7DF7DDED1EB36CD9B27C700C3FFEF18FEB3F431C0AAAAAAAF207474BD7DFBDD236BCAEFEBE9BEAEFDDFFACFEC669A10A1308A2AEC519675A43CC068D05D11B38BBB397B71E35DA4C7575F5D058C8B02D0D1A34A8CBAC59B34E4B572D82DB71F588C63435E267A750519D1AFDA9E947E0EEA54B97FE65C68C19DB5AF38D632DA60841118E227CBDFDF6DBF53D506FBCF1463E447DE52B5F89D39B65975C72C9763D6B118E162E5CB8DDEBAD5BB72EDFF315AF1B3F188D357E7C04AA42C02AB8F7DE7BB3E38E3B6EFB863A3DA6D0233773E6CC6CD5AA55D9CD37DF9C7F7E5C8FCB088EF1F9FBF5EB57DFFB163D6CF17F8870D7F87DA085EC9BB67353FD3D37D5DFAAD8E94AF5F7FEC6F5B7EEDC9D79471E7964AB7EA078FDA79E7AAA7033DEF746410D9A61CD9A35FD9A3A24D49A62CC426A3B062AFD4EA36B21B4F5EDDB7763DA4B9F996EDF52565636E30F7FF8438B770D4598DA6FBFFDB2134E3821DF7375F1C517E7C354FC9DC60AE8B13A7A5C8F20D7F8F0671C126DFCF73C6CD8B0FCEB45F86B7818351C78E0813B04B52F7CE10B3B7CA60856D1DB5610C12C02D731C71C93BF9DCA22FFB9EA7A29EA7BCFE2F3F7EFDFBF3E8036EC1DFCD6B7BE950F766D5DFFF8D0891EB5F352FD3D2FD58FF529B44D4F016D6CD4DFD40E0F2E3CE8339FF94CAB7E88423DA833B8B317AAA0469B4915759FA67A195AD3962D5BE207AB576A30C6F8063A9D1EA9C18FDED0D3E2F05DFA0ECB57AC58D1E26F3269D2A4ECAAABAECA1F263CFCF0C3F3D72FBCF0C2FA1EB50857B1A866AC80DE30E0C5FD8D8357DC1FE3635E7AE9A5ED82DAF8F1E39B1C2B16E1EB9BDFFC66FE33147ABCAEB8E28AECA73FFD6976DA69A7E56F2F5AB4287FA8337AD4DE7AEBAD7C0F5A21A8C5FBC516212D7AD2229C157A092330C6EDF8FFC4EBB574488BC3C1711A1F758BA6A48016D339CF4C75F8CCBAC3EFB50DEB496B6AF4FABD053568A6AD5BB776693C1EA7B53DF9E49331F327C6625EEB1BE8F4FAC739FECE3AEBAC167BC1C2A1C708561170EEBCF3CE261F1721A8A108517188327ADD0A1E7BECB17C2FDBA1871E9A9D77DE79DB3D3E025D1CCE8C9EB2A953A7E6DF372611845FFCE2173B1C968C3056E8558B1EB542CF5EBED16EF4D80871F1F9E3F3448F60FC481542DE95575E99DD70C30D3BF406B68459B366652FBCF042A66ED14CF563E25B6A498E9D89A53A1AE8D6D90B4E50A3EDFED84A4BABD39E55D7B60C6B471D755476DF7DF7C589E0AEF30D7408CDFD51AFCD1A4D764A7BE8F38F38E288163D661263B97EF5ABF7862FC660FFEF7CE73BF901FE11921A1EFA8C7F0B0D07F2170E451644588A43A8D17B306EDCB8ECBAEBAE6B725C584545C50EC1AFA90019BD7085D7BDFFFEFBF33D64D1CBF7B9CF7DAEFE718F3EFA687E566804B16F7FFBDB3BCC0C8D43A6AD11D2428CDD8B009AC2DACFFD59ABBF0DEB6EDA39AE4DF5B5B451FDADADDB69CED6AF5FDFAA612D4EE0DE40A79F4D23A8D1665240AB5CBB766DEFBE7DFBB6D97BC6789EF463B96AC28409637C03ED6FF8F0E13B6DE853235E931AF3C294E0E2747B6DBAFD5F31B1207D8F0FC718B514A4722DFD9922143DF2C823F9601683F12368C561C686873E1BEC6CE4FF3DEE9F366D5A3EAC350C473D7AF4C89F12A73083B4A9A016BD50279E78E23F0D90A3478FCE5F8FF73FF3CC33F381313E572CE95110C13042651C9A7D3F3B9BDCB03B2200C6ECBA9FFCE427EA96FA1B3B56B1431C0B6416A73ABB43FD4DF5666EFAB7830A7F8FAD19D4E2F51B5829A84133959494CC493F3A27B665504BEF57555B5BFBACD2EFB0AAB3F726106475212D46C63F9CB63F75EFDEFDBF52385BDB9A6F1E3337633667F47EC500E4085985C1FC4DF5A885784C88F16C31F6EBC1071FCCDF2E8C136B6A2C58E175E2FD62624204B80887471F7D74FE3C858DC5C483C22CCF18A31633D822B0C518B5C6F5A771188CDBD1EBF7DC73CFD5DF1763C922D4410B8A60168B95C52192E2BA6DA7F53785BC170B416DFEFCF92DBED86D430D8724242F0A6AD04CEBD7AF9F3A67CE9C63D38F56595BBDE7B3CF3EBB2C05B5C7947E87D5B5AE71FF73DA1E4A21E92FAD31BB7367624C590CE4DF1511D46296672CEB11E12E26AEEC4C4C2C889EBBCB2EBB2CDFFB15A12D7ADF62E240F4D0C54483863D5EB1765B41C3316A0D6783167A0E22C0C5B220051104E3B069BC7684C8E8D98B80F7894F7CA23E64424BEC7BD76DCDAABFB95C6E66DA19CBAF6916634D1B2F41D392E2F51B9829A84133C5DA3A29385DF7DDEF7EB7ACAD16BD7DE69967BAD7352274207158245DCC8895CDEB96DE58DBDE9F298253BE51ACEBA18AF15D2156FD8F40D794EF7DEF7BF95EB2182716B33D9BEA1D8BD99131CE6CF1E2C5F981FD854016870EE3B5E3B9BBDAE315AF15931362966761AC5D9C3FF18C33CEC85FFFEA57BF5A7F58D4C2B7B467FD4DF5EA819A9A9AFF8CABB173B37AF5EA5659F436765E9E7BEEB9182251547757A76FFF8BFCC9D196CE3FFFFCD9975C72C951871F7E78AB27B5175E786159FA617CFB9E7BEE3946C9770C71AEC014D8CB53E3FEE75DE9399B3E7D7AAE71AF524B298C292B8C412B88DB71FF3F5B30766763D21ABFDE07D59CE7B7D782B67178F6E4934FF63BA2FE36CB881123A6A79077525C8F73728E1C39B2C53FE3C48913B32953A6146ECE4EB7BFD2D9CB5D8F1A6D6ACB962D37DE79E79DBF1B3C78F07EADDDAB76FBEDB7C7D49FDB947AC7911ACD0E3BFBB610741A87A2E686AC9D05A5DD9DE5DC9CE73BEB009DA4FEFE366DF9A016EB12C64E574B8E557BE79D77E2707F7D6F5A0A9577EC09E5EE5C9FB4A97BEEB9E78175EBD6BD3275EAD435ADF93EF7DE7BEFBCCACACA254B972E9DA8D4013A46FB9F2E66C4F59A9A9AFCD93262A98E96104B72FCFAD7BFAEA9ADAD2DF4F0CEDE53DA7F418D36972AE8E8C99327E7DE7CF3CD9AD678FD050B16AC9A3265CAFE696FEA5F5BFB5C91007C201764754B662C59B224BBE9A69B763BAC45484BA12FF7EEBBEF160ED36C48EDFF857B4AFB2FA8D1E6264E9C585E5D5DFD83EBAFBF7ECD8A152B5A34AC2D5FBEBCF2DA6BAFADCEE57297A7BDB7D7943640C76AFF53FBFCC374351FA26296724CC289C396BB229E77CD35D7D4CC9D3BB77EAC640A6917EF49ED7F893F1BDAC3CB2FBF3C6FC080012B1E7DF4D163060E1C98EBDDBB77D7DD7DCDB7DF7EFB9D9FFDEC67DBB66EDD7A4B6A0C6E55CA7B9ED1A3478F7162F18E239606B9EBAEBB9C99800FDCFE1F76D86191CC4E4F5B71F4A8C55936366FDE9C5F43B039E3326376E7030F3C90DD7AEBADB9CACACAFA4EA71402AFDCD3DA7F418D76336FDEBC1753585BFCF8E38F9F5A5D5DBDF8D0430FDDAFB878D73A79D38FC5ECB163C77EACA6A6E6CA3FFDE94FBF51BA821A821A1DBBFD1F3468D09BE9EA49454545DD52C0CA9F0DE4E1871FCE9F21246632C784B3F84D8833CCC4E1CD152B566473E7CECD07B471E3C6D5A6C057949E57E8498BF5DC2EDA13DB7F53856857A9524D1C3E7CF8930F3EF8E0D8E9D3A777F9FEF7BF9F1D79E491FD9BFBFCA79E7A6ACE1D77DC511C7B62A9B21F97F6A41CEE04E844ED7F6ABBC71696ED884906B1AE606CFF44C3BDFAD931266D4F1DEE22A8D1EE62CC42BA383955D8B36FBEF9E68B4A4B4BCB0E3EF8E0C543860CE97ED041077D74BFA45B525555B56EEDDAB5EBDF7AEBAD7767CD9A55F5EAABAF7E7AEBD6AD310AF5F7151515134C1C00E8BCED7F0A5B17A5C076FC07C826B33F0CEDBFA04647AAB0B182F49F478E1CD92F85B0B35F79E59558A8F688060F89534F45305B91BD775A903FD7557200F690F6BFB6B6F6EC14D80AED7F9CDC3606ADC502BB315BF4C50F5BFB2FA8D1E1DC7DF7DD8BD3C5CD751B00DAFF0F2DCB730000086A0000086A0000821A0000821A0080A0060080A0060080A0060020A8010020A80100086A0000086A0000086A0000821A0000821AB0273758C5C5B9DADA5A05D101A4EF6161BAD8A624405003C8EBD6ADDBF2F5EBD72B880E60CD9A35F3D2C58B4A02043580BC2E5DBACC5EB76E9D82E8002A2A2A2AD3C50C2501821A405E5555D57F2C5DBA746B2E975318EDAB7CF5EAD55F4C97F7290A10D400F2860C19F2740A692F2D59B24461B4A379F3E64D4FDFC392934F3EF949A501821A40BDAAAAAA51E5E5E59B2A2B2B15463B58BB76ED94D5AB570FABADADBD4C6940EB2B510440673261C28495E79D77DED3AB56ADFA7ACF9E3DBB9595952994360C6973E7CEFD7C5151D1BF9D72CA29B39508086A003B183F7EFCFC51A3463DBB6CD9B26FA4D0B071DF7DF7ED9E2E154CEB299F376FDEA4F2F2F21322A49D74D2497F5124D036B46C40A7356DDAB401C5C5C5BF2E2D2DFD973E7DFA2CEEDDBBF7C77BF6ECD937DDA7707653AC93164B70C4ECCE98381063D2E270E7D0A143E7291D10D4009AED91471E195C54547456BA7A7CDA8E485B37A5B2DB6231DB58276D46DAEE337100000000000000000000000000000000000000000000000000000000000000000000000000000000000000000000000000000000000000000000000000000000000000000000000000000000000000000000000000000000000000000000000000000000000000000000000000000000000000000000A019FE1BA4EF877EDB7584C80000000049454E44AE426082, NULL);
INSERT INTO `act_ge_bytearray` VALUES ('a44c8df2-a322-11ee-ade9-6e6a773b7536', 1, '请假管理.StudentLeave.png', 'a44c8df1-a322-11ee-ade9-6e6a773b7536', 0x89504E470D0A1A0A0000000D494844520000026A000000EB0806000000D9A1BA2B000000206348524D00007A26000080840000FA00000080E8000075300000EA6000003A98000017709CBA513C0000000467414D410000B18E7CFB5193000000017352474200AECE1CE900000006624B474400FF00FF00FFA0BDA793000000097048597300000EC400000EC401952B0E1B0000165A4944415478DAEDDD0B94D655DD2FF0FF5C6040540AC1C8C8A83441AC78D3651E35346F9847ACD41204395AAF996FD6D165BE65CB0B9D3CD97AD5F5DAB1BC2C4A3A884992229825F2A620E4F2AE08DE15064418EE30DC868199E7DDBFC779660DC36023CC153F9FB5FEEBB9F0DCD8CFECFD7CFFFBBFF7FE67190000000000000000000000000000000000000000000000000000000000000000000000000000000000000000000000000000000000000000000000000000000000000000000000000000000000000000000000000000000000000000000000000000000000000000000000000000000000000000000000000000000000000000000000000000000000000000000000000000000000000000000000000000000000000000000000000000000000000000000000000000000000000000000000000000000000000000000000000000000000000000000000000000000000000000000000000000000000000000000000000000000000000000000000B4832245007466B95CAEDB82050B2ED9B061C3A84D9B361DB271E3C66EB5B5B50A66777F1C8A8A72656565ABBA76EDFAF4D6AD5B6F3CF6D8631F532A20A801345B0A68DF5FB972E54D5555557BF5EDDB37EBD9B367B6CF3EFB64C5C5C50A673745D84DE137ABACACCC2A2A2AAA6B6A6A5EDDBC79F3A8A14387CE533A20A801BCAF458B163D307FFEFCAF1F78E081D901071C103D400AA5152D59B2242B2F2FDF9CCBE5469C70C209539408B48D12450074C69096B6AF0F1C3830EBD3A78F90D606A2A7B257AF5E5D962F5FFE3F478D1A3577FCF8F16F281510D400B613873BCBCBCB2F8F90B6EFBEFBEEF0EF5B362CCB2A5E999C55BC3A255BB9E0B16CD39A0559598FFDB3D2B27D15DE6EEADAB56B84B5B28A8A8AD3468E1CF9D0840913962B15685D0672009D464C1C88316971B8736721ED9DE7EFCC36AC7C3DABADA9CE72B5DBB24DABDFCE163DF7FBACAAF25D05D8027AF4E891F5EFDFBFB6A4A4E4FF290D10D400EAC5ECCE98381063D29AB27AE1AC6C5BF5C61DEE8FD0B672C10C05D842FAF5EBD7ABB4B4F4E0E9D3A71FA534405003C88B25386276E7CEC6A46D7E9F5EB3E86DA3E5ECBFFFFE15E9E22C2501821A405EAC93164B70EC4CAE66EBCE9F9CB3B65A4BEADDBBF727D2C5F14A025A57A922003A8B58CC36661FD2FED2F7F0F174D1474940EBD2A306741AB108ABC56C3BC88FC77BDF839D7D10D4009AA74BF78FEEF4DF4ACBF4C401821A40BBE975E0D15969D71E3BDC5FD2A57BD6EB53C72A20405003682F7BF71998F5E87D4893F7EFB3FF200504086A00EDA966EBE61DEEDBB665BD8201043580F652BD7145FE0C041B56BCBAC3BF6D5CF566B6E8D9B1F9C700086A006D68DD92E75348FB5DFEBC9E3BB369EDC2ACFCE9DBB2358B9EC872D654033A0953AB814E2B7AC896BDF1D77C8F5973C4A9A4E2F1EB57BC9AEDFFB9D3B26EF9A5C0003A2E3D6A40A7153D64CD0D690D45CFDBC267EE508080A006D05AA2876C57E56AB72940A0C373E813E8B4069C749D4200F6687AD400000435000004350000410D0080D66232011DCECC99334F7BEDB5D72E5AB972E5FFA8A8A8F848656565E9962D5B8A4A4B4B733D7BF6ACE9D3A7CFCA5EBD7A3DFDE94F7FFA8661C386CD5662007B86912347F6DBB66DDB378A8A8A8E4B3707A7AD6FDAF64E5B55DA2A72B9DC8BE9DFFE51525232F1EEBBEF5E2CA8411BFACD6F7E73D5F2E5CBFF7DF2E4C9FB0C1C38303BF1C413B34F7EF293590A6559B76EDDB2AAAAAAA2F5EBD797BEF3CE3B7DE7CD9B77C6DFFFFEF733AEBCF2CA35656565FF3166CC985F294180CE69C48811DF48173FA8ADAD1D928258D7261ED22D6DFDD3BFF54F97DFA8A9A9B961F8F0E133D2EDDFDF73CF3D1304356845E3C68D3B6AFEFCF97F59B870E17EA9E2655FFCE217B3B4B7B4632D4D612DB63E7DFA645FFAD297B2D1A3476773E6CCF9E8BDF7DE7BFD65975DF6A3EEDDBB9FFACB5FFEF225250AD039A4363FC2D7EDB95C6EE82E3CFDF8F4BCE3D36B5C9482DB0593264D7A4B508316F6DBDFFEF6C6279F7CF2B2D34F3FBDF86B5FFB5A9301EDFD44A88B6DDAB4691FBFFFFEFB9F1F3366CC557AD7003ABE73CE3967787171F1ADB5B5B51F2DDC17BF01871D7658F6E52F7F393BE8A083B28F7CE423D93EFBEC936DDAB4295BBB766D565E5E9E3DFDF4D3D9F3CF3F9F6DDDBAB5F0B463D3F35E183162C4C57B62EF9AA046BBF9E31FFFF89F4F3CF1C4FFBEFCF2CB8B0E3EF8E0DD7AADA143876603060C28B9F1C61BFFEFCF7FFEF3BDAFBDF6DAAB943040870D69A7A790362185B49242408B9DF5534E39257FD4A4B1BDF6DA2BBF1D70C001D9D1471F9D0F6D0F3DF450F6B7BFFD2DABA9A98987EC9DCBE5EE4A61AD5B0A6BBFDB93CACAAC4FDAC54D37DDF47F22A45D73CD35BB1DD20A3EF5A94F65E9F58A972F5FFED34B2FBDF4074A19A04386B4E8497B2005AB7C488BF075FDF5D7C7448226435A53A2A72D1E1FCF8BB1CC05E935C7A6B0364A5083DD3066CC98435F7FFDF59FFDE8473F2A6A6EA56CAE78BD2BAEB8A264C3860D375D78E18583943640C71163D24A4A4A6E2D84B4430E39247E13B60B5B1F443C2F9EFFF9CF7FBE6158BB2D85B501821AECA28D1B373E3C6CD8B09296EA496B2C7AD6CE3EFBECB2D2D2D2FB953640070A1DC5C5BF2B8C498B9EB4CB2FBF3C3F066D77C421D14B2FBDB461D88BC3A0630535D805575F7DF5F75205EA1763CA5A53BC7E8F1E3DFA8F1E3DFA7F297580F6174B70A49076625C8F316911AE7637A4350C6B3FFCE10F1B4E483B764F39042AA8D1A6AAABABAF4995A7A84B972EADFE5E29A475DD7BEFBD4D2AE840860F1F7E5534D6C71F7FBC894CF0E1ABBFF5638763E2C0AE1EEEDC9978BDD34F3FBDFE762E97BB684F28778D256D26ED3DF5DFB871E3C763398DB6503766E18018133171E2C472DF4087F08BD478661FFBD8C7369F73CE398F141717DFBE6DDBB6D993264DDAD09E1FEA1FFFF8471C92CFCF382BF8EB5FFF9A3F8C9E3E6BD6BB77EFED1E3F67CE9CACB4B4344B3B023BDC1F7FDFF1BCC61E7FFCF11DEE7BEDB5D7B273CF3D7787D769E8965B6EC92EB8E082F77DCC6DB7DD96FFEC9FFDEC67B3975F7E391B34E8BDE1990DAF430BD6DF4DA9FE4E4DF5F7FF37B7FEC619076A6B6BBF1AD70B333C5BC3A9A79E9AAFBB754B771CBB27B4FF7AD46833E987E6DF060F1E5CFC41D74ADB1D471D755497AE5DBB0E57FA1D4B515151F7B47D3D35FA7F4B7F0F15A9319D94F6D44F3DFFFCF3BBB5C7E7993C79723E60A51F9DFAFB56AE5C995F60F9EAABAFCE5F6F1CC822043515C6366C68FA37EBAEBBEECA860C19B2DDF6CC33CFE4DFA3A1D75F7F7DBBDB3D7BF6CC9E78E289FADBF119DF7DF7DDED1EB36CD9B27C700C3FFEF18FEB3F431C0AAAAAAAF207474BD7DFBDD236BCAEFEBE9BEAEFDDFFACFEC669A10A1308A2AEC519675A43CC068D05D11B38BBB397B71E35DA4C7575F5D058C8B02D0D1A34A8CBAC59B34E4B572D82DB71F588C63435E267A750519D1AFDA9E947E0EEA54B97FE65C68C19DB5AF38D632DA60841118E227CBDFDF6DBF53D506FBCF1463E447DE52B5F89D39B65975C72C9763D6B118E162E5CB8DDEBAD5BB72EDFF315AF1B3F188D357E7C04AA42C02AB8F7DE7BB3E38E3B6EFB863A3DA6D0233773E6CC6CD5AA55D9CD37DF9C7F7E5C8FCB088EF1F9FBF5EB57DFFB163D6CF17F8870D7F87DA085EC9BB67353FD3D37D5DFAAD8E94AF5F7FEC6F5B7EEDC9D79471E7964AB7EA078FDA79E7AAA7033DEF746410D9A61CD9A35FD9A3A24D49A62CC426A3B062AFD4EA36B21B4F5EDDB7763DA4B9F996EDF52565636E30F7FF8438B770D4598DA6FBFFDB2134E3821DF7375F1C517E7C354FC9DC60AE8B13A7A5C8F20D7F8F0671C126DFCF73C6CD8B0FCEB45F86B7818351C78E0813B04B52F7CE10B3B7CA60856D1DB5610C12C02D731C71C93BF9DCA22FFB9EA7A29EA7BCFE2F3F7EFDFBF3E8036EC1DFCD6B7BE950F766D5DFFF8D0891EB5F352FD3D2FD58FF529B44D4F016D6CD4DFD40E0F2E3CE8339FF94CAB7E88423DA833B8B317AAA0469B4915759FA67A195AD3962D5BE207AB576A30C6F8063A9D1EA9C18FDED0D3E2F05DFA0ECB57AC58D1E26F3269D2A4ECAAABAECA1F263CFCF0C3F3D72FBCF0C2FA1EB50857B1A866AC80DE30E0C5FD8D8357DC1FE3635E7AE9A5ED82DAF8F1E39B1C2B16E1EB9BDFFC66FE33147ABCAEB8E28AECA73FFD6976DA69A7E56F2F5AB4287FA8337AD4DE7AEBAD7C0F5A21A8C5FBC516212D7AD2229C157A092330C6EDF8FFC4EBB574488BC3C1711A1F758BA6A48016D339CF4C75F8CCBAC3EFB50DEB496B6AF4FABD053568A6AD5BB776693C1EA7B53DF9E49331F327C6625EEB1BE8F4FAC739FECE3AEBAC167BC1C2A1C708561170EEBCF3CE261F1721A8A108517188327ADD0A1E7BECB17C2FDBA1871E9A9D77DE79DB3D3E025D1CCE8C9EB2A953A7E6DF372611845FFCE2173B1C968C3056E8558B1EB542CF5EBED16EF4D80871F1F9E3F3448F60FC481542DE95575E99DD70C30D3BF406B68459B366652FBCF042A66ED14CF563E25B6A498E9D89A53A1AE8D6D90B4E50A3EDFED84A4BABD39E55D7B60C6B471D755476DF7DF7C589E0AEF30D7408CDFD51AFCD1A4D764A7BE8F38F38E288163D661263B97EF5ABF7862FC660FFEF7CE73BF901FE11921A1EFA8C7F0B0D07F2170E451644588A43A8D17B306EDCB8ECBAEBAE6B725C584545C50EC1AFA90019BD7085D7BDFFFEFBF33D64D1CBF7B9CF7DAEFE718F3EFA687E566804B16F7FFBDB3BCC0C8D43A6AD11D2428CDD8B009AC2DACFFD59ABBF0DEB6EDA39AE4DF5B5B451FDADADDB69CED6AF5FDFAA612D4EE0DE40A79F4D23A8D1665240AB5CBB766DEFBE7DFBB6D97BC6789EF463B96AC28409637C03ED6FF8F0E13B6DE853235E931AF3C294E0E2747B6DBAFD5F31B1207D8F0FC718B514A4722DFD9922143DF2C823F9601683F12368C561C686873E1BEC6CE4FF3DEE9F366D5A3EAC350C473D7AF4C89F12A73083B4A9A016BD50279E78E23F0D90A3478FCE5F8FF73FF3CC33F381313E572CE95110C13042651C9A7D3F3B9BDCB03B2200C6ECBA9FFCE427EA96FA1B3B56B1431C0B6416A73ABB43FD4DF5666EFAB7830A7F8FAD19D4E2F51B5829A84133959494CC493F3A27B665504BEF57555B5BFBACD2EFB0AAB3F726106475212D46C63F9CB63F75EFDEFDBF52385BDB9A6F1E3337633667F47EC500E4085985C1FC4DF5A885784C88F16C31F6EBC1071FCCDF2E8C136B6A2C58E175E2FD62624204B80887471F7D74FE3C858DC5C483C22CCF18A31633D822B0C518B5C6F5A771188CDBD1EBF7DC73CFD5DF1763C922D4410B8A60168B95C52192E2BA6DA7F53785BC170B416DFEFCF92DBED86D430D8724242F0A6AD04CEBD7AF9F3A67CE9C63D38F56595BBDE7B3CF3EBB2C05B5C7947E87D5B5AE71FF73DA1E4A21E92FAD31BB7367624C590CE4DF1511D46296672CEB11E12E26AEEC4C4C2C889EBBCB2EBB2CDFFB15A12D7ADF62E240F4D0C54483863D5EB1765B41C3316A0D6783167A0E22C0C5B220051104E3B069BC7684C8E8D98B80F7894F7CA23E64424BEC7BD76DCDAABFB95C6E66DA19CBAF6916634D1B2F41D392E2F51B9829A84133C5DA3A29385DF7DDEF7EB7ACAD16BD7DE69967BAD7352274207158245DCC8895CDEB96DE58DBDE9F298253BE51ACEBA18AF15D2156FD8F40D794EF7DEF7BF95EB2182716B33D9BEA1D8BD99131CE6CF1E2C5F981FD854016870EE3B5E3B9BBDAE315AF15931362966761AC5D9C3FF18C33CEC85FFFEA57BF5A7F58D4C2B7B467FD4DF5EA819A9A9AFF8CABB173B37AF5EA5659F436765E9E7BEEB9182251547757A76FFF8BFCC9D196CE3FFFFCD9975C72C951871F7E78AB27B5175E786159FA617CFB9E7BEE3946C9770C71AEC014D8CB53E3FEE75DE9399B3E7D7AAE71AF524B298C292B8C412B88DB71FF3F5B30766763D21ABFDE07D59CE7B7D782B67178F6E4934FF63BA2FE36CB881123A6A79077525C8F73728E1C39B2C53FE3C48913B32953A6146ECE4EB7BFD2D9CB5D8F1A6D6ACB962D37DE79E79DBF1B3C78F07EADDDAB76FBEDB7C7D49FDB947AC7911ACD0E3BFBB610741A87A2E686AC9D05A5DD9DE5DC9CE73BEB009DA4FEFE366DF9A016EB12C64E574B8E557BE79D77E2707F7D6F5A0A9577EC09E5EE5C9FB4A97BEEB9E78175EBD6BD3275EAD435ADF93EF7DE7BEFBCCACACA254B972E9DA8D4013A46FB9F2E66C4F59A9A9AFCD93262A98E96104B72FCFAD7BFAEA9ADAD2DF4F0CEDE53DA7F418D36972AE8E8C99327E7DE7CF3CD9AD678FD050B16AC9A3265CAFE696FEA5F5BFB5C91007C201764754B662C59B224BBE9A69B763BAC45484BA12FF7EEBBEF160ED36C48EDFF857B4AFB2FA8D1E6264E9C585E5D5DFD83EBAFBF7ECD8A152B5A34AC2D5FBEBCF2DA6BAFADCEE57297A7BDB7D7943640C76AFF53FBFCC374351FA26296724CC289C396BB229E77CD35D7D4CC9D3BB77EAC640A6917EF49ED7F893F1BDAC3CB2FBF3C6FC080012B1E7DF4D163060E1C98EBDDBB77D7DD7DCDB7DF7EFB9D9FFDEC67DBB66EDD7A4B6A0C6E55CA7B9ED1A3478F7162F18E239606B9EBAEBB9C99800FDCFE1F76D86191CC4E4F5B71F4A8C55936366FDE9C5F43B039E3326376E7030F3C90DD7AEBADB9CACACAFA4EA71402AFDCD3DA7F418D76336FDEBC1753585BFCF8E38F9F5A5D5DBDF8D0430FDDAFB878D73A79D38FC5ECB163C77EACA6A6E6CA3FFDE94FBF51BA821A821A1DBBFD1F3468D09BE9EA49454545DD52C0CA9F0DE4E1871FCE9F21246632C784B3F84D8833CCC4E1CD152B566473E7CECD07B471E3C6D5A6C057949E57E8498BF5DC2EDA13DB7F53856857A9524D1C3E7CF8930F3EF8E0D8E9D3A777F9FEF7BF9F1D79E491FD9BFBFCA79E7A6ACE1D77DC511C7B62A9B21F97F6A41CEE04E844ED7F6ABBC71696ED884906B1AE606CFF44C3BDFAD931266D4F1DEE22A8D1EE62CC42BA383955D8B36FBEF9E68B4A4B4BCB0E3EF8E0C543860CE97ED041077D74BFA45B525555B56EEDDAB5EBDF7AEBAD7767CD9A55F5EAABAF7E7AEBD6AD310AF5F7151515134C1C00E8BCED7F0A5B17A5C076FC07C826B33F0CEDBFA04647AAB0B182F49F478E1CD92F85B0B35F79E59558A8F688060F89534F45305B91BD775A903FD7557200F690F6BFB6B6F6EC14D80AED7F9CDC3606ADC502BB315BF4C50F5BFB2FA8D1E1DC7DF7DD8BD3C5CD751B00DAFF0F2DCB730000086A0000086A0000821A0000821A0080A0060080A0060080A0060020A8010020A80100086A0000086A0000086A0000821A0000821AB0273758C5C5B9DADA5A05D101A4EF6161BAD8A624405003C8EBD6ADDBF2F5EBD72B880E60CD9A35F3D2C58B4A02043580BC2E5DBACC5EB76E9D82E8002A2A2A2AD3C50C2501821A405E5555D57F2C5DBA746B2E975318EDAB7CF5EAD55F4C97F7290A10D400F2860C19F2740A692F2D59B24461B4A379F3E64D4FDFC392934F3EF949A501821A40BDAAAAAA51E5E5E59B2A2B2B15463B58BB76ED94D5AB570FABADADBD4C6940EB2B510440673261C28495E79D77DED3AB56ADFA7ACF9E3DBB9595952994360C6973E7CEFD7C5151D1BF9D72CA29B39508086A003B183F7EFCFC51A3463DBB6CD9B26FA4D0B071DF7DF7ED9E2E154CEB299F376FDEA4F2F2F21322A49D74D2497F5124D036B46C40A7356DDAB401C5C5C5BF2E2D2DFD973E7DFA2CEEDDBBF7C77BF6ECD937DDA7707653AC93164B70C4ECCE98381063D2E270E7D0A143E7291D10D4009AED91471E195C54547456BA7A7CDA8E485B37A5B2DB6231DB58276D46DAEE337100000000000000000000000000000000000000000000000000000000000000000000000000000000000000000000000000000000000000000000000000000000000000000000000000000000000000000000000000000000000000000000000000000000000000000000000000000000000000000000A019FE1BA4EF877EDB7584C80000000049454E44AE426082, 0);
INSERT INTO `act_ge_bytearray` VALUES ('a44cb503-a322-11ee-ade9-6e6a773b7536', 1, '请假管理.bpmn20.xml', 'a44c8df1-a322-11ee-ade9-6e6a773b7536', 0x3C3F786D6C2076657273696F6E3D22312E302220656E636F64696E673D225554462D38223F3E0A3C62706D6E323A646566696E6974696F6E7320786D6C6E733D22687474703A2F2F7777772E6F6D672E6F72672F737065632F42504D4E2F32303130303532342F4D4F44454C2220786D6C6E733A62706D6E323D22687474703A2F2F7777772E6F6D672E6F72672F737065632F42504D4E2F32303130303532342F4D4F44454C2220786D6C6E733A7873693D22687474703A2F2F7777772E77332E6F72672F323030312F584D4C536368656D612D696E7374616E63652220786D6C6E733A7873643D22687474703A2F2F7777772E77332E6F72672F323030312F584D4C536368656D612220786D6C6E733A61637469766974693D22687474703A2F2F61637469766974692E6F72672F62706D6E2220786D6C6E733A62706D6E64693D22687474703A2F2F7777772E6F6D672E6F72672F737065632F42504D4E2F32303130303532342F44492220786D6C6E733A6F6D6764633D22687474703A2F2F7777772E6F6D672E6F72672F737065632F44442F32303130303532342F44432220786D6C6E733A6F6D6764693D22687474703A2F2F7777772E6F6D672E6F72672F737065632F44442F32303130303532342F44492220747970654C616E67756167653D22687474703A2F2F7777772E77332E6F72672F323030312F584D4C536368656D61222065787072657373696F6E4C616E67756167653D22687474703A2F2F7777772E77332E6F72672F313939392F585061746822207461726765744E616D6573706163653D22687474703A2F2F7777772E61637469766974692E6F72672F70726F63657373646566223E0A20203C62706D6E323A70726F636573732069643D2253747564656E744C656176652220697345786563757461626C653D2274727565223E0A202020203C62706D6E323A73746172744576656E742069643D227369642D32374144443338342D393433452D344332342D413441422D383431354631303935323636223E0A2020202020203C62706D6E323A6F7574676F696E673E7369642D38383133444639352D354438372D343141332D413335442D3638313945313231303132383C2F62706D6E323A6F7574676F696E673E0A202020203C2F62706D6E323A73746172744576656E743E0A202020203C62706D6E323A757365725461736B2069643D227369642D30383843304145362D423135442D343042362D414242332D32374241343239454335433522206E616D653D22E8BE85E5AFBCE59198E5AEA1E689B9223E3C2F62706D6E323A757365725461736B3E0A202020203C62706D6E323A73657175656E6365466C6F772069643D227369642D38383133444639352D354438372D343141332D413335442D3638313945313231303132382220736F757263655265663D227369642D32374144443338342D393433452D344332342D413441422D38343135463130393532363622207461726765745265663D227369642D30383843304145362D423135442D343042362D414242332D323742413432394543354335223E3C2F62706D6E323A73657175656E6365466C6F773E0A202020203C62706D6E323A656E644576656E742069643D227369642D32393232414331452D433633392D343741312D423637432D423035463745364239313239223E0A2020202020203C62706D6E323A696E636F6D696E673E7369642D38433235463932412D444331332D343939302D423544332D4536333242443131323644313C2F62706D6E323A696E636F6D696E673E0A202020203C2F62706D6E323A656E644576656E743E0A202020203C62706D6E323A73657175656E6365466C6F772069643D227369642D38433235463932412D444331332D343939302D423544332D4536333242443131323644312220736F757263655265663D227369642D30383843304145362D423135442D343042362D414242332D32374241343239454335433522207461726765745265663D227369642D32393232414331452D433633392D343741312D423637432D423035463745364239313239223E3C2F62706D6E323A73657175656E6365466C6F773E0A20203C2F62706D6E323A70726F636573733E0A20203C62706D6E64693A42504D4E4469616772616D2069643D2242504D4E4469616772616D5F53747564656E744C65617665223E0A202020203C62706D6E64693A42504D4E506C616E652062706D6E456C656D656E743D2253747564656E744C65617665222069643D2242504D4E506C616E655F53747564656E744C65617665223E0A2020202020203C62706D6E64693A42504D4E53686170652062706D6E456C656D656E743D227369642D32374144443338342D393433452D344332342D413441422D383431354631303935323636222069643D2242504D4E53686170655F7369642D32374144443338342D393433452D344332342D413441422D383431354631303935323636223E0A20202020202020203C6F6D6764633A426F756E6473206865696768743D2233302E30222077696474683D2233302E302220783D223135352E3337352220793D223133302E30223E3C2F6F6D6764633A426F756E64733E0A2020202020203C2F62706D6E64693A42504D4E53686170653E0A2020202020203C62706D6E64693A42504D4E53686170652062706D6E456C656D656E743D227369642D30383843304145362D423135442D343042362D414242332D323742413432394543354335222069643D2242504D4E53686170655F7369642D30383843304145362D423135442D343042362D414242332D323742413432394543354335223E0A20202020202020203C6F6D6764633A426F756E6473206865696768743D2238302E30222077696474683D223130302E302220783D223330302E302220793D223130352E30223E3C2F6F6D6764633A426F756E64733E0A2020202020203C2F62706D6E64693A42504D4E53686170653E0A2020202020203C62706D6E64693A42504D4E53686170652062706D6E456C656D656E743D227369642D32393232414331452D433633392D343741312D423637432D423035463745364239313239222069643D2242504D4E53686170655F7369642D32393232414331452D433633392D343741312D423637432D423035463745364239313239223E0A20202020202020203C6F6D6764633A426F756E6473206865696768743D2232382E30222077696474683D2232382E302220783D223534302E302220793D223133312E30223E3C2F6F6D6764633A426F756E64733E0A2020202020203C2F62706D6E64693A42504D4E53686170653E0A2020202020203C62706D6E64693A42504D4E456467652062706D6E456C656D656E743D227369642D38433235463932412D444331332D343939302D423544332D453633324244313132364431222069643D2242504D4E456467655F7369642D38433235463932412D444331332D343939302D423544332D453633324244313132364431223E0A20202020202020203C6F6D6764693A776179706F696E7420783D223430302E302220793D223134352E30223E3C2F6F6D6764693A776179706F696E743E0A20202020202020203C6F6D6764693A776179706F696E7420783D223534302E302220793D223134352E30223E3C2F6F6D6764693A776179706F696E743E0A2020202020203C2F62706D6E64693A42504D4E456467653E0A2020202020203C62706D6E64693A42504D4E456467652062706D6E456C656D656E743D227369642D38383133444639352D354438372D343141332D413335442D363831394531323130313238222069643D2242504D4E456467655F7369642D38383133444639352D354438372D343141332D413335442D363831394531323130313238223E0A20202020202020203C6F6D6764693A776179706F696E7420783D223138352E3337352220793D223134352E30223E3C2F6F6D6764693A776179706F696E743E0A20202020202020203C6F6D6764693A776179706F696E7420783D223330302E302220793D223134352E30223E3C2F6F6D6764693A776179706F696E743E0A2020202020203C2F62706D6E64693A42504D4E456467653E0A202020203C2F62706D6E64693A42504D4E506C616E653E0A20203C2F62706D6E64693A42504D4E4469616772616D3E0A3C2F62706D6E323A646566696E6974696F6E733E, 0);
INSERT INTO `act_ge_bytearray` VALUES ('df289e01-a292-11ee-b602-6e6a773b7536', 1, '请假管理.StudentLeave.png', 'df289e00-a292-11ee-b602-6e6a773b7536', 0x89504E470D0A1A0A0000000D494844520000026A000000EB0806000000D9A1BA2B000000206348524D00007A26000080840000FA00000080E8000075300000EA6000003A98000017709CBA513C0000000467414D410000B18E7CFB5193000000017352474200AECE1CE900000006624B474400FF00FF00FFA0BDA793000000097048597300000EC400000EC401952B0E1B0000165A4944415478DAEDDD0B94D655DD2FF0FF5C6040540AC1C8C8A83441AC78D3651E35346F9847ACD41204395AAF996FD6D165BE65CB0B9D3CD97AD5F5DAB1BC2C4A3A884992229825F2A620E4F2AE08DE15064418EE30DC868199E7DDBFC779660DC36023CC153F9FB5FEEBB9F0DCD8CFECFD7CFFFBBFF7FE67190000000000000000000000000000000000000000000000000000000000000000000000000000000000000000000000000000000000000000000000000000000000000000000000000000000000000000000000000000000000000000000000000000000000000000000000000000000000000000000000000000000000000000000000000000000000000000000000000000000000000000000000000000000000000000000000000000000000000000000000000000000000000000000000000000000000000000000000000000000000000000000000000000000000000000000000000000000000000000000000000000000000000000000000B4832245007466B95CAEDB82050B2ED9B061C3A84D9B361DB271E3C66EB5B5B50A66777F1C8A8A72656565ABBA76EDFAF4D6AD5B6F3CF6D8631F532A20A801345B0A68DF5FB972E54D5555557BF5EDDB37EBD9B367B6CF3EFB64C5C5C50A673745D84DE137ABACACCC2A2A2AAA6B6A6A5EDDBC79F3A8A14387CE533A20A801BCAF458B163D307FFEFCAF1F78E081D901071C103D400AA5152D59B2242B2F2FDF9CCBE5469C70C209539408B48D12450074C69096B6AF0F1C3830EBD3A78F90D606A2A7B257AF5E5D962F5FFE3F478D1A3577FCF8F16F281510D400B613873BCBCBCB2F8F90B6EFBEFBEEF0EF5B362CCB2A5E999C55BC3A255BB9E0B16CD39A0559598FFDB3D2B27D15DE6EEADAB56B84B5B28A8A8AD3468E1CF9D0840913962B15685D0672009D464C1C88316971B8736721ED9DE7EFCC36AC7C3DABADA9CE72B5DBB24DABDFCE163DF7FBACAAF25D05D8027AF4E891F5EFDFBFB6A4A4E4FF290D10D400EAC5ECCE98381063D29AB27AE1AC6C5BF5C61DEE8FD0B672C10C05D842FAF5EBD7ABB4B4F4E0E9D3A71FA534405003C88B25386276E7CEC6A46D7E9F5EB3E86DA3E5ECBFFFFE15E9E22C2501821A405EAC93164B70EC4CAE66EBCE9F9CB3B65A4BEADDBBF727D2C5F14A025A57A922003A8B58CC36661FD2FED2F7F0F174D1474940EBD2A306741AB108ABC56C3BC88FC77BDF839D7D10D4009AA74BF78FEEF4DF4ACBF4C401821A40BBE975E0D15969D71E3BDC5FD2A57BD6EB53C72A20405003682F7BF71998F5E87D4893F7EFB3FF200504086A00EDA966EBE61DEEDBB665BD8201043580F652BD7145FE0C041B56BCBAC3BF6D5CF566B6E8D9B1F9C700086A006D68DD92E75348FB5DFEBC9E3BB369EDC2ACFCE9DBB2358B9EC872D654033A0953AB814E2B7AC896BDF1D77C8F5973C4A9A4E2F1EB57BC9AEDFFB9D3B26EF9A5C0003A2E3D6A40A7153D64CD0D690D45CFDBC267EE508080A006D05AA2876C57E56AB72940A0C373E813E8B4069C749D4200F6687AD400000435000004350000410D0080D66232011DCECC99334F7BEDB5D72E5AB972E5FFA8A8A8F848656565E9962D5B8A4A4B4B733D7BF6ACE9D3A7CFCA5EBD7A3DFDE94F7FFA8661C386CD5662007B86912347F6DBB66DDB378A8A8A8E4B3707A7AD6FDAF64E5B55DA2A72B9DC8BE9DFFE51525232F1EEBBEF5E2CA8411BFACD6F7E73D5F2E5CBFF7DF2E4C9FB0C1C38303BF1C413B34F7EF293590A6559B76EDDB2AAAAAAA2F5EBD797BEF3CE3B7DE7CD9B77C6DFFFFEF733AEBCF2CA35656565FF3166CC985F294180CE69C48811DF48173FA8ADAD1D928258D7261ED22D6DFDD3BFF54F97DFA8A9A9B961F8F0E133D2EDDFDF73CF3D1304356845E3C68D3B6AFEFCF97F59B870E17EA9E2655FFCE217B3B4B7B4632D4D612DB63E7DFA645FFAD297B2D1A3476773E6CCF9E8BDF7DE7BFD65975DF6A3EEDDBB9FFACB5FFEF225250AD039A4363FC2D7EDB95C6EE82E3CFDF8F4BCE3D36B5C9482DB0593264D7A4B508316F6DBDFFEF6C6279F7CF2B2D34F3FBDF86B5FFB5A9301EDFD44A88B6DDAB4691FBFFFFEFB9F1F3366CC557AD7003ABE73CE3967787171F1ADB5B5B51F2DDC17BF01871D7658F6E52F7F393BE8A083B28F7CE423D93EFBEC936DDAB4295BBB766D565E5E9E3DFDF4D3D9F3CF3F9F6DDDBAB5F0B463D3F35E183162C4C57B62EF9AA046BBF9E31FFFF89F4F3CF1C4FFBEFCF2CB8B0E3EF8E0DD7AADA143876603060C28B9F1C61BFFEFCF7FFEF3BDAFBDF6DAAB943040870D69A7A790362185B49242408B9DF5534E39257FD4A4B1BDF6DA2BBF1D70C001D9D1471F9D0F6D0F3DF450F6B7BFFD2DABA9A98987EC9DCBE5EE4A61AD5B0A6BBFDB93CACAAC4FDAC54D37DDF47F22A45D73CD35BB1DD20A3EF5A94F65E9F58A972F5FFED34B2FBDF4074A19A04386B4E8497B2005AB7C488BF075FDF5D7C7448226435A53A2A72D1E1FCF8BB1CC05E935C7A6B0364A5083DD3066CC98435F7FFDF59FFDE8473F2A6A6EA56CAE78BD2BAEB8A264C3860D375D78E18583943640C71163D24A4A4A6E2D84B4430E39247E13B60B5B1F443C2F9EFFF9CF7FBE6158BB2D85B501821AECA28D1B373E3C6CD8B09296EA496B2C7AD6CE3EFBECB2D2D2D2FB953640070A1DC5C5BF2B8C498B9EB4CB2FBF3C3F066D77C421D14B2FBDB461D88BC3A0630535D805575F7DF5F75205EA1763CA5A53BC7E8F1E3DFA8F1E3DFA7F297580F6174B70A49076625C8F316911AE7637A4350C6B3FFCE10F1B4E483B764F39042AA8D1A6AAABABAF4995A7A84B972EADFE5E29A475DD7BEFBD4D2AE840860F1F7E5534D6C71F7FBC894CF0E1ABBFF5638763E2C0AE1EEEDC9978BDD34F3FBDFE762E97BB684F28778D256D26ED3DF5DFB871E3C763398DB6503766E18018133171E2C472DF4087F08BD478661FFBD8C7369F73CE398F141717DFBE6DDBB6D993264DDAD09E1FEA1FFFF8471C92CFCF382BF8EB5FFF9A3F8C9E3E6BD6BB77EFED1E3F67CE9CACB4B4344B3B023BDC1F7FDFF1BCC61E7FFCF11DEE7BEDB5D7B273CF3D7787D769E8965B6EC92EB8E082F77DCC6DB7DD96FFEC9FFDEC67B3975F7E391B34E8BDE1990DAF430BD6DF4DA9FE4E4DF5F7FF37B7FEC619076A6B6BBF1AD70B333C5BC3A9A79E9AAFBB754B771CBB27B4FF7AD46833E987E6DF060F1E5CFC41D74ADB1D471D755497AE5DBB0E57FA1D4B515151F7B47D3D35FA7F4B7F0F15A9319D94F6D44F3DFFFCF3BBB5C7E7993C79723E60A51F9DFAFB56AE5C995F60F9EAABAFCE5F6F1CC822043515C6366C68FA37EBAEBBEECA860C19B2DDF6CC33CFE4DFA3A1D75F7F7DBBDB3D7BF6CC9E78E289FADBF119DF7DF7DDED1EB36CD9B27C700C3FFEF18FEB3F431C0AAAAAAAF207474BD7DFBDD236BCAEFEBE9BEAEFDDFFACFEC669A10A1308A2AEC519675A43CC068D05D11B38BBB397B71E35DA4C7575F5D058C8B02D0D1A34A8CBAC59B34E4B572D82DB71F588C63435E267A750519D1AFDA9E947E0EEA54B97FE65C68C19DB5AF38D632DA60841118E227CBDFDF6DBF53D506FBCF1463E447DE52B5F89D39B65975C72C9763D6B118E162E5CB8DDEBAD5BB72EDFF315AF1B3F188D357E7C04AA42C02AB8F7DE7BB3E38E3B6EFB863A3DA6D0233773E6CC6CD5AA55D9CD37DF9C7F7E5C8FCB088EF1F9FBF5EB57DFFB163D6CF17F8870D7F87DA085EC9BB67353FD3D37D5DFAAD8E94AF5F7FEC6F5B7EEDC9D79471E7964AB7EA078FDA79E7AAA7033DEF746410D9A61CD9A35FD9A3A24D49A62CC426A3B062AFD4EA36B21B4F5EDDB7763DA4B9F996EDF52565636E30F7FF8438B770D4598DA6FBFFDB2134E3821DF7375F1C517E7C354FC9DC60AE8B13A7A5C8F20D7F8F0671C126DFCF73C6CD8B0FCEB45F86B7818351C78E0813B04B52F7CE10B3B7CA60856D1DB5610C12C02D731C71C93BF9DCA22FFB9EA7A29EA7BCFE2F3F7EFDFBF3E8036EC1DFCD6B7BE950F766D5DFFF8D0891EB5F352FD3D2FD58FF529B44D4F016D6CD4DFD40E0F2E3CE8339FF94CAB7E88423DA833B8B317AAA0469B4915759FA67A195AD3962D5BE207AB576A30C6F8063A9D1EA9C18FDED0D3E2F05DFA0ECB57AC58D1E26F3269D2A4ECAAABAECA1F263CFCF0C3F3D72FBCF0C2FA1EB50857B1A866AC80DE30E0C5FD8D8357DC1FE3635E7AE9A5ED82DAF8F1E39B1C2B16E1EB9BDFFC66FE33147ABCAEB8E28AECA73FFD6976DA69A7E56F2F5AB4287FA8337AD4DE7AEBAD7C0F5A21A8C5FBC516212D7AD2229C157A092330C6EDF8FFC4EBB574488BC3C1711A1F758BA6A48016D339CF4C75F8CCBAC3EFB50DEB496B6AF4FABD053568A6AD5BB776693C1EA7B53DF9E49331F327C6625EEB1BE8F4FAC739FECE3AEBAC167BC1C2A1C708561170EEBCF3CE261F1721A8A108517188327ADD0A1E7BECB17C2FDBA1871E9A9D77DE79DB3D3E025D1CCE8C9EB2A953A7E6DF372611845FFCE2173B1C968C3056E8558B1EB542CF5EBED16EF4D80871F1F9E3F3448F60FC481542DE95575E99DD70C30D3BF406B68459B366652FBCF042A66ED14CF563E25B6A498E9D89A53A1AE8D6D90B4E50A3EDFED84A4BABD39E55D7B60C6B471D755476DF7DF7C589E0AEF30D7408CDFD51AFCD1A4D764A7BE8F38F38E288163D661263B97EF5ABF7862FC660FFEF7CE73BF901FE11921A1EFA8C7F0B0D07F2170E451644588A43A8D17B306EDCB8ECBAEBAE6B725C584545C50EC1AFA90019BD7085D7BDFFFEFBF33D64D1CBF7B9CF7DAEFE718F3EFA687E566804B16F7FFBDB3BCC0C8D43A6AD11D2428CDD8B009AC2DACFFD59ABBF0DEB6EDA39AE4DF5B5B451FDADADDB69CED6AF5FDFAA612D4EE0DE40A79F4D23A8D1665240AB5CBB766DEFBE7DFBB6D97BC6789EF463B96AC28409637C03ED6FF8F0E13B6DE853235E931AF3C294E0E2747B6DBAFD5F31B1207D8F0FC718B514A4722DFD9922143DF2C823F9601683F12368C561C686873E1BEC6CE4FF3DEE9F366D5A3EAC350C473D7AF4C89F12A73083B4A9A016BD50279E78E23F0D90A3478FCE5F8FF73FF3CC33F381313E572CE95110C13042651C9A7D3F3B9BDCB03B2200C6ECBA9FFCE427EA96FA1B3B56B1431C0B6416A73ABB43FD4DF5666EFAB7830A7F8FAD19D4E2F51B5829A84133959494CC493F3A27B665504BEF57555B5BFBACD2EFB0AAB3F726106475212D46C63F9CB63F75EFDEFDBF52385BDB9A6F1E3337633667F47EC500E4085985C1FC4DF5A885784C88F16C31F6EBC1071FCCDF2E8C136B6A2C58E175E2FD62624204B80887471F7D74FE3C858DC5C483C22CCF18A31633D822B0C518B5C6F5A771188CDBD1EBF7DC73CFD5DF1763C922D4410B8A60168B95C52192E2BA6DA7F53785BC170B416DFEFCF92DBED86D430D8724242F0A6AD04CEBD7AF9F3A67CE9C63D38F56595BBDE7B3CF3EBB2C05B5C7947E87D5B5AE71FF73DA1E4A21E92FAD31BB7367624C590CE4DF1511D46296672CEB11E12E26AEEC4C4C2C889EBBCB2EBB2CDFFB15A12D7ADF62E240F4D0C54483863D5EB1765B41C3316A0D6783167A0E22C0C5B220051104E3B069BC7684C8E8D98B80F7894F7CA23E64424BEC7BD76DCDAABFB95C6E66DA19CBAF6916634D1B2F41D392E2F51B9829A84133C5DA3A29385DF7DDEF7EB7ACAD16BD7DE69967BAD7352274207158245DCC8895CDEB96DE58DBDE9F298253BE51ACEBA18AF15D2156FD8F40D794EF7DEF7BF95EB2182716B33D9BEA1D8BD99131CE6CF1E2C5F981FD854016870EE3B5E3B9BBDAE315AF15931362966761AC5D9C3FF18C33CEC85FFFEA57BF5A7F58D4C2B7B467FD4DF5EA819A9A9AFF8CABB173B37AF5EA5659F436765E9E7BEEB9182251547757A76FFF8BFCC9D196CE3FFFFCD9975C72C951871F7E78AB27B5175E786159FA617CFB9E7BEE3946C9770C71AEC014D8CB53E3FEE75DE9399B3E7D7AAE71AF524B298C292B8C412B88DB71FF3F5B30766763D21ABFDE07D59CE7B7D782B67178F6E4934FF63BA2FE36CB881123A6A79077525C8F73728E1C39B2C53FE3C48913B32953A6146ECE4EB7BFD2D9CB5D8F1A6D6ACB962D37DE79E79DBF1B3C78F07EADDDAB76FBEDB7C7D49FDB947AC7911ACD0E3BFBB610741A87A2E686AC9D05A5DD9DE5DC9CE73BEB009DA4FEFE366DF9A016EB12C64E574B8E557BE79D77E2707F7D6F5A0A9577EC09E5EE5C9FB4A97BEEB9E78175EBD6BD3275EAD435ADF93EF7DE7BEFBCCACACA254B972E9DA8D4013A46FB9F2E66C4F59A9A9AFCD93262A98E96104B72FCFAD7BFAEA9ADAD2DF4F0CEDE53DA7F418D36972AE8E8C99327E7DE7CF3CD9AD678FD050B16AC9A3265CAFE696FEA5F5BFB5C91007C201764754B662C59B224BBE9A69B763BAC45484BA12FF7EEBBEF160ED36C48EDFF857B4AFB2FA8D1E6264E9C585E5D5DFD83EBAFBF7ECD8A152B5A34AC2D5FBEBCF2DA6BAFADCEE57297A7BDB7D7943640C76AFF53FBFCC374351FA26296724CC289C396BB229E77CD35D7D4CC9D3BB77EAC640A6917EF49ED7F893F1BDAC3CB2FBF3C6FC080012B1E7DF4D163060E1C98EBDDBB77D7DD7DCDB7DF7EFB9D9FFDEC67DBB66EDD7A4B6A0C6E55CA7B9ED1A3478F7162F18E239606B9EBAEBB9C99800FDCFE1F76D86191CC4E4F5B71F4A8C55936366FDE9C5F43B039E3326376E7030F3C90DD7AEBADB9CACACAFA4EA71402AFDCD3DA7F418D76336FDEBC1753585BFCF8E38F9F5A5D5DBDF8D0430FDDAFB878D73A79D38FC5ECB163C77EACA6A6E6CA3FFDE94FBF51BA821A821A1DBBFD1F3468D09BE9EA49454545DD52C0CA9F0DE4E1871FCE9F21246632C784B3F84D8833CCC4E1CD152B566473E7CECD07B471E3C6D5A6C057949E57E8498BF5DC2EDA13DB7F53856857A9524D1C3E7CF8930F3EF8E0D8E9D3A777F9FEF7BF9F1D79E491FD9BFBFCA79E7A6ACE1D77DC511C7B62A9B21F97F6A41CEE04E844ED7F6ABBC71696ED884906B1AE606CFF44C3BDFAD931266D4F1DEE22A8D1EE62CC42BA383955D8B36FBEF9E68B4A4B4BCB0E3EF8E0C543860CE97ED041077D74BFA45B525555B56EEDDAB5EBDF7AEBAD7767CD9A55F5EAABAF7E7AEBD6AD310AF5F7151515134C1C00E8BCED7F0A5B17A5C076FC07C826B33F0CEDBFA04647AAB0B182F49F478E1CD92F85B0B35F79E59558A8F688060F89534F45305B91BD775A903FD7557200F690F6BFB6B6F6EC14D80AED7F9CDC3606ADC502BB315BF4C50F5BFB2FA8D1E1DC7DF7DD8BD3C5CD751B00DAFF0F2DCB730000086A0000086A0000821A0000821A0080A0060080A0060080A0060020A8010020A80100086A0000086A0000086A0000821A0000821AB0273758C5C5B9DADA5A05D101A4EF6161BAD8A624405003C8EBD6ADDBF2F5EBD72B880E60CD9A35F3D2C58B4A02043580BC2E5DBACC5EB76E9D82E8002A2A2A2AD3C50C2501821A405E5555D57F2C5DBA746B2E975318EDAB7CF5EAD55F4C97F7290A10D400F2860C19F2740A692F2D59B24461B4A379F3E64D4FDFC392934F3EF949A501821A40BDAAAAAA51E5E5E59B2A2B2B15463B58BB76ED94D5AB570FABADADBD4C6940EB2B510440673261C28495E79D77DED3AB56ADFA7ACF9E3DBB9595952994360C6973E7CEFD7C5151D1BF9D72CA29B39508086A003B183F7EFCFC51A3463DBB6CD9B26FA4D0B071DF7DF7ED9E2E154CEB299F376FDEA4F2F2F21322A49D74D2497F5124D036B46C40A7356DDAB401C5C5C5BF2E2D2DFD973E7DFA2CEEDDBBF7C77BF6ECD937DDA7707653AC93164B70C4ECCE98381063D2E270E7D0A143E7291D10D4009AED91471E195C54547456BA7A7CDA8E485B37A5B2DB6231DB58276D46DAEE337100000000000000000000000000000000000000000000000000000000000000000000000000000000000000000000000000000000000000000000000000000000000000000000000000000000000000000000000000000000000000000000000000000000000000000000000000000000000000000000A019FE1BA4EF877EDB7584C80000000049454E44AE426082, 0);
INSERT INTO `act_ge_bytearray` VALUES ('df289e02-a292-11ee-b602-6e6a773b7536', 1, '请假管理.bpmn20.xml', 'df289e00-a292-11ee-b602-6e6a773b7536', 0x3C3F786D6C2076657273696F6E3D22312E302220656E636F64696E673D225554462D38223F3E0A3C62706D6E323A646566696E6974696F6E7320786D6C6E733D22687474703A2F2F7777772E6F6D672E6F72672F737065632F42504D4E2F32303130303532342F4D4F44454C2220786D6C6E733A62706D6E323D22687474703A2F2F7777772E6F6D672E6F72672F737065632F42504D4E2F32303130303532342F4D4F44454C2220786D6C6E733A7873693D22687474703A2F2F7777772E77332E6F72672F323030312F584D4C536368656D612D696E7374616E63652220786D6C6E733A7873643D22687474703A2F2F7777772E77332E6F72672F323030312F584D4C536368656D612220786D6C6E733A61637469766974693D22687474703A2F2F61637469766974692E6F72672F62706D6E2220786D6C6E733A62706D6E64693D22687474703A2F2F7777772E6F6D672E6F72672F737065632F42504D4E2F32303130303532342F44492220786D6C6E733A6F6D6764633D22687474703A2F2F7777772E6F6D672E6F72672F737065632F44442F32303130303532342F44432220786D6C6E733A6F6D6764693D22687474703A2F2F7777772E6F6D672E6F72672F737065632F44442F32303130303532342F44492220747970654C616E67756167653D22687474703A2F2F7777772E77332E6F72672F323030312F584D4C536368656D61222065787072657373696F6E4C616E67756167653D22687474703A2F2F7777772E77332E6F72672F313939392F585061746822207461726765744E616D6573706163653D22687474703A2F2F7777772E61637469766974692E6F72672F70726F63657373646566223E0A20203C62706D6E323A70726F636573732069643D2253747564656E744C656176652220697345786563757461626C653D2274727565223E0A202020203C62706D6E323A73746172744576656E742069643D227369642D32374144443338342D393433452D344332342D413441422D383431354631303935323636223E0A2020202020203C62706D6E323A6F7574676F696E673E7369642D38383133444639352D354438372D343141332D413335442D3638313945313231303132383C2F62706D6E323A6F7574676F696E673E0A202020203C2F62706D6E323A73746172744576656E743E0A202020203C62706D6E323A757365725461736B2069643D227369642D30383843304145362D423135442D343042362D414242332D32374241343239454335433522206E616D653D22E8BE85E5AFBCE59198E5AEA1E689B9223E3C2F62706D6E323A757365725461736B3E0A202020203C62706D6E323A73657175656E6365466C6F772069643D227369642D38383133444639352D354438372D343141332D413335442D3638313945313231303132382220736F757263655265663D227369642D32374144443338342D393433452D344332342D413441422D38343135463130393532363622207461726765745265663D227369642D30383843304145362D423135442D343042362D414242332D323742413432394543354335223E3C2F62706D6E323A73657175656E6365466C6F773E0A202020203C62706D6E323A656E644576656E742069643D227369642D32393232414331452D433633392D343741312D423637432D423035463745364239313239223E0A2020202020203C62706D6E323A696E636F6D696E673E7369642D38433235463932412D444331332D343939302D423544332D4536333242443131323644313C2F62706D6E323A696E636F6D696E673E0A202020203C2F62706D6E323A656E644576656E743E0A202020203C62706D6E323A73657175656E6365466C6F772069643D227369642D38433235463932412D444331332D343939302D423544332D4536333242443131323644312220736F757263655265663D227369642D30383843304145362D423135442D343042362D414242332D32374241343239454335433522207461726765745265663D227369642D32393232414331452D433633392D343741312D423637432D423035463745364239313239223E3C2F62706D6E323A73657175656E6365466C6F773E0A20203C2F62706D6E323A70726F636573733E0A20203C62706D6E64693A42504D4E4469616772616D2069643D2242504D4E4469616772616D5F53747564656E744C65617665223E0A202020203C62706D6E64693A42504D4E506C616E652062706D6E456C656D656E743D2253747564656E744C65617665222069643D2242504D4E506C616E655F53747564656E744C65617665223E0A2020202020203C62706D6E64693A42504D4E53686170652062706D6E456C656D656E743D227369642D32374144443338342D393433452D344332342D413441422D383431354631303935323636222069643D2242504D4E53686170655F7369642D32374144443338342D393433452D344332342D413441422D383431354631303935323636223E0A20202020202020203C6F6D6764633A426F756E6473206865696768743D2233302E30222077696474683D2233302E302220783D223135352E3337352220793D223133302E30223E3C2F6F6D6764633A426F756E64733E0A2020202020203C2F62706D6E64693A42504D4E53686170653E0A2020202020203C62706D6E64693A42504D4E53686170652062706D6E456C656D656E743D227369642D30383843304145362D423135442D343042362D414242332D323742413432394543354335222069643D2242504D4E53686170655F7369642D30383843304145362D423135442D343042362D414242332D323742413432394543354335223E0A20202020202020203C6F6D6764633A426F756E6473206865696768743D2238302E30222077696474683D223130302E302220783D223330302E302220793D223130352E30223E3C2F6F6D6764633A426F756E64733E0A2020202020203C2F62706D6E64693A42504D4E53686170653E0A2020202020203C62706D6E64693A42504D4E53686170652062706D6E456C656D656E743D227369642D32393232414331452D433633392D343741312D423637432D423035463745364239313239222069643D2242504D4E53686170655F7369642D32393232414331452D433633392D343741312D423637432D423035463745364239313239223E0A20202020202020203C6F6D6764633A426F756E6473206865696768743D2232382E30222077696474683D2232382E302220783D223534302E302220793D223133312E30223E3C2F6F6D6764633A426F756E64733E0A2020202020203C2F62706D6E64693A42504D4E53686170653E0A2020202020203C62706D6E64693A42504D4E456467652062706D6E456C656D656E743D227369642D38433235463932412D444331332D343939302D423544332D453633324244313132364431222069643D2242504D4E456467655F7369642D38433235463932412D444331332D343939302D423544332D453633324244313132364431223E0A20202020202020203C6F6D6764693A776179706F696E7420783D223430302E302220793D223134352E30223E3C2F6F6D6764693A776179706F696E743E0A20202020202020203C6F6D6764693A776179706F696E7420783D223534302E302220793D223134352E30223E3C2F6F6D6764693A776179706F696E743E0A2020202020203C2F62706D6E64693A42504D4E456467653E0A2020202020203C62706D6E64693A42504D4E456467652062706D6E456C656D656E743D227369642D38383133444639352D354438372D343141332D413335442D363831394531323130313238222069643D2242504D4E456467655F7369642D38383133444639352D354438372D343141332D413335442D363831394531323130313238223E0A20202020202020203C6F6D6764693A776179706F696E7420783D223138352E3337352220793D223134352E30223E3C2F6F6D6764693A776179706F696E743E0A20202020202020203C6F6D6764693A776179706F696E7420783D223330302E302220793D223134352E30223E3C2F6F6D6764693A776179706F696E743E0A2020202020203C2F62706D6E64693A42504D4E456467653E0A202020203C2F62706D6E64693A42504D4E506C616E653E0A20203C2F62706D6E64693A42504D4E4469616772616D3E0A3C2F62706D6E323A646566696E6974696F6E733E, 0);
INSERT INTO `act_ge_bytearray` VALUES ('ecc2862d-2fe9-11ed-aa68-283a4d3b4979', 1, '请假流程.bpmn20.xml', 'ecc2862b-2fe9-11ed-aa68-283a4d3b4979', 0x3C3F786D6C2076657273696F6E3D22312E302220656E636F64696E673D225554462D38223F3E0A3C62706D6E323A646566696E6974696F6E7320786D6C6E733D22687474703A2F2F7777772E6F6D672E6F72672F737065632F42504D4E2F32303130303532342F4D4F44454C2220786D6C6E733A62706D6E323D22687474703A2F2F7777772E6F6D672E6F72672F737065632F42504D4E2F32303130303532342F4D4F44454C2220786D6C6E733A7873693D22687474703A2F2F7777772E77332E6F72672F323030312F584D4C536368656D612D696E7374616E63652220786D6C6E733A7873643D22687474703A2F2F7777772E77332E6F72672F323030312F584D4C536368656D612220786D6C6E733A61637469766974693D22687474703A2F2F61637469766974692E6F72672F62706D6E2220786D6C6E733A62706D6E64693D22687474703A2F2F7777772E6F6D672E6F72672F737065632F42504D4E2F32303130303532342F44492220786D6C6E733A6F6D6764633D22687474703A2F2F7777772E6F6D672E6F72672F737065632F44442F32303130303532342F44432220786D6C6E733A6F6D6764693D22687474703A2F2F7777772E6F6D672E6F72672F737065632F44442F32303130303532342F44492220747970654C616E67756167653D22687474703A2F2F7777772E77332E6F72672F323030312F584D4C536368656D61222065787072657373696F6E4C616E67756167653D22687474703A2F2F7777772E77332E6F72672F313939392F585061746822207461726765744E616D6573706163653D22687474703A2F2F7777772E61637469766974692E6F72672F70726F63657373646566223E0A20203C62706D6E323A70726F636573732069643D224C6561766522206E616D653D22E8AFB7E58187E794B3E8AFB7E6B581E7A88B2220697345786563757461626C653D2274727565223E0A202020203C62706D6E323A73746172744576656E742069643D227369642D33414146303639432D394431462D343130392D423544302D46364634384644333646343422206E616D653D22E5BC80E5A78B223E0A2020202020203C62706D6E323A6F7574676F696E673E7369642D32414546313533312D384330342D343737342D383243372D3832454433413742314336423C2F62706D6E323A6F7574676F696E673E0A202020203C2F62706D6E323A73746172744576656E743E0A202020203C62706D6E323A757365725461736B2069643D227369642D42394239423831362D443945332D344130442D393741322D43353034303734433744463722206E616D653D22E79BB4E5B19EE9A286E5AFBCE5AEA1E689B9223E3C2F62706D6E323A757365725461736B3E0A202020203C62706D6E323A73657175656E6365466C6F772069643D227369642D32414546313533312D384330342D343737342D383243372D3832454433413742314336422220736F757263655265663D227369642D33414146303639432D394431462D343130392D423544302D46364634384644333646343422207461726765745265663D227369642D42394239423831362D443945332D344130442D393741322D433530343037344337444637223E3C2F62706D6E323A73657175656E6365466C6F773E0A202020203C62706D6E323A757365725461736B2069643D227369642D32444341443441392D464145392D343034342D423742352D42424144434134333739323922206E616D653D22E983A8E997A8E7BB8FE79086E5AEA1E689B9223E3C2F62706D6E323A757365725461736B3E0A202020203C62706D6E323A73657175656E6365466C6F772069643D227369642D44323034434141442D344337442D344144422D384334412D4444434242463932353841432220736F757263655265663D227369642D42394239423831362D443945332D344130442D393741322D43353034303734433744463722207461726765745265663D227369642D32444341443441392D464145392D343034342D423742352D424241444341343337393239223E3C2F62706D6E323A73657175656E6365466C6F773E0A202020203C62706D6E323A757365725461736B2069643D227369642D39353034313635392D393231432D343634372D414137452D30303744443533323937424122206E616D653D22E4BABAE4BA8BE4B893E59198E5AEA1E689B9223E3C2F62706D6E323A757365725461736B3E0A202020203C62706D6E323A73657175656E6365466C6F772069643D227369642D36393032324245422D303645392D343232352D394142362D4438364245453542363634322220736F757263655265663D227369642D32444341443441392D464145392D343034342D423742352D42424144434134333739323922207461726765745265663D227369642D39353034313635392D393231432D343634372D414137452D303037444435333239374241223E3C2F62706D6E323A73657175656E6365466C6F773E0A202020203C62706D6E323A757365725461736B2069643D227369642D45363338343437322D444644312D343737362D383343422D31463837333339363142454522206E616D653D22E4BABAE4BA8BE7BB8FE79086E5AEA1E689B9223E3C2F62706D6E323A757365725461736B3E0A202020203C62706D6E323A73657175656E6365466C6F772069643D227369642D44393239454544392D393445382D343339382D383334342D3937414432363534374341352220736F757263655265663D227369642D39353034313635392D393231432D343634372D414137452D30303744443533323937424122207461726765745265663D227369642D45363338343437322D444644312D343737362D383343422D314638373333393631424545223E3C2F62706D6E323A73657175656E6365466C6F773E0A202020203C62706D6E323A757365725461736B2069643D227369642D32423533363346342D443541302D343143342D423632362D45343937363537443231453422206E616D653D22E680BBE7BB8FE79086E5AEA1E689B9223E3C2F62706D6E323A757365725461736B3E0A202020203C62706D6E323A73657175656E6365466C6F772069643D227369642D34453335463344422D424630322D343639372D393738312D3835384335393239333738412220736F757263655265663D227369642D45363338343437322D444644312D343737362D383343422D31463837333339363142454522207461726765745265663D227369642D32423533363346342D443541302D343143342D423632362D453439373635374432314534223E3C2F62706D6E323A73657175656E6365466C6F773E0A202020203C62706D6E323A656E644576656E742069643D227369642D43394146323239352D353141352D343443382D414632302D41413434423634343638343322206E616D653D22E7BB93E69D9F223E0A2020202020203C62706D6E323A696E636F6D696E673E7369642D42323745383235452D453331332D343135392D423332332D3743423837374545454331373C2F62706D6E323A696E636F6D696E673E0A202020203C2F62706D6E323A656E644576656E743E0A202020203C62706D6E323A73657175656E6365466C6F772069643D227369642D42323745383235452D453331332D343135392D423332332D3743423837374545454331372220736F757263655265663D227369642D32423533363346342D443541302D343143342D423632362D45343937363537443231453422207461726765745265663D227369642D43394146323239352D353141352D343443382D414632302D414134344236343436383433223E3C2F62706D6E323A73657175656E6365466C6F773E0A20203C2F62706D6E323A70726F636573733E0A20203C62706D6E64693A42504D4E4469616772616D2069643D2242504D4E4469616772616D5F4C65617665223E0A202020203C62706D6E64693A42504D4E506C616E652062706D6E456C656D656E743D224C65617665222069643D2242504D4E506C616E655F4C65617665223E0A2020202020203C62706D6E64693A42504D4E53686170652062706D6E456C656D656E743D227369642D33414146303639432D394431462D343130392D423544302D463646343846443336463434222069643D2242504D4E53686170655F7369642D33414146303639432D394431462D343130392D423544302D463646343846443336463434223E0A20202020202020203C6F6D6764633A426F756E6473206865696768743D2233302E30222077696474683D2233302E302220783D2238342E31393939393939393939393939392220793D223139372E30223E3C2F6F6D6764633A426F756E64733E0A2020202020203C2F62706D6E64693A42504D4E53686170653E0A2020202020203C62706D6E64693A42504D4E53686170652062706D6E456C656D656E743D227369642D42394239423831362D443945332D344130442D393741322D433530343037344337444637222069643D2242504D4E53686170655F7369642D42394239423831362D443945332D344130442D393741322D433530343037344337444637223E0A20202020202020203C6F6D6764633A426F756E6473206865696768743D2238302E30222077696474683D223130302E302220783D223135392E322220793D223137322E30223E3C2F6F6D6764633A426F756E64733E0A2020202020203C2F62706D6E64693A42504D4E53686170653E0A2020202020203C62706D6E64693A42504D4E53686170652062706D6E456C656D656E743D227369642D32444341443441392D464145392D343034342D423742352D424241444341343337393239222069643D2242504D4E53686170655F7369642D32444341443441392D464145392D343034342D423742352D424241444341343337393239223E0A20202020202020203C6F6D6764633A426F756E6473206865696768743D2238302E30222077696474683D223130302E302220783D223330342E322220793D223137322E30223E3C2F6F6D6764633A426F756E64733E0A2020202020203C2F62706D6E64693A42504D4E53686170653E0A2020202020203C62706D6E64693A42504D4E53686170652062706D6E456C656D656E743D227369642D39353034313635392D393231432D343634372D414137452D303037444435333239374241222069643D2242504D4E53686170655F7369642D39353034313635392D393231432D343634372D414137452D303037444435333239374241223E0A20202020202020203C6F6D6764633A426F756E6473206865696768743D2238302E30222077696474683D223130302E30303030303030303030303030362220783D223434392E322220793D223137322E30223E3C2F6F6D6764633A426F756E64733E0A2020202020203C2F62706D6E64693A42504D4E53686170653E0A2020202020203C62706D6E64693A42504D4E53686170652062706D6E456C656D656E743D227369642D45363338343437322D444644312D343737362D383343422D314638373333393631424545222069643D2242504D4E53686170655F7369642D45363338343437322D444644312D343737362D383343422D314638373333393631424545223E0A20202020202020203C6F6D6764633A426F756E6473206865696768743D2238302E30222077696474683D223130302E302220783D223539342E322220793D223137322E30223E3C2F6F6D6764633A426F756E64733E0A2020202020203C2F62706D6E64693A42504D4E53686170653E0A2020202020203C62706D6E64693A42504D4E53686170652062706D6E456C656D656E743D227369642D32423533363346342D443541302D343143342D423632362D453439373635374432314534222069643D2242504D4E53686170655F7369642D32423533363346342D443541302D343143342D423632362D453439373635374432314534223E0A20202020202020203C6F6D6764633A426F756E6473206865696768743D2238302E30222077696474683D223130302E302220783D223733392E322220793D223137322E30223E3C2F6F6D6764633A426F756E64733E0A2020202020203C2F62706D6E64693A42504D4E53686170653E0A2020202020203C62706D6E64693A42504D4E53686170652062706D6E456C656D656E743D227369642D43394146323239352D353141352D343443382D414632302D414134344236343436383433222069643D2242504D4E53686170655F7369642D43394146323239352D353141352D343443382D414632302D414134344236343436383433223E0A20202020202020203C6F6D6764633A426F756E6473206865696768743D2232382E30222077696474683D2232382E302220783D223838342E322220793D223139382E30223E3C2F6F6D6764633A426F756E64733E0A2020202020203C2F62706D6E64693A42504D4E53686170653E0A2020202020203C62706D6E64693A42504D4E456467652062706D6E456C656D656E743D227369642D32414546313533312D384330342D343737342D383243372D383245443341374231433642222069643D2242504D4E456467655F7369642D32414546313533312D384330342D343737342D383243372D383245443341374231433642223E0A20202020202020203C6F6D6764693A776179706F696E7420783D223131342E31393939393939393939393939392220793D223231322E30223E3C2F6F6D6764693A776179706F696E743E0A20202020202020203C6F6D6764693A776179706F696E7420783D223135392E322220793D223231322E30223E3C2F6F6D6764693A776179706F696E743E0A2020202020203C2F62706D6E64693A42504D4E456467653E0A2020202020203C62706D6E64693A42504D4E456467652062706D6E456C656D656E743D227369642D36393032324245422D303645392D343232352D394142362D443836424545354236363432222069643D2242504D4E456467655F7369642D36393032324245422D303645392D343232352D394142362D443836424545354236363432223E0A20202020202020203C6F6D6764693A776179706F696E7420783D223430342E322220793D223231322E30223E3C2F6F6D6764693A776179706F696E743E0A20202020202020203C6F6D6764693A776179706F696E7420783D223434392E322220793D223231322E30223E3C2F6F6D6764693A776179706F696E743E0A2020202020203C2F62706D6E64693A42504D4E456467653E0A2020202020203C62706D6E64693A42504D4E456467652062706D6E456C656D656E743D227369642D44393239454544392D393445382D343339382D383334342D393741443236353437434135222069643D2242504D4E456467655F7369642D44393239454544392D393445382D343339382D383334342D393741443236353437434135223E0A20202020202020203C6F6D6764693A776179706F696E7420783D223534392E322220793D223231322E30223E3C2F6F6D6764693A776179706F696E743E0A20202020202020203C6F6D6764693A776179706F696E7420783D223539342E322220793D223231322E30223E3C2F6F6D6764693A776179706F696E743E0A2020202020203C2F62706D6E64693A42504D4E456467653E0A2020202020203C62706D6E64693A42504D4E456467652062706D6E456C656D656E743D227369642D34453335463344422D424630322D343639372D393738312D383538433539323933373841222069643D2242504D4E456467655F7369642D34453335463344422D424630322D343639372D393738312D383538433539323933373841223E0A20202020202020203C6F6D6764693A776179706F696E7420783D223639342E322220793D223231322E30223E3C2F6F6D6764693A776179706F696E743E0A20202020202020203C6F6D6764693A776179706F696E7420783D223733392E322220793D223231322E30223E3C2F6F6D6764693A776179706F696E743E0A2020202020203C2F62706D6E64693A42504D4E456467653E0A2020202020203C62706D6E64693A42504D4E456467652062706D6E456C656D656E743D227369642D42323745383235452D453331332D343135392D423332332D374342383737454545433137222069643D2242504D4E456467655F7369642D42323745383235452D453331332D343135392D423332332D374342383737454545433137223E0A20202020202020203C6F6D6764693A776179706F696E7420783D223833392E322220793D223231322E30223E3C2F6F6D6764693A776179706F696E743E0A20202020202020203C6F6D6764693A776179706F696E7420783D223838342E322220793D223231322E30223E3C2F6F6D6764693A776179706F696E743E0A2020202020203C2F62706D6E64693A42504D4E456467653E0A2020202020203C62706D6E64693A42504D4E456467652062706D6E456C656D656E743D227369642D44323034434141442D344337442D344144422D384334412D444443424246393235384143222069643D2242504D4E456467655F7369642D44323034434141442D344337442D344144422D384334412D444443424246393235384143223E0A20202020202020203C6F6D6764693A776179706F696E7420783D223235392E322220793D223231322E30223E3C2F6F6D6764693A776179706F696E743E0A20202020202020203C6F6D6764693A776179706F696E7420783D223330342E322220793D223231322E30223E3C2F6F6D6764693A776179706F696E743E0A2020202020203C2F62706D6E64693A42504D4E456467653E0A202020203C2F62706D6E64693A42504D4E506C616E653E0A20203C2F62706D6E64693A42504D4E4469616772616D3E0A3C2F62706D6E323A646566696E6974696F6E733E, 0);
INSERT INTO `act_ge_bytearray` VALUES ('ef54bd33-34bb-11ed-bd8b-283a4d3b4979', 2, 'source', NULL, 0x7B227265736F757263654964223A2265663533306638322D333462622D313165642D626438622D323833613464336234393739222C2270726F70657274696573223A7B2270726F636573735F6964223A224C6F616E222C226E616D65223A22E5809FE6ACBEE6B581E7A88B222C22646F63756D656E746174696F6E223A22222C2270726F636573735F617574686F72223A22222C2270726F636573735F76657273696F6E223A22222C2270726F636573735F6E616D657370616365223A22687474703A2F2F7777772E61637469766974692E6F72672F70726F63657373646566222C22657865637574696F6E6C697374656E657273223A22222C226576656E746C697374656E657273223A22222C227369676E616C646566696E6974696F6E73223A22222C226D657373616765646566696E6974696F6E73223A22227D2C227374656E63696C223A7B226964223A2242504D4E4469616772616D227D2C226368696C64536861706573223A5B7B227265736F757263654964223A227369642D37334330304634422D314345432D343131462D413344302D443843373344454132333732222C2270726F70657274696573223A7B226F766572726964656964223A22222C226E616D65223A22E5BC80E5A78B222C22646F63756D656E746174696F6E223A22222C22657865637574696F6E6C697374656E657273223A22222C22696E69746961746F72223A22222C22666F726D6B6579646566696E6974696F6E223A22222C22666F726D70726F70657274696573223A22227D2C227374656E63696C223A7B226964223A2253746172744E6F6E654576656E74227D2C226368696C64536861706573223A5B5D2C226F7574676F696E67223A5B7B227265736F757263654964223A227369642D33383443443737362D413243312D344236322D424141322D453735394630333842454637227D5D2C22626F756E6473223A7B226C6F7765725269676874223A7B2278223A3137362E352C2279223A3234377D2C2275707065724C656674223A7B2278223A3134362E352C2279223A3231377D7D2C22646F636B657273223A5B5D7D2C7B227265736F757263654964223A227369642D32443346323132432D333441312D344439302D384137342D314242374243414241344146222C2270726F70657274696573223A7B226F766572726964656964223A22222C226E616D65223A22E983A8E997A8E7BB8FE79086E5AEA1E6A0B8222C22646F63756D656E746174696F6E223A22222C226173796E6368726F6E6F7573646566696E6974696F6E223A2266616C7365222C226578636C7573697665646566696E6974696F6E223A2266616C7365222C22657865637574696F6E6C697374656E657273223A22222C226D756C7469696E7374616E63655F74797065223A224E6F6E65222C226D756C7469696E7374616E63655F63617264696E616C697479223A22222C226D756C7469696E7374616E63655F636F6C6C656374696F6E223A22222C226D756C7469696E7374616E63655F7661726961626C65223A22222C226D756C7469696E7374616E63655F636F6E646974696F6E223A22222C226973666F72636F6D70656E736174696F6E223A2266616C7365222C22757365727461736B61737369676E6D656E74223A22222C22666F726D6B6579646566696E6974696F6E223A22222C2264756564617465646566696E6974696F6E223A22222C227072696F72697479646566696E6974696F6E223A22222C22666F726D70726F70657274696573223A22222C227461736B6C697374656E657273223A22227D2C227374656E63696C223A7B226964223A22557365725461736B227D2C226368696C64536861706573223A5B5D2C226F7574676F696E67223A5B7B227265736F757263654964223A227369642D35433837394341332D433937332D343930452D414139372D464141464634393134334133227D5D2C22626F756E6473223A7B226C6F7765725269676874223A7B2278223A3332312E352C2279223A3237327D2C2275707065724C656674223A7B2278223A3232312E352C2279223A3139327D7D2C22646F636B657273223A5B5D7D2C7B227265736F757263654964223A227369642D33383443443737362D413243312D344236322D424141322D453735394630333842454637222C2270726F70657274696573223A7B226F766572726964656964223A22222C226E616D65223A22222C22646F63756D656E746174696F6E223A22222C22636F6E646974696F6E73657175656E6365666C6F77223A22222C22657865637574696F6E6C697374656E657273223A22222C2264656661756C74666C6F77223A2266616C7365227D2C227374656E63696C223A7B226964223A2253657175656E6365466C6F77227D2C226368696C64536861706573223A5B5D2C226F7574676F696E67223A5B7B227265736F757263654964223A227369642D32443346323132432D333441312D344439302D384137342D314242374243414241344146227D5D2C22626F756E6473223A7B226C6F7765725269676874223A7B2278223A3232302E36353632352C2279223A3233327D2C2275707065724C656674223A7B2278223A3137372E3130393337352C2279223A3233327D7D2C22646F636B657273223A5B7B2278223A31352C2279223A31357D2C7B2278223A35302C2279223A34307D5D2C22746172676574223A7B227265736F757263654964223A227369642D32443346323132432D333441312D344439302D384137342D314242374243414241344146227D7D2C7B227265736F757263654964223A227369642D46423338364330422D453041362D344536412D383439422D354531363134413939363635222C2270726F70657274696573223A7B226F766572726964656964223A22222C226E616D65223A22E8B4A2E58AA1E5AEA1E689B9222C22646F63756D656E746174696F6E223A22222C226173796E6368726F6E6F7573646566696E6974696F6E223A2266616C7365222C226578636C7573697665646566696E6974696F6E223A2266616C7365222C22657865637574696F6E6C697374656E657273223A22222C226D756C7469696E7374616E63655F74797065223A224E6F6E65222C226D756C7469696E7374616E63655F63617264696E616C697479223A22222C226D756C7469696E7374616E63655F636F6C6C656374696F6E223A22222C226D756C7469696E7374616E63655F7661726961626C65223A22222C226D756C7469696E7374616E63655F636F6E646974696F6E223A22222C226973666F72636F6D70656E736174696F6E223A2266616C7365222C22757365727461736B61737369676E6D656E74223A22222C22666F726D6B6579646566696E6974696F6E223A22222C2264756564617465646566696E6974696F6E223A22222C227072696F72697479646566696E6974696F6E223A22222C22666F726D70726F70657274696573223A22222C227461736B6C697374656E657273223A22227D2C227374656E63696C223A7B226964223A22557365725461736B227D2C226368696C64536861706573223A5B5D2C226F7574676F696E67223A5B7B227265736F757263654964223A227369642D44424434414336452D314341342D344435462D394546412D333534373144363144463935227D5D2C22626F756E6473223A7B226C6F7765725269676874223A7B2278223A3436362E352C2279223A3237327D2C2275707065724C656674223A7B2278223A3336362E352C2279223A3139327D7D2C22646F636B657273223A5B5D7D2C7B227265736F757263654964223A227369642D35433837394341332D433937332D343930452D414139372D464141464634393134334133222C2270726F70657274696573223A7B226F766572726964656964223A22222C226E616D65223A22222C22646F63756D656E746174696F6E223A22222C22636F6E646974696F6E73657175656E6365666C6F77223A22222C22657865637574696F6E6C697374656E657273223A22222C2264656661756C74666C6F77223A2266616C7365227D2C227374656E63696C223A7B226964223A2253657175656E6365466C6F77227D2C226368696C64536861706573223A5B5D2C226F7574676F696E67223A5B7B227265736F757263654964223A227369642D46423338364330422D453041362D344536412D383439422D354531363134413939363635227D5D2C22626F756E6473223A7B226C6F7765725269676874223A7B2278223A3336352E36353632352C2279223A3233327D2C2275707065724C656674223A7B2278223A3332322E33343337352C2279223A3233327D7D2C22646F636B657273223A5B7B2278223A35302C2279223A34307D2C7B2278223A35302C2279223A34307D5D2C22746172676574223A7B227265736F757263654964223A227369642D46423338364330422D453041362D344536412D383439422D354531363134413939363635227D7D2C7B227265736F757263654964223A227369642D34333143443542432D323642422D343237452D424338412D344443433334334436423739222C2270726F70657274696573223A7B226F766572726964656964223A22222C226E616D65223A22E7BB93E69D9F222C22646F63756D656E746174696F6E223A22222C22657865637574696F6E6C697374656E657273223A22227D2C227374656E63696C223A7B226964223A22456E644E6F6E654576656E74227D2C226368696C64536861706573223A5B5D2C226F7574676F696E67223A5B5D2C22626F756E6473223A7B226C6F7765725269676874223A7B2278223A3533392E352C2279223A3234367D2C2275707065724C656674223A7B2278223A3531312E352C2279223A3231387D7D2C22646F636B657273223A5B5D7D2C7B227265736F757263654964223A227369642D44424434414336452D314341342D344435462D394546412D333534373144363144463935222C2270726F70657274696573223A7B226F766572726964656964223A22222C226E616D65223A22222C22646F63756D656E746174696F6E223A22222C22636F6E646974696F6E73657175656E6365666C6F77223A22222C22657865637574696F6E6C697374656E657273223A22222C2264656661756C74666C6F77223A2266616C7365227D2C227374656E63696C223A7B226964223A2253657175656E6365466C6F77227D2C226368696C64536861706573223A5B5D2C226F7574676F696E67223A5B7B227265736F757263654964223A227369642D34333143443542432D323642422D343237452D424338412D344443433334334436423739227D5D2C22626F756E6473223A7B226C6F7765725269676874223A7B2278223A3531302E3837352C2279223A3233327D2C2275707065724C656674223A7B2278223A3436362E3839303632352C2279223A3233327D7D2C22646F636B657273223A5B7B2278223A35302C2279223A34307D2C7B2278223A31342C2279223A31347D5D2C22746172676574223A7B227265736F757263654964223A227369642D34333143443542432D323642422D343237452D424338412D344443433334334436423739227D7D5D2C22626F756E6473223A7B226C6F7765725269676874223A7B2278223A313230302C2279223A313035307D2C2275707065724C656674223A7B2278223A302C2279223A307D7D2C227374656E63696C736574223A7B2275726C223A227374656E63696C736574732F62706D6E322E302F62706D6E322E302E6A736F6E222C226E616D657370616365223A22687474703A2F2F62336D6E2E6F72672F7374656E63696C7365742F62706D6E322E3023227D2C227373657874656E73696F6E73223A5B5D7D, NULL);
INSERT INTO `act_ge_bytearray` VALUES ('f480f478-91a4-11ee-9fdf-6e6a773b7536', 1, 'source-extra', NULL, 0x89504E470D0A1A0A0000000D49484452000002010000010908060000000D5DF491000000206348524D00007A26000080840000FA00000080E8000075300000EA6000003A98000017709CBA513C0000000467414D410000B18E7CFB5193000000017352474200AECE1CE900000006624B474400FF00FF00FFA0BDA793000000097048597300000EC400000EC401952B0E1B000016394944415478DAEDDD0B9496659D00F0772ECC0C2260044A468A8589996965B915299A4A69DA454D1062D393B1EEEA9ED44AED586B6927CE46572B771337435810BCA06528B809851E7317151935C574C4844101B90C978099D9E7FFCAC719C6199D61E61B60F8FDCE79CFFB5DDEEF9B6F9EEF7D9FE7FF5CBF2C03000000000000000000000000000000000000000000000000000000000000000000000000000000000000000000000000000000000000000000000000000000000000000000000000000000000000000000000000000000000000000000000000000000000000000000000000000000000000000000000000000000000000000000000000000000000000000000000000000000000000000000000000000000000000000000000000000000000000000000000000000000000000000000000000000000000000000000000000000000000000000000000000000000000000000000000000000000000000000000000000000000000000000000000000000000000000000000000000000000800E299104501C8D8D8D55CF3FFFFC4575757563366CD870D8FAF5EBAB1A1A1A244C4733AD9292C6CACACA951515150F6FD9B265C2B061C3EE972A200880DD462AFCFF69C58A153FDCB469D33E03070ECCFAF6ED9BF5EEDD3B2B2D2D95381D1481540AACB2B56BD766B5B5B59BEBEBEB9FDAB871E398112346544B1D1004C02EB564C99299CF3DF7DC670E3AE8A0ECC0030F8C9AAB4429A2A54B97663535351B1B1B1B479D78E289774A1168BB3249009D1B00A4ED33871F7E783660C0000140178816967EFDFAF578F9E5974F1B3366CCA24993263D23554010005D2ABA00528DF4B20800FAF4E9F3BAE7FF5EB73CAB7DF28EACF6A93BB315CFDF9F6D78F5F9ACB2D7FE5979651F89D741151515110854D6D6D69E3A7AF4E8BB274F9EFCB2548137A783123A410C028C3100D105D05A00F0E223FF95D5AD783A6BA8DF9C35366CCD36ACFA6BB664C18DD9A6B52F49C04ED0AB57AF6CF0E0C10D6565653F931A200880AE6C05B8280601C6188096AC7AE14FD9D6CDEB5FF77804042B9E9F2B013BC9A04183FA9597971F3A67CE9C7F901A2008802E11D3006316406B630036BE416D3F5A09E83CFBEFBF7F6DDA9D29254010005D22D601886980AD69ACDFD2FA8B1BAD1DD099FAF7EFFFF6B41B2E25E0CD954B02E8B858082846A9B3EBA5EFE16D6937404A809600E812B1808D858076934CEDB5EF4105070401B07BE8D1F32DAD3E575EA90501100440B7D5EFA08F66E515BD5EF778598F9E59BF83874920401000DDD5BE030ECF7AF53FACC5C77BEF7F8404020401D09DD56FD9F8BAC7B6FE7D9D84010401D05D6D5EFF4ABE3260DD2B4FBDEEB9F52B17674BFEEF86FC1800410074236B963E92028089F9EF04B466C3EA17B29A87AFCF5E5DF260D668CD00A00B99460345AAFD2F7FE6F7794DBF2D62F9E0387EDD2B4F65FBBFFBD4AC2A9FEA0EA02500F63851B36F6B00B043ABC0ABCF672FFCEF7F4A404010007BAAA8D9EFACF8854180AEA03B008A60E849D74A04404B00002008000004010080200000D8250C0CEC648D8D8D558B162DFAC7471F7DF4DC65CB961DBD74E9D27DD6AE5D5BBE69D3A6ACBCBCBCB177EFDE5BFAF5EBF7529F3E7D1E4C875F73F9E5973F2DD5008A6FF4E8D183B66EDDFAD9929292E3D3DDA3D336306DFBA66D53DA6A53FEFD587AEE81B2B2B26953A64CF99B20807615FEB7DF7EFBAFAEBDF6DA512B57AE2C3FFCF0C3B3E1C38767EF78C73BB254E867555555590A044AD6AD5B57F1E28B2F1E525D5D7DC8238F3C72EE25975CB264FDFAF5D7FEEA57BF9A2815013ADFA851A33E9B76FFD2D0D0705C2AE42B5A38A42A6D83D37383D3FEB3F5F5F53F183972E4DC74FFC6A953A74E1604F0861E7AE8A1F3BFF7BDEFFD72CD9A3595E9C4C98E3AEAA82C4592AF3FCB522010DB800103B20F7CE003D9D8B1634B162E5C78F0B469D3FE63DCB87197AD5AB5EAF41933663C2B45013A2EE5C751B0FF47AAA48DD889970F4FAF1B9EDE635C0A0ACEEBAE79B320A063B5FFF2BBEEBA6BF64D37DD74C269A79D967DEA539F6AB1F07F231130A4ADECDE7BEF1D3A7DFAF4C7BFF295AFFCAB5601808E39E79C7346969696FE32D5FEDF52782CF2E7F7BEF7BDD9B1C71E9B0D193224DB6FBFFDB2DEBD7B671B366CC856AF5E9DD5D4D4640F3FFC70F6C8238F645BB66C29BC6C587ADDA3A3468DBAB03BB60A08023A1000CC9B37EFC1FBEEBBEF43975E7A6976E8A18776E8FD468C18910D1D3AB4E7F8F1E37FF6E52F7FB972E2C489BF90CA003B15007C3A0500935300505628FCA39276CA29A7E42DB1CDEDB3CF3EF976E08107661FFDE847F380E0EEBBEFCE66CD9A95D5D7D7C721FBA63CFFE6140854A540A05B55D2CC0ED849D10270DB6DB77DE85BDFFA5687038082830F3E38FBEE77BFDB339DBCE3D3C936462A03EC540BC0CC5468E7014014ECDFFFFEF76350608B01404BA285208E8FD7C5B8AE2695BF1BBA5BDE2C08D8093106204588275C7CF1C56D3EA9DA2ADEEF9BDFFCE6BE3D7AF4B82E9D6C43A53640DBC4188054EBFF65210038ECB0C3B2ABAFBE7A8782BC3DE275F1FA238F3CB26920707D77CA9B0501ED14B30066CF9E7D7D8C01E8AC1680965A0452345B99A2D95F4B7180361668A5A5130B6300A205E0B2CB2ECBFBFC3B22BA09BEFAD5AF360D24A26BE00641C05E6AE6CC9937C634BFE8C32FA6534F3DB567DFBE7D0FD12D00F0E6621A600A003E11B7630C4014DC1D0D009A0602D1F2DB64E0F7B0EE92370B02DAD90A505D5DFD859806D8A3478FA2FFBD71E3C6BD2545B6FF22E58B2F7DA7574526327CF870836561CFBC06B7E79531087067BB005A13EFF7E94F7FBA6979304E10B0978995005F7EF9E5F298D6D715DEF7BEF7555456561E12FD5C52BFE8AE4917F51D071C70C0DA73CE396766CA8C3E79F6D967EFBB3B7CB0EBAFBF3EABABABDB7E7FC58A15D979E79D178B4FB578FCD6AD5BF35A4B6BCF37F7F4D34FE7AF2958B87061FE37DECC75D75DB7C3E76AEDB3FFF5AF7FCD6F3FF1C413DB1F6F7A1B9A5F8329CFBBAD3DD760AC04987627145A01220828864F7EF2934D2B80C3BA43DE2C086887580AB8B585808AE5C8238FAC4DBBB3A47ED7282929E999B6CFA4CC6856FA9E6BD3453E2332A32F7DE94B55BBEA33C59CE528A4972F5F9EDD7EFBEDD9934F3E993F1E0B4FB5248E89C279FAF4E9D9A44993F211CE175C70418BC7C671CD33CCBBEEBA2BFBE31FFFD862B0D054DFBE7DB3071F7C7087E0E3A5975EDAE198F8CCE5E5AF55ECBEF6B5AF6D0F1ADA13A4B0F75D8369F7F96DD7E0B274FD4D7FB36B3096022E0C068C3C3A56692D869835100BBD35B1C7E7CD9A3EDB217E0B209602EE4AC71E7BEC7E7FFEF39F639DEB09BE812ED72B2EF294B99C950AACCD2920B82B655053D279F0BBB973E76E2DF61F8F42377DF7794DFAD7BFFE755E30C748E5D9B36747FF677E4C3CFFC10F7E707B411B05F1FDF7DF9F7DE4231FC9CE3DF7DCFCF13836FA475B12B5FE0810E2B8175E78217BFBDBDF9E3FDEBF7FFFD71D1B41C5F1C71FBF6306925E570818E6CD9B97AD5CB932FBC94F7E9217F6713BF651EB8FFF61D0A041D9BEFBBE56B17BD7BBDE950731F1790B9F1D5A1083F0CE4EFBB3D335F8F7742EDF916EDFD2FC1ADCF65B00B90F7FF8C345FD40F1FE71DD6DB3C7E7CDAEBE76881F038A91FB5DE99DEF7CE73ED96B3F74C1AE55510808060E1CB83E6546F3D2FDEB2A2B2BE7DE74D34D9D5EA58DC54AA2163D78F0E0AC57AF5E794199FE6E5EE0166AD751C35FB3664DFE78E1BC8C26FAABAEBA2A2F7C0BCDF59169C50A692DF9C31FFE90BF57B4184C9C3831BBE8A28BF2C71F78E081EC3DEF79CF0EC14014DAC71D77DCF6FB51E84761FEB18F7D2CBF9FD262FBDF89C2BD50EB8F1683F83F0AFF57D3AE87B3CF3E3B0F1ABAFABA628F5499AEBF91693F329DF375E91AFC43BA7D7D5C83294038BA499E59D40F513897B7D9E3F36641403BC4AF0146735057DAB265CB8074E26F4DB5D0AB7D03BB4F0B41FA4E4E4DFB53A3493B7D3735AFBCF24AA7FE8138CFA2F08E82376AE7510B8F423F0AD0EF7CE73BD989279E98D7E26305B442011A35EE33CE38233F3E8E7BE69967F2D684786D6B22A89833674E7E7BEAD4A9D9E73FFFF9FCEFC4FCEA4B2EB9243BE18413B2F3CF3F3F7FFEEB5FFF7A76C51557C4CC95FCFE92254BF2E6FF788F679F7D36AFF9178280F8FCB14500102D00F179220088EE83B7BEF5ADF9FD0856E2FD3A3B0088F10CD185E29AE9F62D0467A4FD19DBBA951A9A5E3BC5D4ECFDFB0B02F62271B2B5D60F5B2C0F3DF4503475C5F7F46FBE81DDD6E0586FFCCC33CFECD4378DE6F9E89F8F3100EF7EF7BBF366FD28E43FFEF18F6FEF7F8FC2BAE088238EC8F7D15D100142BC266AF65178C7F1B11C6AF467C66B22238B63E235112844C11C6BA9179AE6A30520BA204E3FFDF4BCA65FF83B51D0175A03A225200AFD4221DEBC593F3EDFE38F3F9E0721175E7861FE370B01C495575E99FDE0073F68B1DBA1A3FEF4A73FC5F89DCC35B357D93EBEADB3A605B626A60B3651B5A7279C20A01D2A2B2B1BE3E780BB321048B5C115B7DE7AEB7E2910F89E6FA0A8DA5A603464CD06D4A6EFE6B9638E39A6D3DB20A3E08EC2376AFDD1A71E8579A19BA03020AFD0C71EC7464B403C174DF4D142F0B9CF7D2E1F801785790413513B8EDA7ED4F0A340FEFDEF7F9F8D1F3F3E7F2E5E1705FE0E99432AD467CC98B143E01B4DFCD17510A2808F4188114044AB43041D05D1CD10DD1151C87FE10B5FD8FE390BE2331623000811244500950281EF38ADBBDD35D8B8ED1A2C6B760D36343636E6D7E5BA75EB8A1A08C48F0D35AD1B0A02F6227DFAF4D99232E18AE883ED2A3D7AF458954EF04DD3A64DBBDA37503C23478E6C35034A994B7DFA0E0A994E69BABF3ADDBF2F0609A6C0F09E181370FEF9E73776E6E789C23E9AF52308F8F18F7F9CF7FD47C11D8F45ED3DFAD22338681A30C4E3B18F8061C1820579C15B08166EB8E186BCCFFF80030EC8EF47937934FD47015F68D26F690641F3C23BEE8F1D3B767B4B45BC47B404C4EBFFF297BF6C3F2E3E5BB41844D7C29BFD9F9DDD7C1BC145B4785C7EF9E5AE99EE770D964400D0FC1A4C95B345E9F1218573AA984140BC7F132BF6F4741704B443CAAC96A48C6F485706018B162D8A49D6F552BFCB6DCE5E1B0C986DCB7C6294DB3D69BBA567CF9EF7A5827F7591CFB57C2D8042215CF805B4BCEAB169539E11359DAA54A8ADC74C8170CD35D7E453F20A6B5A446B402100281494859A783C1EEF194DFD1164440B400C466CC941071DB47D36408C098851D2110CC49880E6D745F3EE81B81F0147042805D13AD13498812605FFDFD3B557D9966B3005108F158280E79E7BAED3170A6A2A7E6EB889C704017B574BC0BCEAEAEA21AD8DB42E8654938B1AE63CA9DFE52AB6653AB7A6EDEE54C8FEAE18B300DE48D4DE0B23F70BC14014FE13264CC8D267C9FBFBA339BFE9B880106302228888968128DCE33D5A5BD42716F389752F6EBEF9E6BCBB21C480C468792814F6D1745F983A18BF9A59D0744C40D3590385CF19C141BC4F418C3D88FF25FECE6F7FFBDBBCD5228287428B0734B52D0068D33598028679E9F87CCE7E8CCF693E95B533C5FB37B1C7E7CD8280764819DAF753C6765E7D7D7D69172D18B469F1E2C5F16B55960EEEBADA47D42EE6969696FE66DBF4BFD5BBECE24C8577F4ADFFFCE73FCF0BFB28946B6B6BF3B502E2B9783C0281D847411ADD0051338F4239C60244211B85EEE4C993F3EE83A6A23B20828528BC0B030AA3B520DE23C60814C609442B41041D3BD39211EF11DD11F1D943AC5510031B43CC3A2874155834888E5E83E97A9899F2E51FC7CD18F0BA6AD5AAA22C1814C1ED82050BA26256B2EDA15BF7F860CB29D73E975E7AE9B3A3478F7E57B355A38A2265D25352C67CF0B469D33E2EE58B2BD62D4F35899A94E9DCBA3335FE3973E63436AF0D7796A85147611C05FF1B2DAC5328B45BCAB8A225A1B317E569CB6C995DB51850044C279F7CB2FC6D2FBA06478D1A3527051027C5ED58E33FE5D39DFE19535E9CDD79E79D85BBF3BB43DEAC25A0FDAD0157FE7772D451479517B93560F56F7EF39BF7A48BE24752BDF8D2C57CEDEEFAD9DA3A8FBEA500A0502B2F86B6CC92B11A205D780DFE226D7910306BD6ACBC95AB33C706BCF8E28BD18DB5BD1520E5CDFFD91DD2DD6F07B4D38D37DE38A3AEAEEEA938C98A69C28409B7353434AC5FB66CD934A90EF0C6A64E9D3A33EDE6C6EDFAFAFA7C25CA982ED819625AE04F7FFAD3FA9427175A97E67797BC5910B073AD0167DC71C71D1B172F5E5C94F75FB468D15D0B162C382D459A1774C51AF500DDC479D9B6697B4B972ECD7EF8C31F76381088002005148D2FBDF452A1E9B7AE3BE5CD82809D306DDAB49ACD9B375F904EB00D9DBD5C6C3AD11E183F7EFCD1E924FB7A8A6CFF22B501DA9E373736365E9C6EE60574CC488981B4D194BF33E275DFFEF6B7EB53C56CFBF89294375FD89DF26641C04E9A3C79F294BABABA8BAFBAEAAABACE6A118816806F7CE31BEFA8AFAFBF3E9D6493A53240FBDC72CB2DD14C7F41211088168158A67ACA9429CD17FA69551C178300AFB8E28AA62D003173E1CAEE96379739653A54683F3A64C890E7E7CF9F7F4A5959D9D6430F3DB4A2B474A7E2AAD53FFAD18FA6A593F7F874925D95F63F97BA7B96B163C75EED97F0761F31A3E2E69B6FB66CF05EAABABAFAB1238E38226A6727A59A7B55CA57F3A5ADEFB9E79E7C1A6CCC5A8981DD915FC7AF5F46937FB4EAA63C3D9B3973664C976D78E289274AD2EB0A2D00B15EC1B8EE98371BBADB0951E7C891231F9A3E7DFA8DB366CD3A62DCB8717DDEFFFEF7F76CE3CB37CD993367E6A4499386A49372483A594FD00500D0797973CA576F284C1D8C0183B14A656C6FA2696D6E7E8C01E8AE79B320A013443F54DA7D229D70674D9830E1C28A8A8A23870E1DFACAB061C3F63DE490432AFAF5EB3730A6536DDCB871F9EAD5ABD73CF9E4938BE7CF9F5FB678F1E2C3D2493928BDF617B5B5B5930D0204E8F4BCF9E4C89B53413E2E0503C3DB51EECD4FDB8DDD3D6F160474EE0917AB47DD3A7AF4E8410B172E3CEBB1C71EFB58BA7F4CF6DA2F4DC5A4EABE69DB92BDF64B58FF93B60BB79DA4007441DEDCD0D070560A060A79F3C06D7973E4D131AB207E0B209602BE756FC99B0501453065CA94BFA5DD4FB66D00C89B774B6607008020000010040000820000401000000802000041000020080000040100802000001004000082000040100000080200004100EC49175269696343438384D80DA4EFE185B4DB2A254010005DA2AAAAEAE575EBD64988DDC0ABAFBE5A9D768F490910044097E8D1A3C7FC356BD64888DD406D6DEDDAB49B2B254010005D62D3A64DFFBE6CD9B22D8D8D8D1263D7AA59B56AD551697F9BA40041007489E38E3BEEE114003CBE74E95289B10B555757CF49DFC3D2934F3EF921A9018200E8CAD680313535351BD6AE5D2B317681D5AB57DFB96AD5AAD31B1A1A2E911AD0366592003AC7E4C993577CF18B5F7C78E5CA959FE9DBB76F556565A544E9C20060D1A24547969494FCF329A79C325F8A802000BADCA449939E1B3366CCFF2D5FBEFCB3A9405ADFA74F9F9E692F618AA7A6BABA7A464D4DCD8911009C74D249BF9324D076722728827BEFBD77686969E94FCBCBCBDF3F60C080BFF5EFDFFF6D7DFBF61D981E93381D14EB00C434C09805108300630C4074018C1831A25AEA802000761BB367CF3E3AD550CF4C3787A7ED98B45549950E8B8580621D80B969BBCD2040000000000000000000000000000000000000000000000000000000000000000000000000000000000000000000000000000000000000000000000000000000000000000000000000000000000000000000000000000000000000000000000000008036F87F4457C82E7137C63A0000000049454E44AE426082, NULL);
INSERT INTO `act_ge_bytearray` VALUES ('fc0c428a-91a4-11ee-9fdf-6e6a773b7536', 1, '课程管理流程.bpmn20.xml', 'fc0c4289-91a4-11ee-9fdf-6e6a773b7536', 0x3C3F786D6C2076657273696F6E3D22312E302220656E636F64696E673D225554462D38223F3E0A3C62706D6E323A646566696E6974696F6E7320786D6C6E733D22687474703A2F2F7777772E6F6D672E6F72672F737065632F42504D4E2F32303130303532342F4D4F44454C2220786D6C6E733A62706D6E323D22687474703A2F2F7777772E6F6D672E6F72672F737065632F42504D4E2F32303130303532342F4D4F44454C2220786D6C6E733A7873693D22687474703A2F2F7777772E77332E6F72672F323030312F584D4C536368656D612D696E7374616E63652220786D6C6E733A7873643D22687474703A2F2F7777772E77332E6F72672F323030312F584D4C536368656D612220786D6C6E733A61637469766974693D22687474703A2F2F61637469766974692E6F72672F62706D6E2220786D6C6E733A62706D6E64693D22687474703A2F2F7777772E6F6D672E6F72672F737065632F42504D4E2F32303130303532342F44492220786D6C6E733A6F6D6764633D22687474703A2F2F7777772E6F6D672E6F72672F737065632F44442F32303130303532342F44432220786D6C6E733A6F6D6764693D22687474703A2F2F7777772E6F6D672E6F72672F737065632F44442F32303130303532342F44492220747970654C616E67756167653D22687474703A2F2F7777772E77332E6F72672F323030312F584D4C536368656D61222065787072657373696F6E4C616E67756167653D22687474703A2F2F7777772E77332E6F72672F313939392F585061746822207461726765744E616D6573706163653D22687474703A2F2F7777772E61637469766974692E6F72672F70726F63657373646566223E0A20203C62706D6E323A70726F636573732069643D22636F757273654D616E616765722220697345786563757461626C653D2274727565223E0A202020203C62706D6E323A73746172744576656E742069643D227369642D38453234424645362D413042412D344444442D413939462D324438304635353535323245223E0A2020202020203C62706D6E323A6F7574676F696E673E7369642D45394546383246342D353838392D343035412D383639382D4237443843343032423033413C2F62706D6E323A6F7574676F696E673E0A202020203C2F62706D6E323A73746172744576656E743E0A202020203C62706D6E323A656E644576656E742069643D227369642D44423730413939382D353943452D343046302D394239412D464430443233313936343537223E0A2020202020203C62706D6E323A696E636F6D696E673E7369642D31314642353034432D363939332D344139372D413932462D3432433436423430353134373C2F62706D6E323A696E636F6D696E673E0A202020203C2F62706D6E323A656E644576656E743E0A202020203C62706D6E323A757365725461736B2069643D227369642D46304632464135352D383942342D344133312D384638322D36413943373934383744464322206E616D653D22E69599E58AA1E5A484E5AEA1E689B9223E3C2F62706D6E323A757365725461736B3E0A202020203C62706D6E323A73657175656E6365466C6F772069643D227369642D45394546383246342D353838392D343035412D383639382D4237443843343032423033412220736F757263655265663D227369642D38453234424645362D413042412D344444442D413939462D32443830463535353532324522207461726765745265663D227369642D46304632464135352D383942342D344133312D384638322D364139433739343837444643223E3C2F62706D6E323A73657175656E6365466C6F773E0A202020203C62706D6E323A73657175656E6365466C6F772069643D227369642D31314642353034432D363939332D344139372D413932462D3432433436423430353134372220736F757263655265663D227369642D46304632464135352D383942342D344133312D384638322D36413943373934383744464322207461726765745265663D227369642D44423730413939382D353943452D343046302D394239412D464430443233313936343537223E3C2F62706D6E323A73657175656E6365466C6F773E0A20203C2F62706D6E323A70726F636573733E0A20203C62706D6E64693A42504D4E4469616772616D2069643D2242504D4E4469616772616D5F636F757273654D616E61676572223E0A202020203C62706D6E64693A42504D4E506C616E652062706D6E456C656D656E743D22636F757273654D616E61676572222069643D2242504D4E506C616E655F636F757273654D616E61676572223E0A2020202020203C62706D6E64693A42504D4E53686170652062706D6E456C656D656E743D227369642D38453234424645362D413042412D344444442D413939462D324438304635353535323245222069643D2242504D4E53686170655F7369642D38453234424645362D413042412D344444442D413939462D324438304635353535323245223E0A20202020202020203C6F6D6764633A426F756E6473206865696768743D2233302E30222077696474683D2233302E302220783D2237352E302220793D223136302E30223E3C2F6F6D6764633A426F756E64733E0A2020202020203C2F62706D6E64693A42504D4E53686170653E0A2020202020203C62706D6E64693A42504D4E53686170652062706D6E456C656D656E743D227369642D44423730413939382D353943452D343046302D394239412D464430443233313936343537222069643D2242504D4E53686170655F7369642D44423730413939382D353943452D343046302D394239412D464430443233313936343537223E0A20202020202020203C6F6D6764633A426F756E6473206865696768743D2232382E30222077696474683D2232382E302220783D223433352E302220793D223136312E30223E3C2F6F6D6764633A426F756E64733E0A2020202020203C2F62706D6E64693A42504D4E53686170653E0A2020202020203C62706D6E64693A42504D4E53686170652062706D6E456C656D656E743D227369642D46304632464135352D383942342D344133312D384638322D364139433739343837444643222069643D2242504D4E53686170655F7369642D46304632464135352D383942342D344133312D384638322D364139433739343837444643223E0A20202020202020203C6F6D6764633A426F756E6473206865696768743D2238302E30222077696474683D223130302E302220783D223231302E302220793D223133352E30223E3C2F6F6D6764633A426F756E64733E0A2020202020203C2F62706D6E64693A42504D4E53686170653E0A2020202020203C62706D6E64693A42504D4E456467652062706D6E456C656D656E743D227369642D45394546383246342D353838392D343035412D383639382D423744384334303242303341222069643D2242504D4E456467655F7369642D45394546383246342D353838392D343035412D383639382D423744384334303242303341223E0A20202020202020203C6F6D6764693A776179706F696E7420783D223130352E302220793D223137352E30223E3C2F6F6D6764693A776179706F696E743E0A20202020202020203C6F6D6764693A776179706F696E7420783D223231302E302220793D223137352E30223E3C2F6F6D6764693A776179706F696E743E0A2020202020203C2F62706D6E64693A42504D4E456467653E0A2020202020203C62706D6E64693A42504D4E456467652062706D6E456C656D656E743D227369642D31314642353034432D363939332D344139372D413932462D343243343642343035313437222069643D2242504D4E456467655F7369642D31314642353034432D363939332D344139372D413932462D343243343642343035313437223E0A20202020202020203C6F6D6764693A776179706F696E7420783D223331302E302220793D223137352E30223E3C2F6F6D6764693A776179706F696E743E0A20202020202020203C6F6D6764693A776179706F696E7420783D223433352E302220793D223137352E30223E3C2F6F6D6764693A776179706F696E743E0A2020202020203C2F62706D6E64693A42504D4E456467653E0A202020203C2F62706D6E64693A42504D4E506C616E653E0A20203C2F62706D6E64693A42504D4E4469616772616D3E0A3C2F62706D6E323A646566696E6974696F6E733E, 0);
INSERT INTO `act_ge_bytearray` VALUES ('fc0c428b-91a4-11ee-9fdf-6e6a773b7536', 1, '课程管理流程.courseManager.png', 'fc0c4289-91a4-11ee-9fdf-6e6a773b7536', 0x89504E470D0A1A0A0000000D49484452000002010000010908060000000D5DF491000000206348524D00007A26000080840000FA00000080E8000075300000EA6000003A98000017709CBA513C0000000467414D410000B18E7CFB5193000000017352474200AECE1CE900000006624B474400FF00FF00FFA0BDA793000000097048597300000EC400000EC401952B0E1B000016394944415478DAEDDD0B9496659D00F0772ECC0C2260044A468A8589996965B915299A4A69DA454D1062D393B1EEEA9ED44AED586B6927CE46572B771337435810BCA06528B809851E7317151935C574C4844101B90C978099D9E7FFCAC719C6199D61E61B60F8FDCE79CFFB5DDEEF9B6F9EEF7D9FE7FF5CBF2C03000000000000000000000000000000000000000000000000000000000000000000000000000000000000000000000000000000000000000000000000000000000000000000000000000000000000000000000000000000000000000000000000000000000000000000000000000000000000000000000000000000000000000000000000000000000000000000000000000000000000000000000000000000000000000000000000000000000000000000000000000000000000000000000000000000000000000000000000000000000000000000000000000000000000000000000000000000000000000000000000000000000000000000000000000000000000000000000000000000800E299104501C8D8D8D55CF3FFFFC4575757563366CD870D8FAF5EBAB1A1A1A244C4733AD9292C6CACACA951515150F6FD9B265C2B061C3EE972A200880DD462AFCFF69C58A153FDCB469D33E03070ECCFAF6ED9BF5EEDD3B2B2D2D95381D1481540AACB2B56BD766B5B5B59BEBEBEB9FDAB871E398112346544B1D1004C02EB564C99299CF3DF7DC670E3AE8A0ECC0030F8C9AAB4429A2A54B97663535351B1B1B1B479D78E289774A1168BB3249009D1B00A4ED33871F7E783660C0000140178816967EFDFAF578F9E5974F1B3366CCA24993263D23554010005D2ABA00528DF4B20800FAF4E9F3BAE7FF5EB73CAB7DF28EACF6A93BB315CFDF9F6D78F5F9ACB2D7FE5979651F89D741151515110854D6D6D69E3A7AF4E8BB274F9EFCB2548137A783123A410C028C3100D105D05A00F0E223FF95D5AD783A6BA8DF9C35366CCD36ACFA6BB664C18DD9A6B52F49C04ED0AB57AF6CF0E0C10D6565653F931A200880AE6C05B8280601C6188096AC7AE14FD9D6CDEB5FF77804042B9E9F2B013BC9A04183FA9597971F3A67CE9C7F901A2008802E11D3006316406B630036BE416D3F5A09E83CFBEFBF7F6DDA9D29254010005D22D601886980AD69ACDFD2FA8B1BAD1DD099FAF7EFFFF6B41B2E25E0CD954B02E8B858082846A9B3EBA5EFE16D6937404A809600E812B1808D858076934CEDB5EF4105070401B07BE8D1F32DAD3E575EA90501100440B7D5EFA08F66E515BD5EF778598F9E59BF83874920401000DDD5BE030ECF7AF53FACC5C77BEF7F8404020401D09DD56FD9F8BAC7B6FE7D9D84010401D05D6D5EFF4ABE3260DD2B4FBDEEB9F52B17674BFEEF86FC1800410074236B963E92028089F9EF04B466C3EA17B29A87AFCF5E5DF260D668CD00A00B99460345AAFD2F7FE6F7794DBF2D62F9E0387EDD2B4F65FBBFFBD4AC2A9FEA0EA02500F63851B36F6B00B043ABC0ABCF672FFCEF7F4A404010007BAAA8D9EFACF8854180AEA03B008A60E849D74A04404B00002008000004010080200000D8250C0CEC648D8D8D558B162DFAC7471F7DF4DC65CB961DBD74E9D27DD6AE5D5BBE69D3A6ACBCBCBCB177EFDE5BFAF5EBF7529F3E7D1E4C875F73F9E5973F2DD5008A6FF4E8D183B66EDDFAD9929292E3D3DDA3D336306DFBA66D53DA6A53FEFD587AEE81B2B2B26953A64CF99B20807615FEB7DF7EFBAFAEBDF6DA512B57AE2C3FFCF0C3B3E1C38767EF78C73BB254E867555555590A044AD6AD5B57F1E28B2F1E525D5D7DC8238F3C72EE25975CB264FDFAF5D7FEEA57BF9A2815013ADFA851A33E9B76FFD2D0D0705C2AE42B5A38A42A6D83D37383D3FEB3F5F5F53F183972E4DC74FFC6A953A74E1604F0861E7AE8A1F3BFF7BDEFFD72CD9A3595E9C4C98E3AEAA82C4592AF3FCB522010DB800103B20F7CE003D9D8B1634B162E5C78F0B469D3FE63DCB87197AD5AB5EAF41933663C2B45013A2EE5C751B0FF47AAA48DD889970F4FAF1B9EDE635C0A0ACEEBAE79B320A063B5FFF2BBEEBA6BF64D37DD74C269A79D967DEA539F6AB1F07F231130A4ADECDE7BEF1D3A7DFAF4C7BFF295AFFCAB5601808E39E79C7346969696FE32D5FEDF52782CF2E7F7BEF7BDD9B1C71E9B0D193224DB6FBFFDB2DEBD7B671B366CC856AF5E9DD5D4D4640F3FFC70F6C8238F645BB66C29BC6C587ADDA3A3468DBAB03BB60A08023A1000CC9B37EFC1FBEEBBEF43975E7A6976E8A18776E8FD468C18910D1D3AB4E7F8F1E37FF6E52F7FB972E2C489BF90CA003B15007C3A0500935300505628FCA39276CA29A7E42DB1CDEDB3CF3EF976E08107661FFDE847F380E0EEBBEFCE66CD9A95D5D7D7C721FBA63CFFE6140854A540A05B55D2CC0ED849D10270DB6DB77DE85BDFFA5687038082830F3E38FBEE77BFDB339DBCE3D3C936462A03EC540BC0CC5468E7014014ECDFFFFEF76350608B01404BA285208E8FD7C5B8AE2695BF1BBA5BDE2C08D8093106204588275C7CF1C56D3EA9DA2ADEEF9BDFFCE6BE3D7AF4B82E9D6C43A53640DBC4188054EBFF65210038ECB0C3B2ABAFBE7A8782BC3DE275F1FA238F3CB26920707D77CA9B0501ED14B30066CF9E7D7D8C01E8AC1680965A0452345B99A2D95F4B7180361668A5A5130B6300A205E0B2CB2ECBFBFC3B22BA09BEFAD5AF360D24A26BE00641C05E6AE6CC9937C634BFE8C32FA6534F3DB567DFBE7D0FD12D00F0E6621A600A003E11B7630C4014DC1D0D009A0602D1F2DB64E0F7B0EE92370B02DAD90A505D5DFD859806D8A3478FA2FFBD71E3C6BD2545B6FF22E58B2F7DA7574526327CF870836561CFBC06B7E79531087067BB005A13EFF7E94F7FBA6979304E10B0978995005F7EF9E5F298D6D715DEF7BEF7555456561E12FD5C52BFE8AE4917F51D071C70C0DA73CE396766CA8C3E79F6D967EFBB3B7CB0EBAFBF3EABABABDB7E7FC58A15D979E79D178B4FB578FCD6AD5BF35A4B6BCF37F7F4D34FE7AF2958B87061FE37DECC75D75DB7C3E76AEDB3FFF5AF7FCD6F3FF1C413DB1F6F7A1B9A5F8329CFBBAD3DD760AC04987627145A01220828864F7EF2934D2B80C3BA43DE2C086887580AB8B585808AE5C8238FAC4DBBB3A47ED7282929E999B6CFA4CC6856FA9E6BD3453E2332A32F7DE94B55BBEA33C59CE528A4972F5F9EDD7EFBEDD9934F3E993F1E0B4FB5248E89C279FAF4E9D9A44993F211CE175C70418BC7C671CD33CCBBEEBA2BFBE31FFFD862B0D054DFBE7DB3071F7C7087E0E3A5975EDAE198F8CCE5E5AF55ECBEF6B5AF6D0F1ADA13A4B0F75D8369F7F96DD7E0B274FD4D7FB36B3096022E0C068C3C3A56692D869835100BBD35B1C7E7CD9A3EDB217E0B209602EE4AC71E7BEC7E7FFEF39F639DEB09BE812ED72B2EF294B99C950AACCD2920B82B655053D279F0BBB973E76E2DF61F8F42377DF7794DFAD7BFFE755E30C748E5D9B36747FF677E4C3CFFC10F7E707B411B05F1FDF7DF9F7DE4231FC9CE3DF7DCFCF13836FA475B12B5FE0810E2B8175E78217BFBDBDF9E3FDEBF7FFFD71D1B41C5F1C71FBF6306925E570818E6CD9B97AD5CB932FBC94F7E9217F6713BF651EB8FFF61D0A041D9BEFBBE56B17BD7BBDE950731F1790B9F1D5A1083F0CE4EFBB3D335F8F7742EDF916EDFD2FC1ADCF65B00B90F7FF8C345FD40F1FE71DD6DB3C7E7CDAEBE76881F038A91FB5DE99DEF7CE73ED96B3F74C1AE55510808060E1CB83E6546F3D2FDEB2A2B2BE7DE74D34D9D5EA58DC54AA2163D78F0E0AC57AF5E794199FE6E5EE0166AD751C35FB3664DFE78E1BC8C26FAABAEBA2A2F7C0BCDF59169C50A692DF9C31FFE90BF57B4184C9C3831BBE8A28BF2C71F78E081EC3DEF79CF0EC14014DAC71D77DCF6FB51E84761FEB18F7D2CBF9FD262FBDF89C2BD50EB8F1683F83F0AFF57D3AE87B3CF3E3B0F1ABAFABA628F5499AEBF91693F329DF375E91AFC43BA7D7D5C83294038BA499E59D40F513897B7D9E3F36641403BC4AF0146735057DAB265CB8074E26F4DB5D0AB7D03BB4F0B41FA4E4E4DFB53A3493B7D3735AFBCF24AA7FE8138CFA2F08E82376AE7510B8F423F0AD0EF7CE73BD989279E98D7E26305B442011A35EE33CE38233F3E8E7BE69967F2D684786D6B22A89833674E7E7BEAD4A9D9E73FFFF9FCEFC4FCEA4B2EB9243BE18413B2F3CF3F3F7FFEEB5FFF7A76C51557C4CC95FCFE92254BF2E6FF788F679F7D36AFF9178280F8FCB14500102D00F179220088EE83B7BEF5ADF9FD0856E2FD3A3B0088F10CD185E29AE9F62D0467A4FD19DBBA951A9A5E3BC5D4ECFDFB0B02F62271B2B5D60F5B2C0F3DF4503475C5F7F46FBE81DDD6E0586FFCCC33CFECD4378DE6F9E89F8F3100EF7EF7BBF366FD28E43FFEF18F6FEF7F8FC2BAE088238EC8F7D15D100142BC266AF65178C7F1B11C6AF467C66B22238B63E235112844C11C6BA9179AE6A30520BA204E3FFDF4BCA65FF83B51D0175A03A225200AFD4221DEBC593F3EDFE38F3F9E0721175E7861FE370B01C495575E99FDE0073F68B1DBA1A3FEF4A73FC5F89DCC35B357D93EBEADB3A605B626A60B3651B5A7279C20A01D2A2B2B1BE3E780BB321048B5C115B7DE7AEB7E2910F89E6FA0A8DA5A603464CD06D4A6EFE6B9638E39A6D3DB20A3E08EC2376AFDD1A71E8579A19BA03020AFD0C71EC7464B403C174DF4D142F0B9CF7D2E1F801785790413513B8EDA7ED4F0A340FEFDEF7F9F8D1F3F3E7F2E5E1705FE0E99432AD467CC98B143E01B4DFCD17510A2808F4188114044AB43041D05D1CD10DD1151C87FE10B5FD8FE390BE2331623000811244500950281EF38ADBBDD35D8B8ED1A2C6B760D36343636E6D7E5BA75EB8A1A08C48F0D35AD1B0A02F6227DFAF4D99232E18AE883ED2A3D7AF458954EF04DD3A64DBBDA37503C23478E6C35034A994B7DFA0E0A994E69BABF3ADDBF2F0609A6C0F09E181370FEF9E73776E6E789C23E9AF52308F8F18F7F9CF7FD47C11D8F45ED3DFAD22338681A30C4E3B18F8061C1820579C15B08166EB8E186BCCFFF80030EC8EF47937934FD47015F68D26F690641F3C23BEE8F1D3B767B4B45BC47B404C4EBFFF297BF6C3F2E3E5BB41844D7C29BFD9F9DDD7C1BC145B4785C7EF9E5AE99EE770D964400D0FC1A4C95B345E9F1218573AA984140BC7F132BF6F4741704B443CAAC96A48C6F485706018B162D8A49D6F552BFCB6DCE5E1B0C986DCB7C6294DB3D69BBA567CF9EF7A5827F7591CFB57C2D8042215CF805B4BCEAB169539E11359DAA54A8ADC74C8170CD35D7E453F20A6B5A446B402100281494859A783C1EEF194DFD1164440B400C466CC941071DB47D36408C098851D2110CC49880E6D745F3EE81B81F0147042805D13AD13498812605FFDFD3B557D9966B3005108F158280E79E7BAED3170A6A2A7E6EB889C704017B574BC0BCEAEAEA21AD8DB42E8654938B1AE63CA9DFE52AB6653AB7A6EDEE54C8FEAE18B300DE48D4DE0B23F70BC14014FE13264CC8D267C9FBFBA339BFE9B880106302228888968128DCE33D5A5BD42716F389752F6EBEF9E6BCBB21C480C468792814F6D1745F983A18BF9A59D0744C40D3590385CF19C141BC4F418C3D88FF25FECE6F7FFBDBBCD5228287428B0734B52D0068D33598028679E9F87CCE7E8CCF693E95B533C5FB37B1C7E7CD8280764819DAF753C6765E7D7D7D69172D18B469F1E2C5F16B55960EEEBADA47D42EE6969696FE66DBF4BFD5BBECE24C8577F4ADFFFCE73FCF0BFB28946B6B6BF3B502E2B9783C0281D847411ADD0051338F4239C60244211B85EEE4C993F3EE83A6A23B20828528BC0B030AA3B520DE23C60814C609442B41041D3BD39211EF11DD11F1D943AC5510031B43CC3A2874155834888E5E83E97A9899F2E51FC7CD18F0BA6AD5AAA22C1814C1ED82050BA26256B2EDA15BF7F860CB29D73E975E7AE9B3A3478F7E57B355A38A2265D25352C67CF0B469D33E2EE58B2BD62D4F35899A94E9DCBA3335FE3973E63436AF0D7796A85147611C05FF1B2DAC5328B45BCAB8A225A1B317E569CB6C995DB51850044C279F7CB2FC6D2FBA06478D1A3527051027C5ED58E33FE5D39DFE19535E9CDD79E79D85BBF3BB43DEAC25A0FDAD0157FE7772D451479517B93560F56F7EF39BF7A48BE24752BDF8D2C57CEDEEFAD9DA3A8FBEA500A0502B2F86B6CC92B11A205D780DFE226D7910306BD6ACBC95AB33C706BCF8E28BD18DB5BD1520E5CDFFD91DD2DD6F07B4D38D37DE38A3AEAEEEA938C98A69C28409B7353434AC5FB66CD934A90EF0C6A64E9D3A33EDE6C6EDFAFAFA7C25CA982ED819625AE04F7FFAD3FA9427175A97E67797BC5910B073AD0167DC71C71D1B172F5E5C94F75FB468D15D0B162C382D459A1774C51AF500DDC479D9B6697B4B972ECD7EF8C31F76381088002005148D2FBDF452A1E9B7AE3BE5CD82809D306DDAB49ACD9B375F904EB00D9DBD5C6C3AD11E183F7EFCD1E924FB7A8A6CFF22B501DA9E373736365E9C6EE60574CC488981B4D194BF33E275DFFEF6B7EB53C56CFBF89294375FD89DF26641C04E9A3C79F294BABABA8BAFBAEAAABACE6A118816806F7CE31BEFA8AFAFBF3E9D6493A53240FBDC72CB2DD14C7F41211088168158A67ACA9429CD17FA69551C178300AFB8E28AA62D003173E1CAEE96379739653A54683F3A64C890E7E7CF9F7F4A5959D9D6430F3DB4A2B474A7E2AAD53FFAD18FA6A593F7F874925D95F63F97BA7B96B163C75EED97F0761F31A3E2E69B6FB66CF05EAABABAFAB1238E38226A6727A59A7B55CA57F3A5ADEFB9E79E7C1A6CCC5A8981DD915FC7AF5F46937FB4EAA63C3D9B3973664C976D78E289274AD2EB0A2D00B15EC1B8EE98371BBADB0951E7C891231F9A3E7DFA8DB366CD3A62DCB8717DDEFFFEF7F76CE3CB37CD993367E6A4499386A49372483A594FD00500D0797973CA576F284C1D8C0183B14A656C6FA2696D6E7E8C01E8AE79B320A013443F54DA7D229D70674D9830E1C28A8A8A23870E1DFACAB061C3F63DE490432AFAF5EB3730A6536DDCB871F9EAD5ABD73CF9E4938BE7CF9F5FB678F1E2C3D2493928BDF617B5B5B5930D0204E8F4BCF9E4C89B53413E2E0503C3DB51EECD4FDB8DDD3D6F160474EE0917AB47DD3A7AF4E8410B172E3CEBB1C71EFB58BA7F4CF6DA2F4DC5A4EABE69DB92BDF64B58FF93B60BB79DA4007441DEDCD0D070560A060A79F3C06D7973E4D131AB207E0B209602BE756FC99B0501453065CA94BFA5DD4FB66D00C89B774B6607008020000010040000820000401000000802000041000020080000040100802000001004000082000040100000080200004100EC49175269696343438384D80DA4EFE185B4DB2A254010005DA2AAAAEAE575EBD64988DDC0ABAFBE5A9D768F490910044097E8D1A3C7FC356BD64888DD406D6DEDDAB49B2B254010005D62D3A64DFFBE6CD9B22D8D8D8D1263D7AA59B56AD551697F9BA40041007489E38E3BEEE114003CBE74E95289B10B555757CF49DFC3D2934F3EF921A9018200E8CAD680313535351BD6AE5D2B317681D5AB57DFB96AD5AAD31B1A1A2E911AD0366592003AC7E4C993577CF18B5F7C78E5CA959FE9DBB76F556565A544E9C20060D1A24547969494FCF329A79C325F8A802000BADCA449939E1B3366CCFF2D5FBEFCB3A9405ADFA74F9F9E692F618AA7A6BABA7A464D4DCD8911009C74D249BF9324D076722728827BEFBD77686969E94FCBCBCBDF3F60C080BFF5EFDFFF6D7DFBF61D981E93381D14EB00C434C09805108300630C4074018C1831A25AEA802000761BB367CF3E3AD550CF4C3787A7ED98B45549950E8B8580621D80B969BBCD2040000000000000000000000000000000000000000000000000000000000000000000000000000000000000000000000000000000000000000000000000000000000000000000000000000000000000000000000000000000000000000000000000008036F87F4457C82E7137C63A0000000049454E44AE426082, 0);

-- ----------------------------
-- Table structure for act_ge_property
-- ----------------------------
DROP TABLE IF EXISTS `act_ge_property`;
CREATE TABLE `act_ge_property`  (
  `NAME_` varchar(64) CHARACTER SET utf8 COLLATE utf8_bin NOT NULL,
  `VALUE_` varchar(300) CHARACTER SET utf8 COLLATE utf8_bin NULL DEFAULT NULL,
  `REV_` int NULL DEFAULT NULL,
  PRIMARY KEY (`NAME_`) USING BTREE
) ENGINE = InnoDB CHARACTER SET = utf8 COLLATE = utf8_bin ROW_FORMAT = DYNAMIC;

-- ----------------------------
-- Records of act_ge_property
-- ----------------------------
INSERT INTO `act_ge_property` VALUES ('cfg.execution-related-entities-count', 'false', 1);
INSERT INTO `act_ge_property` VALUES ('next.dbid', '1', 1);
INSERT INTO `act_ge_property` VALUES ('schema.history', 'create(7.1.0-M6)', 1);
INSERT INTO `act_ge_property` VALUES ('schema.version', '7.1.0-M6', 1);

-- ----------------------------
-- Table structure for act_hi_actinst
-- ----------------------------
DROP TABLE IF EXISTS `act_hi_actinst`;
CREATE TABLE `act_hi_actinst`  (
  `ID_` varchar(64) CHARACTER SET utf8 COLLATE utf8_bin NOT NULL,
  `PROC_DEF_ID_` varchar(64) CHARACTER SET utf8 COLLATE utf8_bin NOT NULL,
  `PROC_INST_ID_` varchar(64) CHARACTER SET utf8 COLLATE utf8_bin NOT NULL,
  `EXECUTION_ID_` varchar(64) CHARACTER SET utf8 COLLATE utf8_bin NOT NULL,
  `ACT_ID_` varchar(255) CHARACTER SET utf8 COLLATE utf8_bin NOT NULL,
  `TASK_ID_` varchar(64) CHARACTER SET utf8 COLLATE utf8_bin NULL DEFAULT NULL,
  `CALL_PROC_INST_ID_` varchar(64) CHARACTER SET utf8 COLLATE utf8_bin NULL DEFAULT NULL,
  `ACT_NAME_` varchar(255) CHARACTER SET utf8 COLLATE utf8_bin NULL DEFAULT NULL,
  `ACT_TYPE_` varchar(255) CHARACTER SET utf8 COLLATE utf8_bin NOT NULL,
  `ASSIGNEE_` varchar(255) CHARACTER SET utf8 COLLATE utf8_bin NULL DEFAULT NULL,
  `START_TIME_` datetime(3) NOT NULL,
  `END_TIME_` datetime(3) NULL DEFAULT NULL,
  `DURATION_` bigint NULL DEFAULT NULL,
  `DELETE_REASON_` varchar(4000) CHARACTER SET utf8 COLLATE utf8_bin NULL DEFAULT NULL,
  `TENANT_ID_` varchar(255) CHARACTER SET utf8 COLLATE utf8_bin NULL DEFAULT '',
  PRIMARY KEY (`ID_`) USING BTREE,
  INDEX `ACT_IDX_HI_ACT_INST_START`(`START_TIME_`) USING BTREE,
  INDEX `ACT_IDX_HI_ACT_INST_END`(`END_TIME_`) USING BTREE,
  INDEX `ACT_IDX_HI_ACT_INST_PROCINST`(`PROC_INST_ID_`, `ACT_ID_`) USING BTREE,
  INDEX `ACT_IDX_HI_ACT_INST_EXEC`(`EXECUTION_ID_`, `ACT_ID_`) USING BTREE
) ENGINE = InnoDB CHARACTER SET = utf8 COLLATE = utf8_bin ROW_FORMAT = DYNAMIC;

-- ----------------------------
-- Records of act_hi_actinst
-- ----------------------------
INSERT INTO `act_hi_actinst` VALUES ('0295917a-32fb-11ed-9c60-283a4d3b4979', 'Leave:1:ecc98b0e-2fe9-11ed-aa68-283a4d3b4979', '029458f3-32fb-11ed-9c60-283a4d3b4979', '02951c49-32fb-11ed-9c60-283a4d3b4979', 'sid-3AAF069C-9D1F-4109-B5D0-F6F48FD36F44', NULL, NULL, '开始', 'startEvent', NULL, '2022-09-13 08:28:37.989', '2022-09-13 08:28:37.992', 3, NULL, '');
INSERT INTO `act_hi_actinst` VALUES ('0296a2eb-32fb-11ed-9c60-283a4d3b4979', 'Leave:1:ecc98b0e-2fe9-11ed-aa68-283a4d3b4979', '029458f3-32fb-11ed-9c60-283a4d3b4979', '02951c49-32fb-11ed-9c60-283a4d3b4979', 'sid-B9B9B816-D9E3-4A0D-97A2-C504074C7DF7', '02989ebc-32fb-11ed-9c60-283a4d3b4979', NULL, '直属领导审批', 'userTask', 'admin', '2022-09-13 08:28:37.996', '2022-09-13 08:58:32.119', 1794123, NULL, '');
INSERT INTO `act_hi_actinst` VALUES ('03b449dc-a342-11ee-ade9-6e6a773b7536', 'StudentLeave:2:a4637154-a322-11ee-ade9-6e6a773b7536', '03b3ad95-a342-11ee-ade9-6e6a773b7536', '03b422cb-a342-11ee-ade9-6e6a773b7536', 'sid-27ADD384-943E-4C24-A4AB-8415F1095266', NULL, NULL, NULL, 'startEvent', NULL, '2023-12-26 00:24:02.038', '2023-12-26 00:24:02.039', 1, NULL, '');
INSERT INTO `act_hi_actinst` VALUES ('03b470ed-a342-11ee-ade9-6e6a773b7536', 'StudentLeave:2:a4637154-a322-11ee-ade9-6e6a773b7536', '03b3ad95-a342-11ee-ade9-6e6a773b7536', '03b422cb-a342-11ee-ade9-6e6a773b7536', 'sid-088C0AE6-B15D-40B6-ABB3-27BA429EC5C5', '03b497fe-a342-11ee-ade9-6e6a773b7536', NULL, '辅导员审批', 'userTask', 'admin', '2023-12-26 00:24:02.039', '2023-12-26 00:24:50.080', 48041, NULL, '');
INSERT INTO `act_hi_actinst` VALUES ('05da3264-a3c3-11ee-aaa2-6e6a773b7536', 'courseManager:1:fc28f24c-91a4-11ee-9fdf-6e6a773b7536', '05da0b4d-a3c3-11ee-aaa2-6e6a773b7536', '05da3263-a3c3-11ee-aaa2-6e6a773b7536', 'sid-8E24BFE6-A0BA-4DDD-A99F-2D80F555522E', NULL, NULL, NULL, 'startEvent', NULL, '2023-12-26 15:47:30.720', '2023-12-26 15:47:30.720', 0, NULL, '');
INSERT INTO `act_hi_actinst` VALUES ('05da3265-a3c3-11ee-aaa2-6e6a773b7536', 'courseManager:1:fc28f24c-91a4-11ee-9fdf-6e6a773b7536', '05da0b4d-a3c3-11ee-aaa2-6e6a773b7536', '05da3263-a3c3-11ee-aaa2-6e6a773b7536', 'sid-F0F2FA55-89B4-4A31-8F82-6A9C79487DFC', '05da3266-a3c3-11ee-aaa2-6e6a773b7536', NULL, '教务处审批', 'userTask', 'admin', '2023-12-26 15:47:30.720', '2023-12-26 15:57:18.200', 587480, NULL, '');
INSERT INTO `act_hi_actinst` VALUES ('0781a0e4-a3c3-11ee-aaa2-6e6a773b7536', 'courseManager:1:fc28f24c-91a4-11ee-9fdf-6e6a773b7536', '078179cd-a3c3-11ee-aaa2-6e6a773b7536', '0781a0e3-a3c3-11ee-aaa2-6e6a773b7536', 'sid-8E24BFE6-A0BA-4DDD-A99F-2D80F555522E', NULL, NULL, NULL, 'startEvent', NULL, '2023-12-26 15:47:33.495', '2023-12-26 15:47:33.495', 0, NULL, '');
INSERT INTO `act_hi_actinst` VALUES ('0781a0e5-a3c3-11ee-aaa2-6e6a773b7536', 'courseManager:1:fc28f24c-91a4-11ee-9fdf-6e6a773b7536', '078179cd-a3c3-11ee-aaa2-6e6a773b7536', '0781a0e3-a3c3-11ee-aaa2-6e6a773b7536', 'sid-F0F2FA55-89B4-4A31-8F82-6A9C79487DFC', '0781a0e6-a3c3-11ee-aaa2-6e6a773b7536', NULL, '教务处审批', 'userTask', 'admin', '2023-12-26 15:47:33.495', '2023-12-26 15:57:15.636', 582141, NULL, '');
INSERT INTO `act_hi_actinst` VALUES ('0bb2a370-34a8-11ed-a5e5-283a4d3b4979', 'Leave:1:ecc98b0e-2fe9-11ed-aa68-283a4d3b4979', 'b98a3e96-34a0-11ed-a5e5-283a4d3b4979', 'b98c3a6c-34a0-11ed-a5e5-283a4d3b4979', 'sid-2DCAD4A9-FAE9-4044-B7B5-BBADCA437929', '0bb2a371-34a8-11ed-a5e5-283a4d3b4979', NULL, '部门经理审批', 'userTask', 'admin', '2022-09-15 11:39:47.376', '2022-09-15 11:40:31.150', 43774, NULL, '');
INSERT INTO `act_hi_actinst` VALUES ('18edb761-5ad5-11ee-bbd0-6e6a773b7536', 'Leave:1:ecc98b0e-2fe9-11ed-aa68-283a4d3b4979', '18eb947a-5ad5-11ee-bbd0-6e6a773b7536', '18ecf410-5ad5-11ee-bbd0-6e6a773b7536', 'sid-3AAF069C-9D1F-4109-B5D0-F6F48FD36F44', NULL, NULL, '开始', 'startEvent', NULL, '2023-09-24 20:22:58.783', '2023-09-24 20:22:58.787', 4, NULL, '');
INSERT INTO `act_hi_actinst` VALUES ('18eec8d2-5ad5-11ee-bbd0-6e6a773b7536', 'Leave:1:ecc98b0e-2fe9-11ed-aa68-283a4d3b4979', '18eb947a-5ad5-11ee-bbd0-6e6a773b7536', '18ecf410-5ad5-11ee-bbd0-6e6a773b7536', 'sid-B9B9B816-D9E3-4A0D-97A2-C504074C7DF7', '18f0ebb3-5ad5-11ee-bbd0-6e6a773b7536', NULL, '直属领导审批', 'userTask', 'admin', '2023-09-24 20:22:58.790', '2023-10-16 20:37:44.231', 1901685441, NULL, '');
INSERT INTO `act_hi_actinst` VALUES ('2056ea88-a342-11ee-ade9-6e6a773b7536', 'StudentLeave:2:a4637154-a322-11ee-ade9-6e6a773b7536', '03b3ad95-a342-11ee-ade9-6e6a773b7536', '03b422cb-a342-11ee-ade9-6e6a773b7536', 'sid-2922AC1E-C639-47A1-B67C-B05F7E6B9129', NULL, NULL, NULL, 'endEvent', NULL, '2023-12-26 00:24:50.080', '2023-12-26 00:24:50.080', 0, NULL, '');
INSERT INTO `act_hi_actinst` VALUES ('25ca055a-34a8-11ed-a5e5-283a4d3b4979', 'Leave:1:ecc98b0e-2fe9-11ed-aa68-283a4d3b4979', 'b98a3e96-34a0-11ed-a5e5-283a4d3b4979', 'b98c3a6c-34a0-11ed-a5e5-283a4d3b4979', 'sid-95041659-921C-4647-AA7E-007DD53297BA', '25ca055b-34a8-11ed-a5e5-283a4d3b4979', NULL, '人事专员审批', 'userTask', 'admin', '2022-09-15 11:40:31.150', '2022-09-15 11:40:43.188', 12038, NULL, '');
INSERT INTO `act_hi_actinst` VALUES ('266d17fb-a293-11ee-b602-6e6a773b7536', 'Leave:1:ecc98b0e-2fe9-11ed-aa68-283a4d3b4979', '266b6a44-a293-11ee-b602-6e6a773b7536', '266c54aa-a293-11ee-b602-6e6a773b7536', 'sid-3AAF069C-9D1F-4109-B5D0-F6F48FD36F44', NULL, NULL, '开始', 'startEvent', NULL, '2023-12-25 03:32:18.364', '2023-12-25 03:32:18.367', 3, NULL, '');
INSERT INTO `act_hi_actinst` VALUES ('266e296c-a293-11ee-b602-6e6a773b7536', 'Leave:1:ecc98b0e-2fe9-11ed-aa68-283a4d3b4979', '266b6a44-a293-11ee-b602-6e6a773b7536', '266c54aa-a293-11ee-b602-6e6a773b7536', 'sid-B9B9B816-D9E3-4A0D-97A2-C504074C7DF7', '26709a6d-a293-11ee-b602-6e6a773b7536', NULL, '直属领导审批', 'userTask', 'admin', '2023-12-25 03:32:18.371', '2023-12-26 15:37:40.455', 129922084, NULL, '');
INSERT INTO `act_hi_actinst` VALUES ('27fb1bb7-91da-11ee-a869-6e6a773b7536', 'Leave:1:ecc98b0e-2fe9-11ed-aa68-283a4d3b4979', '27f3a1a0-91da-11ee-a869-6e6a773b7536', '27f7c056-91da-11ee-a869-6e6a773b7536', 'sid-3AAF069C-9D1F-4109-B5D0-F6F48FD36F44', NULL, NULL, '开始', 'startEvent', NULL, '2023-12-03 20:47:45.473', '2023-12-03 20:47:45.479', 6, NULL, '');
INSERT INTO `act_hi_actinst` VALUES ('27fcf078-91da-11ee-a869-6e6a773b7536', 'Leave:1:ecc98b0e-2fe9-11ed-aa68-283a4d3b4979', '27f3a1a0-91da-11ee-a869-6e6a773b7536', '27f7c056-91da-11ee-a869-6e6a773b7536', 'sid-B9B9B816-D9E3-4A0D-97A2-C504074C7DF7', '28013639-91da-11ee-a869-6e6a773b7536', NULL, '直属领导审批', 'userTask', 'admin', '2023-12-03 20:47:45.485', '2023-12-26 15:38:05.074', 1968619589, NULL, '');
INSERT INTO `act_hi_actinst` VALUES ('2cf6dfc4-34a8-11ed-a5e5-283a4d3b4979', 'Leave:1:ecc98b0e-2fe9-11ed-aa68-283a4d3b4979', 'b98a3e96-34a0-11ed-a5e5-283a4d3b4979', 'b98c3a6c-34a0-11ed-a5e5-283a4d3b4979', 'sid-E6384472-DFD1-4776-83CB-1F8733961BEE', '2cf6dfc5-34a8-11ed-a5e5-283a4d3b4979', NULL, '人事经理审批', 'userTask', 'admin', '2022-09-15 11:40:43.188', '2022-09-15 11:41:58.949', 75761, NULL, '');
INSERT INTO `act_hi_actinst` VALUES ('2deb7a90-a342-11ee-ade9-6e6a773b7536', 'StudentLeave:2:a4637154-a322-11ee-ade9-6e6a773b7536', '2deb7a89-a342-11ee-ade9-6e6a773b7536', '2deb7a8f-a342-11ee-ade9-6e6a773b7536', 'sid-27ADD384-943E-4C24-A4AB-8415F1095266', NULL, NULL, NULL, 'startEvent', NULL, '2023-12-26 00:25:12.864', '2023-12-26 00:25:12.865', 1, NULL, '');
INSERT INTO `act_hi_actinst` VALUES ('2deba1a1-a342-11ee-ade9-6e6a773b7536', 'StudentLeave:2:a4637154-a322-11ee-ade9-6e6a773b7536', '2deb7a89-a342-11ee-ade9-6e6a773b7536', '2deb7a8f-a342-11ee-ade9-6e6a773b7536', 'sid-088C0AE6-B15D-40B6-ABB3-27BA429EC5C5', '2deba1a2-a342-11ee-ade9-6e6a773b7536', NULL, '辅导员审批', 'userTask', 'zhangsan', '2023-12-26 00:25:12.865', '2023-12-26 00:25:37.913', 25048, NULL, '');
INSERT INTO `act_hi_actinst` VALUES ('2ff8b0c1-32ff-11ed-87bc-283a4d3b4979', 'Leave:1:ecc98b0e-2fe9-11ed-aa68-283a4d3b4979', '029458f3-32fb-11ed-9c60-283a4d3b4979', '02951c49-32fb-11ed-9c60-283a4d3b4979', 'sid-2DCAD4A9-FAE9-4044-B7B5-BBADCA437929', '2ffb21c2-32ff-11ed-87bc-283a4d3b4979', NULL, '部门经理审批', 'userTask', 'zhangsan', '2022-09-13 08:58:32.123', '2022-09-13 09:01:07.109', 154986, NULL, '');
INSERT INTO `act_hi_actinst` VALUES ('3b50480d-a342-11ee-ade9-6e6a773b7536', 'courseManager:1:fc28f24c-91a4-11ee-9fdf-6e6a773b7536', 'd077ff52-a320-11ee-ade9-6e6a773b7536', 'd079d418-a320-11ee-ade9-6e6a773b7536', 'sid-DB70A998-59CE-40F0-9B9A-FD0D23196457', NULL, NULL, NULL, 'endEvent', NULL, '2023-12-26 00:25:35.335', '2023-12-26 00:25:35.335', 0, NULL, '');
INSERT INTO `act_hi_actinst` VALUES ('3cd9a731-a342-11ee-ade9-6e6a773b7536', 'StudentLeave:2:a4637154-a322-11ee-ade9-6e6a773b7536', '2deb7a89-a342-11ee-ade9-6e6a773b7536', '2deb7a8f-a342-11ee-ade9-6e6a773b7536', 'sid-2922AC1E-C639-47A1-B67C-B05F7E6B9129', NULL, NULL, NULL, 'endEvent', NULL, '2023-12-26 00:25:37.913', '2023-12-26 00:25:37.913', 0, NULL, '');
INSERT INTO `act_hi_actinst` VALUES ('3d31627e-34a8-11ed-a5e5-283a4d3b4979', 'Leave:1:ecc98b0e-2fe9-11ed-aa68-283a4d3b4979', 'c7443de8-33c7-11ed-86cc-283a4d3b4979', 'c745013e-33c7-11ed-86cc-283a4d3b4979', 'sid-2DCAD4A9-FAE9-4044-B7B5-BBADCA437929', '3d31898f-34a8-11ed-a5e5-283a4d3b4979', NULL, '部门经理审批', 'userTask', 'admin', '2022-09-15 11:41:10.415', '2022-09-15 11:41:17.056', 6641, NULL, '');
INSERT INTO `act_hi_actinst` VALUES ('4126b898-34a8-11ed-a5e5-283a4d3b4979', 'Leave:1:ecc98b0e-2fe9-11ed-aa68-283a4d3b4979', 'c7443de8-33c7-11ed-86cc-283a4d3b4979', 'c745013e-33c7-11ed-86cc-283a4d3b4979', 'sid-95041659-921C-4647-AA7E-007DD53297BA', '4126dfa9-34a8-11ed-a5e5-283a4d3b4979', NULL, '人事专员审批', 'userTask', 'admin', '2022-09-15 11:41:17.056', '2022-09-15 11:41:22.700', 5644, NULL, '');
INSERT INTO `act_hi_actinst` VALUES ('4483ed62-34a8-11ed-a5e5-283a4d3b4979', 'Leave:1:ecc98b0e-2fe9-11ed-aa68-283a4d3b4979', 'c7443de8-33c7-11ed-86cc-283a4d3b4979', 'c745013e-33c7-11ed-86cc-283a4d3b4979', 'sid-E6384472-DFD1-4776-83CB-1F8733961BEE', '4483ed63-34a8-11ed-a5e5-283a4d3b4979', NULL, '人事经理审批', 'userTask', 'admin', '2022-09-15 11:41:22.700', '2022-09-15 11:41:28.246', 5546, NULL, '');
INSERT INTO `act_hi_actinst` VALUES ('47d22e0c-34a8-11ed-a5e5-283a4d3b4979', 'Leave:1:ecc98b0e-2fe9-11ed-aa68-283a4d3b4979', 'c7443de8-33c7-11ed-86cc-283a4d3b4979', 'c745013e-33c7-11ed-86cc-283a4d3b4979', 'sid-2B5363F4-D5A0-41C4-B626-E497657D21E4', '47d22e0d-34a8-11ed-a5e5-283a4d3b4979', NULL, '总经理审批', 'userTask', 'admin', '2022-09-15 11:41:28.246', '2022-09-15 11:41:35.784', 7538, NULL, '');
INSERT INTO `act_hi_actinst` VALUES ('4a8e7de3-a3be-11ee-8fe5-6e6a773b7536', 'StudentLeave:2:a4637154-a322-11ee-ade9-6e6a773b7536', '4a8ca91c-a3be-11ee-8fe5-6e6a773b7536', '4a8e08b2-a3be-11ee-8fe5-6e6a773b7536', 'sid-27ADD384-943E-4C24-A4AB-8415F1095266', NULL, NULL, NULL, 'startEvent', NULL, '2023-12-26 15:13:38.503', '2023-12-26 15:13:38.506', 3, NULL, '');
INSERT INTO `act_hi_actinst` VALUES ('4a8f6844-a3be-11ee-8fe5-6e6a773b7536', 'StudentLeave:2:a4637154-a322-11ee-ade9-6e6a773b7536', '4a8ca91c-a3be-11ee-8fe5-6e6a773b7536', '4a8e08b2-a3be-11ee-8fe5-6e6a773b7536', 'sid-088C0AE6-B15D-40B6-ABB3-27BA429EC5C5', '4a916415-a3be-11ee-8fe5-6e6a773b7536', NULL, '辅导员审批', 'userTask', 'xiaoming', '2023-12-26 15:13:38.509', '2023-12-26 15:13:55.043', 16534, NULL, '');
INSERT INTO `act_hi_actinst` VALUES ('4c506336-34a8-11ed-a5e5-283a4d3b4979', 'Leave:1:ecc98b0e-2fe9-11ed-aa68-283a4d3b4979', 'c7443de8-33c7-11ed-86cc-283a4d3b4979', 'c745013e-33c7-11ed-86cc-283a4d3b4979', 'sid-C9AF2295-51A5-44C8-AF20-AA44B6446843', NULL, NULL, '结束', 'endEvent', NULL, '2022-09-15 11:41:35.784', '2022-09-15 11:41:35.784', 0, NULL, '');
INSERT INTO `act_hi_actinst` VALUES ('546a72bf-a3be-11ee-8fe5-6e6a773b7536', 'StudentLeave:2:a4637154-a322-11ee-ade9-6e6a773b7536', '4a8ca91c-a3be-11ee-8fe5-6e6a773b7536', '4a8e08b2-a3be-11ee-8fe5-6e6a773b7536', 'sid-2922AC1E-C639-47A1-B67C-B05F7E6B9129', NULL, NULL, NULL, 'endEvent', NULL, '2023-12-26 15:13:55.044', '2023-12-26 15:13:55.044', 0, NULL, '');
INSERT INTO `act_hi_actinst` VALUES ('5691623a-a3c4-11ee-9623-6e6a773b7536', 'courseManager:1:fc28f24c-91a4-11ee-9fdf-6e6a773b7536', '568f3f53-a3c4-11ee-9623-6e6a773b7536', '5690ed09-a3c4-11ee-9623-6e6a773b7536', 'sid-8E24BFE6-A0BA-4DDD-A99F-2D80F555522E', NULL, NULL, NULL, 'startEvent', NULL, '2023-12-26 15:56:55.635', '2023-12-26 15:56:55.638', 3, NULL, '');
INSERT INTO `act_hi_actinst` VALUES ('569273ab-a3c4-11ee-9623-6e6a773b7536', 'courseManager:1:fc28f24c-91a4-11ee-9fdf-6e6a773b7536', '568f3f53-a3c4-11ee-9623-6e6a773b7536', '5690ed09-a3c4-11ee-9623-6e6a773b7536', 'sid-F0F2FA55-89B4-4A31-8F82-6A9C79487DFC', '5694bd9c-a3c4-11ee-9623-6e6a773b7536', NULL, '教务处审批', 'userTask', 'admin', '2023-12-26 15:56:55.642', '2023-12-26 15:57:16.899', 21257, NULL, '');
INSERT INTO `act_hi_actinst` VALUES ('57e50b6a-a3c4-11ee-9623-6e6a773b7536', 'courseManager:1:fc28f24c-91a4-11ee-9fdf-6e6a773b7536', '57e4e453-a3c4-11ee-9623-6e6a773b7536', '57e50b69-a3c4-11ee-9623-6e6a773b7536', 'sid-8E24BFE6-A0BA-4DDD-A99F-2D80F555522E', NULL, NULL, NULL, 'startEvent', NULL, '2023-12-26 15:56:57.861', '2023-12-26 15:56:57.862', 1, NULL, '');
INSERT INTO `act_hi_actinst` VALUES ('57e5327b-a3c4-11ee-9623-6e6a773b7536', 'courseManager:1:fc28f24c-91a4-11ee-9fdf-6e6a773b7536', '57e4e453-a3c4-11ee-9623-6e6a773b7536', '57e50b69-a3c4-11ee-9623-6e6a773b7536', 'sid-F0F2FA55-89B4-4A31-8F82-6A9C79487DFC', '57e5327c-a3c4-11ee-9623-6e6a773b7536', NULL, '教务处审批', 'userTask', 'admin', '2023-12-26 15:56:57.862', '2023-12-26 15:57:14.376', 16514, NULL, '');
INSERT INTO `act_hi_actinst` VALUES ('5a1f160a-34a8-11ed-a5e5-283a4d3b4979', 'Leave:1:ecc98b0e-2fe9-11ed-aa68-283a4d3b4979', 'b98a3e96-34a0-11ed-a5e5-283a4d3b4979', 'b98c3a6c-34a0-11ed-a5e5-283a4d3b4979', 'sid-2B5363F4-D5A0-41C4-B626-E497657D21E4', '5a1f160b-34a8-11ed-a5e5-283a4d3b4979', NULL, '总经理审批', 'userTask', 'admin', '2022-09-15 11:41:58.949', '2023-09-15 04:11:22.829', 31508963880, NULL, '');
INSERT INTO `act_hi_actinst` VALUES ('6194aaf4-a3c2-11ee-aaa2-6e6a773b7536', 'StudentLeave:2:a4637154-a322-11ee-ade9-6e6a773b7536', '6193c08d-a3c2-11ee-aaa2-6e6a773b7536', '619435c3-a3c2-11ee-aaa2-6e6a773b7536', 'sid-27ADD384-943E-4C24-A4AB-8415F1095266', NULL, NULL, NULL, 'startEvent', NULL, '2023-12-26 15:42:55.118', '2023-12-26 15:42:55.118', 0, NULL, '');
INSERT INTO `act_hi_actinst` VALUES ('6194aaf5-a3c2-11ee-aaa2-6e6a773b7536', 'StudentLeave:2:a4637154-a322-11ee-ade9-6e6a773b7536', '6193c08d-a3c2-11ee-aaa2-6e6a773b7536', '619435c3-a3c2-11ee-aaa2-6e6a773b7536', 'sid-088C0AE6-B15D-40B6-ABB3-27BA429EC5C5', '6194aaf6-a3c2-11ee-aaa2-6e6a773b7536', NULL, '辅导员审批', 'userTask', 'lisi', '2023-12-26 15:42:55.118', '2023-12-26 15:42:59.281', 4163, NULL, '');
INSERT INTO `act_hi_actinst` VALUES ('61bd08a6-a3c4-11ee-9623-6e6a773b7536', 'courseManager:1:fc28f24c-91a4-11ee-9fdf-6e6a773b7536', '57e4e453-a3c4-11ee-9623-6e6a773b7536', '57e50b69-a3c4-11ee-9623-6e6a773b7536', 'sid-DB70A998-59CE-40F0-9B9A-FD0D23196457', NULL, NULL, NULL, 'endEvent', NULL, '2023-12-26 15:57:14.376', '2023-12-26 15:57:14.376', 0, NULL, '');
INSERT INTO `act_hi_actinst` VALUES ('627d4b6a-a3c4-11ee-9623-6e6a773b7536', 'courseManager:1:fc28f24c-91a4-11ee-9fdf-6e6a773b7536', '078179cd-a3c3-11ee-aaa2-6e6a773b7536', '0781a0e3-a3c3-11ee-aaa2-6e6a773b7536', 'sid-DB70A998-59CE-40F0-9B9A-FD0D23196457', NULL, NULL, NULL, 'endEvent', NULL, '2023-12-26 15:57:15.636', '2023-12-26 15:57:15.636', 0, NULL, '');
INSERT INTO `act_hi_actinst` VALUES ('633e035e-a3c4-11ee-9623-6e6a773b7536', 'courseManager:1:fc28f24c-91a4-11ee-9fdf-6e6a773b7536', '568f3f53-a3c4-11ee-9623-6e6a773b7536', '5690ed09-a3c4-11ee-9623-6e6a773b7536', 'sid-DB70A998-59CE-40F0-9B9A-FD0D23196457', NULL, NULL, NULL, 'endEvent', NULL, '2023-12-26 15:57:16.899', '2023-12-26 15:57:16.900', 1, NULL, '');
INSERT INTO `act_hi_actinst` VALUES ('640487b2-a3c4-11ee-9623-6e6a773b7536', 'courseManager:1:fc28f24c-91a4-11ee-9fdf-6e6a773b7536', '05da0b4d-a3c3-11ee-aaa2-6e6a773b7536', '05da3263-a3c3-11ee-aaa2-6e6a773b7536', 'sid-DB70A998-59CE-40F0-9B9A-FD0D23196457', NULL, NULL, NULL, 'endEvent', NULL, '2023-12-26 15:57:18.200', '2023-12-26 15:57:18.200', 0, NULL, '');
INSERT INTO `act_hi_actinst` VALUES ('640fe430-a3c2-11ee-aaa2-6e6a773b7536', 'StudentLeave:2:a4637154-a322-11ee-ade9-6e6a773b7536', '6193c08d-a3c2-11ee-aaa2-6e6a773b7536', '619435c3-a3c2-11ee-aaa2-6e6a773b7536', 'sid-2922AC1E-C639-47A1-B67C-B05F7E6B9129', NULL, NULL, NULL, 'endEvent', NULL, '2023-12-26 15:42:59.281', '2023-12-26 15:42:59.281', 0, NULL, '');
INSERT INTO `act_hi_actinst` VALUES ('65e6a1a0-9f44-11ee-bdc4-6e6a773b7536', 'Leave:1:ecc98b0e-2fe9-11ed-aa68-283a4d3b4979', '65e59029-9f44-11ee-bdc4-6e6a773b7536', '65e6537f-9f44-11ee-bdc4-6e6a773b7536', 'sid-3AAF069C-9D1F-4109-B5D0-F6F48FD36F44', NULL, NULL, '开始', 'startEvent', NULL, '2023-12-20 22:31:01.127', '2023-12-20 22:31:01.132', 5, NULL, '');
INSERT INTO `act_hi_actinst` VALUES ('65e7b311-9f44-11ee-bdc4-6e6a773b7536', 'Leave:1:ecc98b0e-2fe9-11ed-aa68-283a4d3b4979', '65e59029-9f44-11ee-bdc4-6e6a773b7536', '65e6537f-9f44-11ee-bdc4-6e6a773b7536', 'sid-B9B9B816-D9E3-4A0D-97A2-C504074C7DF7', '65ea2412-9f44-11ee-bdc4-6e6a773b7536', NULL, '直属领导审批', 'userTask', 'admin', '2023-12-20 22:31:01.134', '2023-12-26 15:37:43.007', 493601873, NULL, '');
INSERT INTO `act_hi_actinst` VALUES ('6f731548-a3c2-11ee-aaa2-6e6a773b7536', 'courseManager:1:fc28f24c-91a4-11ee-9fdf-6e6a773b7536', '6f72ee31-a3c2-11ee-aaa2-6e6a773b7536', '6f731547-a3c2-11ee-aaa2-6e6a773b7536', 'sid-8E24BFE6-A0BA-4DDD-A99F-2D80F555522E', NULL, NULL, NULL, 'startEvent', NULL, '2023-12-26 15:43:18.386', '2023-12-26 15:43:18.386', 0, NULL, '');
INSERT INTO `act_hi_actinst` VALUES ('6f731549-a3c2-11ee-aaa2-6e6a773b7536', 'courseManager:1:fc28f24c-91a4-11ee-9fdf-6e6a773b7536', '6f72ee31-a3c2-11ee-aaa2-6e6a773b7536', '6f731547-a3c2-11ee-aaa2-6e6a773b7536', 'sid-F0F2FA55-89B4-4A31-8F82-6A9C79487DFC', '6f73154a-a3c2-11ee-aaa2-6e6a773b7536', NULL, '教务处审批', 'userTask', 'admin', '2023-12-26 15:43:18.386', '2023-12-26 15:43:34.684', 16298, NULL, '');
INSERT INTO `act_hi_actinst` VALUES ('70c4c2a8-a3c2-11ee-aaa2-6e6a773b7536', 'courseManager:1:fc28f24c-91a4-11ee-9fdf-6e6a773b7536', '70c4c2a1-a3c2-11ee-aaa2-6e6a773b7536', '70c4c2a7-a3c2-11ee-aaa2-6e6a773b7536', 'sid-8E24BFE6-A0BA-4DDD-A99F-2D80F555522E', NULL, NULL, NULL, 'startEvent', NULL, '2023-12-26 15:43:20.599', '2023-12-26 15:43:20.599', 0, NULL, '');
INSERT INTO `act_hi_actinst` VALUES ('70c4c2a9-a3c2-11ee-aaa2-6e6a773b7536', 'courseManager:1:fc28f24c-91a4-11ee-9fdf-6e6a773b7536', '70c4c2a1-a3c2-11ee-aaa2-6e6a773b7536', '70c4c2a7-a3c2-11ee-aaa2-6e6a773b7536', 'sid-F0F2FA55-89B4-4A31-8F82-6A9C79487DFC', '70c4e9ba-a3c2-11ee-aaa2-6e6a773b7536', NULL, '教务处审批', 'userTask', 'admin', '2023-12-26 15:43:20.599', '2023-12-26 15:43:32.261', 11662, NULL, '');
INSERT INTO `act_hi_actinst` VALUES ('77b83d94-a3c2-11ee-aaa2-6e6a773b7536', 'courseManager:1:fc28f24c-91a4-11ee-9fdf-6e6a773b7536', '70c4c2a1-a3c2-11ee-aaa2-6e6a773b7536', '70c4c2a7-a3c2-11ee-aaa2-6e6a773b7536', 'sid-DB70A998-59CE-40F0-9B9A-FD0D23196457', NULL, NULL, NULL, 'endEvent', NULL, '2023-12-26 15:43:32.261', '2023-12-26 15:43:32.261', 0, NULL, '');
INSERT INTO `act_hi_actinst` VALUES ('7929f608-a3c2-11ee-aaa2-6e6a773b7536', 'courseManager:1:fc28f24c-91a4-11ee-9fdf-6e6a773b7536', '6f72ee31-a3c2-11ee-aaa2-6e6a773b7536', '6f731547-a3c2-11ee-aaa2-6e6a773b7536', 'sid-DB70A998-59CE-40F0-9B9A-FD0D23196457', NULL, NULL, NULL, 'endEvent', NULL, '2023-12-26 15:43:34.684', '2023-12-26 15:43:34.684', 0, NULL, '');
INSERT INTO `act_hi_actinst` VALUES ('7bd85434-9fd1-11ee-9ff6-6e6a773b7536', 'courseManager:1:fc28f24c-91a4-11ee-9fdf-6e6a773b7536', '7bd742bd-9fd1-11ee-9ff6-6e6a773b7536', '7bd7df03-9fd1-11ee-9ff6-6e6a773b7536', 'sid-8E24BFE6-A0BA-4DDD-A99F-2D80F555522E', NULL, NULL, NULL, 'startEvent', NULL, '2023-12-21 15:20:56.982', '2023-12-21 15:20:56.985', 3, NULL, '');
INSERT INTO `act_hi_actinst` VALUES ('7bd93e95-9fd1-11ee-9ff6-6e6a773b7536', 'courseManager:1:fc28f24c-91a4-11ee-9fdf-6e6a773b7536', '7bd742bd-9fd1-11ee-9ff6-6e6a773b7536', '7bd7df03-9fd1-11ee-9ff6-6e6a773b7536', 'sid-F0F2FA55-89B4-4A31-8F82-6A9C79487DFC', '7bdb1356-9fd1-11ee-9ff6-6e6a773b7536', NULL, '教务处审批', 'userTask', 'admin', '2023-12-21 15:20:56.988', '2023-12-21 15:21:11.719', 14731, NULL, '');
INSERT INTO `act_hi_actinst` VALUES ('84a10450-9fd1-11ee-9ff6-6e6a773b7536', 'courseManager:1:fc28f24c-91a4-11ee-9fdf-6e6a773b7536', '7bd742bd-9fd1-11ee-9ff6-6e6a773b7536', '7bd7df03-9fd1-11ee-9ff6-6e6a773b7536', 'sid-DB70A998-59CE-40F0-9B9A-FD0D23196457', NULL, NULL, NULL, 'endEvent', NULL, '2023-12-21 15:21:11.719', '2023-12-21 15:21:11.719', 0, NULL, '');
INSERT INTO `act_hi_actinst` VALUES ('88de5e0e-952f-11ee-95a1-6e6a773b7536', 'Loan:1:1dfeff68-34bc-11ed-bd8b-283a4d3b4979', '88de36f7-952f-11ee-95a1-6e6a773b7536', '88de5e0d-952f-11ee-95a1-6e6a773b7536', 'sid-73C00F4B-1CEC-411F-A3D0-D8C73DEA2372', NULL, NULL, '开始', 'startEvent', NULL, '2023-12-08 02:36:28.734', '2023-12-08 02:36:28.734', 0, NULL, '');
INSERT INTO `act_hi_actinst` VALUES ('88de5e0f-952f-11ee-95a1-6e6a773b7536', 'Loan:1:1dfeff68-34bc-11ed-bd8b-283a4d3b4979', '88de36f7-952f-11ee-95a1-6e6a773b7536', '88de5e0d-952f-11ee-95a1-6e6a773b7536', 'sid-2D3F212C-34A1-4D90-8A74-1BB7BCABA4AF', '88de5e10-952f-11ee-95a1-6e6a773b7536', NULL, '部门经理审核', 'userTask', 'admin', '2023-12-08 02:36:28.734', '2023-12-08 02:36:41.645', 12911, NULL, '');
INSERT INTO `act_hi_actinst` VALUES ('8c59ad6c-32ff-11ed-87bc-283a4d3b4979', 'Leave:1:ecc98b0e-2fe9-11ed-aa68-283a4d3b4979', '029458f3-32fb-11ed-9c60-283a4d3b4979', '02951c49-32fb-11ed-9c60-283a4d3b4979', 'sid-95041659-921C-4647-AA7E-007DD53297BA', '8c59ad6d-32ff-11ed-87bc-283a4d3b4979', NULL, '人事专员审批', 'userTask', 'zhangsan', '2022-09-13 09:01:07.109', '2022-09-13 13:50:20.911', 17353802, NULL, '');
INSERT INTO `act_hi_actinst` VALUES ('90906e09-952f-11ee-95a1-6e6a773b7536', 'Loan:1:1dfeff68-34bc-11ed-bd8b-283a4d3b4979', '88de36f7-952f-11ee-95a1-6e6a773b7536', '88de5e0d-952f-11ee-95a1-6e6a773b7536', 'sid-FB386C0B-E0A6-4E6A-849B-5E1614A99665', '90906e0a-952f-11ee-95a1-6e6a773b7536', NULL, '财务审批', 'userTask', 'admin', '2023-12-08 02:36:41.645', '2023-12-08 02:36:47.095', 5450, NULL, '');
INSERT INTO `act_hi_actinst` VALUES ('93d008b3-952f-11ee-95a1-6e6a773b7536', 'Loan:1:1dfeff68-34bc-11ed-bd8b-283a4d3b4979', '88de36f7-952f-11ee-95a1-6e6a773b7536', '88de5e0d-952f-11ee-95a1-6e6a773b7536', 'sid-431CD5BC-26BB-427E-BC8A-4DCC343D6B79', NULL, NULL, '结束', 'endEvent', NULL, '2023-12-08 02:36:47.095', '2023-12-08 02:36:47.096', 1, NULL, '');
INSERT INTO `act_hi_actinst` VALUES ('9b1fb9b8-9fd2-11ee-9ff6-6e6a773b7536', 'courseManager:1:fc28f24c-91a4-11ee-9fdf-6e6a773b7536', '9b1fb9b1-9fd2-11ee-9ff6-6e6a773b7536', '9b1fb9b7-9fd2-11ee-9ff6-6e6a773b7536', 'sid-8E24BFE6-A0BA-4DDD-A99F-2D80F555522E', NULL, NULL, NULL, 'startEvent', NULL, '2023-12-21 15:28:58.956', '2023-12-21 15:28:58.957', 1, NULL, '');
INSERT INTO `act_hi_actinst` VALUES ('9b1fe0c9-9fd2-11ee-9ff6-6e6a773b7536', 'courseManager:1:fc28f24c-91a4-11ee-9fdf-6e6a773b7536', '9b1fb9b1-9fd2-11ee-9ff6-6e6a773b7536', '9b1fb9b7-9fd2-11ee-9ff6-6e6a773b7536', 'sid-F0F2FA55-89B4-4A31-8F82-6A9C79487DFC', '9b1fe0ca-9fd2-11ee-9ff6-6e6a773b7536', NULL, '教务处审批', 'userTask', 'admin', '2023-12-21 15:28:58.957', '2023-12-25 03:44:29.381', 303330424, NULL, '');
INSERT INTO `act_hi_actinst` VALUES ('a0aa6827-a3be-11ee-8fe5-6e6a773b7536', 'StudentLeave:2:a4637154-a322-11ee-ade9-6e6a773b7536', 'a0aa4110-a3be-11ee-8fe5-6e6a773b7536', 'a0aa6826-a3be-11ee-8fe5-6e6a773b7536', 'sid-27ADD384-943E-4C24-A4AB-8415F1095266', NULL, NULL, NULL, 'startEvent', NULL, '2023-12-26 15:16:02.970', '2023-12-26 15:16:02.970', 0, NULL, '');
INSERT INTO `act_hi_actinst` VALUES ('a0aa6828-a3be-11ee-8fe5-6e6a773b7536', 'StudentLeave:2:a4637154-a322-11ee-ade9-6e6a773b7536', 'a0aa4110-a3be-11ee-8fe5-6e6a773b7536', 'a0aa6826-a3be-11ee-8fe5-6e6a773b7536', 'sid-088C0AE6-B15D-40B6-ABB3-27BA429EC5C5', 'a0aa6829-a3be-11ee-8fe5-6e6a773b7536', NULL, '辅导员审批', 'userTask', 'xiaoming', '2023-12-26 15:16:02.970', '2023-12-26 15:16:08.864', 5894, NULL, '');
INSERT INTO `act_hi_actinst` VALUES ('a3b3add4-91af-11ee-9fdf-6e6a773b7536', 'Loan:1:1dfeff68-34bc-11ed-bd8b-283a4d3b4979', 'a3b0a08d-91af-11ee-9fdf-6e6a773b7536', 'a3b22733-91af-11ee-9fdf-6e6a773b7536', 'sid-73C00F4B-1CEC-411F-A3D0-D8C73DEA2372', NULL, NULL, '开始', 'startEvent', NULL, '2023-12-03 15:43:24.684', '2023-12-03 15:43:24.689', 5, NULL, '');
INSERT INTO `act_hi_actinst` VALUES ('a3b58295-91af-11ee-9fdf-6e6a773b7536', 'Loan:1:1dfeff68-34bc-11ed-bd8b-283a4d3b4979', 'a3b0a08d-91af-11ee-9fdf-6e6a773b7536', 'a3b22733-91af-11ee-9fdf-6e6a773b7536', 'sid-2D3F212C-34A1-4D90-8A74-1BB7BCABA4AF', 'a3b9c856-91af-11ee-9fdf-6e6a773b7536', NULL, '部门经理审核', 'userTask', 'admin', '2023-12-03 15:43:24.695', '2023-12-03 15:43:54.925', 30230, NULL, '');
INSERT INTO `act_hi_actinst` VALUES ('a42dc293-a3be-11ee-8fe5-6e6a773b7536', 'StudentLeave:2:a4637154-a322-11ee-ade9-6e6a773b7536', 'a0aa4110-a3be-11ee-8fe5-6e6a773b7536', 'a0aa6826-a3be-11ee-8fe5-6e6a773b7536', 'sid-2922AC1E-C639-47A1-B67C-B05F7E6B9129', NULL, NULL, NULL, 'endEvent', NULL, '2023-12-26 15:16:08.864', '2023-12-26 15:16:08.864', 0, NULL, '');
INSERT INTO `act_hi_actinst` VALUES ('a607f95f-a3c1-11ee-aaa2-6e6a773b7536', 'Leave:1:ecc98b0e-2fe9-11ed-aa68-283a4d3b4979', '266b6a44-a293-11ee-b602-6e6a773b7536', '266c54aa-a293-11ee-b602-6e6a773b7536', 'sid-2DCAD4A9-FAE9-4044-B7B5-BBADCA437929', 'a60a9170-a3c1-11ee-aaa2-6e6a773b7536', NULL, '部门经理审批', 'userTask', 'admin', '2023-12-26 15:37:40.462', '2023-12-26 15:37:45.284', 4822, NULL, '');
INSERT INTO `act_hi_actinst` VALUES ('a78c4f79-a3c1-11ee-aaa2-6e6a773b7536', 'Leave:1:ecc98b0e-2fe9-11ed-aa68-283a4d3b4979', '65e59029-9f44-11ee-bdc4-6e6a773b7536', '65e6537f-9f44-11ee-bdc4-6e6a773b7536', 'sid-2DCAD4A9-FAE9-4044-B7B5-BBADCA437929', 'a78c4f7a-a3c1-11ee-aaa2-6e6a773b7536', NULL, '部门经理审批', 'userTask', 'admin', '2023-12-26 15:37:43.007', '2023-12-26 15:37:55.234', 12227, NULL, '');
INSERT INTO `act_hi_actinst` VALUES ('a8e7c0d3-a3c1-11ee-aaa2-6e6a773b7536', 'Leave:1:ecc98b0e-2fe9-11ed-aa68-283a4d3b4979', '266b6a44-a293-11ee-b602-6e6a773b7536', '266c54aa-a293-11ee-b602-6e6a773b7536', 'sid-95041659-921C-4647-AA7E-007DD53297BA', 'a8e7e7e4-a3c1-11ee-aaa2-6e6a773b7536', NULL, '人事专员审批', 'userTask', 'admin', '2023-12-26 15:37:45.284', '2023-12-26 15:37:47.259', 1975, NULL, '');
INSERT INTO `act_hi_actinst` VALUES ('aa151d4d-a3c1-11ee-aaa2-6e6a773b7536', 'Leave:1:ecc98b0e-2fe9-11ed-aa68-283a4d3b4979', '266b6a44-a293-11ee-b602-6e6a773b7536', '266c54aa-a293-11ee-b602-6e6a773b7536', 'sid-E6384472-DFD1-4776-83CB-1F8733961BEE', 'aa151d4e-a3c1-11ee-aaa2-6e6a773b7536', NULL, '人事经理审批', 'userTask', 'admin', '2023-12-26 15:37:47.259', '2023-12-26 15:37:50.270', 3011, NULL, '');
INSERT INTO `act_hi_actinst` VALUES ('ab46ffd4-a3bc-11ee-81ba-6e6a773b7536', 'courseManager:1:fc28f24c-91a4-11ee-9fdf-6e6a773b7536', 'ab45521d-a3bc-11ee-81ba-6e6a773b7536', 'ab466393-a3bc-11ee-81ba-6e6a773b7536', 'sid-8E24BFE6-A0BA-4DDD-A99F-2D80F555522E', NULL, NULL, NULL, 'startEvent', NULL, '2023-12-26 15:02:01.780', '2023-12-26 15:02:01.784', 4, NULL, '');
INSERT INTO `act_hi_actinst` VALUES ('ab481145-a3bc-11ee-81ba-6e6a773b7536', 'courseManager:1:fc28f24c-91a4-11ee-9fdf-6e6a773b7536', 'ab45521d-a3bc-11ee-81ba-6e6a773b7536', 'ab466393-a3bc-11ee-81ba-6e6a773b7536', 'sid-F0F2FA55-89B4-4A31-8F82-6A9C79487DFC', 'ab49e606-a3bc-11ee-81ba-6e6a773b7536', NULL, '教务处审批', 'userTask', 'admin', '2023-12-26 15:02:01.787', '2023-12-26 15:02:22.661', 20874, NULL, '');
INSERT INTO `act_hi_actinst` VALUES ('abe08e87-a3c1-11ee-aaa2-6e6a773b7536', 'Leave:1:ecc98b0e-2fe9-11ed-aa68-283a4d3b4979', '266b6a44-a293-11ee-b602-6e6a773b7536', '266c54aa-a293-11ee-b602-6e6a773b7536', 'sid-2B5363F4-D5A0-41C4-B626-E497657D21E4', 'abe08e88-a3c1-11ee-aaa2-6e6a773b7536', NULL, '总经理审批', 'userTask', 'admin', '2023-12-26 15:37:50.270', '2023-12-26 15:37:52.498', 2228, NULL, '');
INSERT INTO `act_hi_actinst` VALUES ('ad3485d1-a3c1-11ee-aaa2-6e6a773b7536', 'Leave:1:ecc98b0e-2fe9-11ed-aa68-283a4d3b4979', '266b6a44-a293-11ee-b602-6e6a773b7536', '266c54aa-a293-11ee-b602-6e6a773b7536', 'sid-C9AF2295-51A5-44C8-AF20-AA44B6446843', NULL, NULL, '结束', 'endEvent', NULL, '2023-12-26 15:37:52.498', '2023-12-26 15:37:52.499', 1, NULL, '');
INSERT INTO `act_hi_actinst` VALUES ('aed627e5-a3c1-11ee-aaa2-6e6a773b7536', 'Leave:1:ecc98b0e-2fe9-11ed-aa68-283a4d3b4979', '65e59029-9f44-11ee-bdc4-6e6a773b7536', '65e6537f-9f44-11ee-bdc4-6e6a773b7536', 'sid-95041659-921C-4647-AA7E-007DD53297BA', 'aed627e6-a3c1-11ee-aaa2-6e6a773b7536', NULL, '人事专员审批', 'userTask', 'admin', '2023-12-26 15:37:55.235', '2023-12-26 15:37:57.940', 2705, NULL, '');
INSERT INTO `act_hi_actinst` VALUES ('b072e7ff-a3c1-11ee-aaa2-6e6a773b7536', 'Leave:1:ecc98b0e-2fe9-11ed-aa68-283a4d3b4979', '65e59029-9f44-11ee-bdc4-6e6a773b7536', '65e6537f-9f44-11ee-bdc4-6e6a773b7536', 'sid-E6384472-DFD1-4776-83CB-1F8733961BEE', 'b072e800-a3c1-11ee-aaa2-6e6a773b7536', NULL, '人事经理审批', 'userTask', 'admin', '2023-12-26 15:37:57.940', '2023-12-26 15:38:00.909', 2969, NULL, '');
INSERT INTO `act_hi_actinst` VALUES ('b237f099-a3c1-11ee-aaa2-6e6a773b7536', 'Leave:1:ecc98b0e-2fe9-11ed-aa68-283a4d3b4979', '65e59029-9f44-11ee-bdc4-6e6a773b7536', '65e6537f-9f44-11ee-bdc4-6e6a773b7536', 'sid-2B5363F4-D5A0-41C4-B626-E497657D21E4', 'b237f09a-a3c1-11ee-aaa2-6e6a773b7536', NULL, '总经理审批', 'userTask', 'admin', '2023-12-26 15:38:00.909', '2023-12-26 15:38:02.638', 1729, NULL, '');
INSERT INTO `act_hi_actinst` VALUES ('b33feac3-a3c1-11ee-aaa2-6e6a773b7536', 'Leave:1:ecc98b0e-2fe9-11ed-aa68-283a4d3b4979', '65e59029-9f44-11ee-bdc4-6e6a773b7536', '65e6537f-9f44-11ee-bdc4-6e6a773b7536', 'sid-C9AF2295-51A5-44C8-AF20-AA44B6446843', NULL, NULL, '结束', 'endEvent', NULL, '2023-12-26 15:38:02.639', '2023-12-26 15:38:02.639', 0, NULL, '');
INSERT INTO `act_hi_actinst` VALUES ('b4b377f7-a3c1-11ee-aaa2-6e6a773b7536', 'Leave:1:ecc98b0e-2fe9-11ed-aa68-283a4d3b4979', '27f3a1a0-91da-11ee-a869-6e6a773b7536', '27f7c056-91da-11ee-a869-6e6a773b7536', 'sid-2DCAD4A9-FAE9-4044-B7B5-BBADCA437929', 'b4b377f8-a3c1-11ee-aaa2-6e6a773b7536', NULL, '部门经理审批', 'userTask', 'admin', '2023-12-26 15:38:05.074', '2023-12-26 15:38:07.486', 2412, NULL, '');
INSERT INTO `act_hi_actinst` VALUES ('b5ba650f-91af-11ee-9fdf-6e6a773b7536', 'Loan:1:1dfeff68-34bc-11ed-bd8b-283a4d3b4979', 'a3b0a08d-91af-11ee-9fdf-6e6a773b7536', 'a3b22733-91af-11ee-9fdf-6e6a773b7536', 'sid-FB386C0B-E0A6-4E6A-849B-5E1614A99665', 'b5ba6510-91af-11ee-9fdf-6e6a773b7536', NULL, '财务审批', 'userTask', 'admin', '2023-12-03 15:43:54.926', '2023-12-26 15:38:15.996', 1986861070, NULL, '');
INSERT INTO `act_hi_actinst` VALUES ('b62382c1-a3c1-11ee-aaa2-6e6a773b7536', 'Leave:1:ecc98b0e-2fe9-11ed-aa68-283a4d3b4979', '27f3a1a0-91da-11ee-a869-6e6a773b7536', '27f7c056-91da-11ee-a869-6e6a773b7536', 'sid-95041659-921C-4647-AA7E-007DD53297BA', 'b623a9d2-a3c1-11ee-aaa2-6e6a773b7536', NULL, '人事专员审批', 'userTask', 'admin', '2023-12-26 15:38:07.486', '2023-12-26 15:38:09.841', 2355, NULL, '');
INSERT INTO `act_hi_actinst` VALUES ('b78adafb-a3c1-11ee-aaa2-6e6a773b7536', 'Leave:1:ecc98b0e-2fe9-11ed-aa68-283a4d3b4979', '27f3a1a0-91da-11ee-a869-6e6a773b7536', '27f7c056-91da-11ee-a869-6e6a773b7536', 'sid-E6384472-DFD1-4776-83CB-1F8733961BEE', 'b78adafc-a3c1-11ee-aaa2-6e6a773b7536', NULL, '人事经理审批', 'userTask', 'admin', '2023-12-26 15:38:09.841', '2023-12-26 15:38:12.306', 2465, NULL, '');
INSERT INTO `act_hi_actinst` VALUES ('b7b92ff0-a3bc-11ee-81ba-6e6a773b7536', 'courseManager:1:fc28f24c-91a4-11ee-9fdf-6e6a773b7536', 'ab45521d-a3bc-11ee-81ba-6e6a773b7536', 'ab466393-a3bc-11ee-81ba-6e6a773b7536', 'sid-DB70A998-59CE-40F0-9B9A-FD0D23196457', NULL, NULL, NULL, 'endEvent', NULL, '2023-12-26 15:02:22.661', '2023-12-26 15:02:22.661', 0, NULL, '');
INSERT INTO `act_hi_actinst` VALUES ('b9032325-a3c1-11ee-aaa2-6e6a773b7536', 'Leave:1:ecc98b0e-2fe9-11ed-aa68-283a4d3b4979', '27f3a1a0-91da-11ee-a869-6e6a773b7536', '27f7c056-91da-11ee-a869-6e6a773b7536', 'sid-2B5363F4-D5A0-41C4-B626-E497657D21E4', 'b9032326-a3c1-11ee-aaa2-6e6a773b7536', NULL, '总经理审批', 'userTask', 'admin', '2023-12-26 15:38:12.307', '2023-12-26 15:38:14.089', 1782, NULL, '');
INSERT INTO `act_hi_actinst` VALUES ('b98caf9d-34a0-11ed-a5e5-283a4d3b4979', 'Leave:1:ecc98b0e-2fe9-11ed-aa68-283a4d3b4979', 'b98a3e96-34a0-11ed-a5e5-283a4d3b4979', 'b98c3a6c-34a0-11ed-a5e5-283a4d3b4979', 'sid-3AAF069C-9D1F-4109-B5D0-F6F48FD36F44', NULL, NULL, '开始', 'startEvent', NULL, '2022-09-15 10:47:23.078', '2022-09-15 10:47:23.081', 3, NULL, '');
INSERT INTO `act_hi_actinst` VALUES ('b98de81e-34a0-11ed-a5e5-283a4d3b4979', 'Leave:1:ecc98b0e-2fe9-11ed-aa68-283a4d3b4979', 'b98a3e96-34a0-11ed-a5e5-283a4d3b4979', 'b98c3a6c-34a0-11ed-a5e5-283a4d3b4979', 'sid-B9B9B816-D9E3-4A0D-97A2-C504074C7DF7', 'b990a73f-34a0-11ed-a5e5-283a4d3b4979', NULL, '直属领导审批', 'userTask', 'admin', '2022-09-15 10:47:23.085', '2022-09-15 11:39:47.376', 3144291, NULL, '');
INSERT INTO `act_hi_actinst` VALUES ('ba130c8f-a3c1-11ee-aaa2-6e6a773b7536', 'Leave:1:ecc98b0e-2fe9-11ed-aa68-283a4d3b4979', '27f3a1a0-91da-11ee-a869-6e6a773b7536', '27f7c056-91da-11ee-a869-6e6a773b7536', 'sid-C9AF2295-51A5-44C8-AF20-AA44B6446843', NULL, NULL, '结束', 'endEvent', NULL, '2023-12-26 15:38:14.089', '2023-12-26 15:38:14.089', 0, NULL, '');
INSERT INTO `act_hi_actinst` VALUES ('bb362ed3-a3c1-11ee-aaa2-6e6a773b7536', 'Loan:1:1dfeff68-34bc-11ed-bd8b-283a4d3b4979', 'a3b0a08d-91af-11ee-9fdf-6e6a773b7536', 'a3b22733-91af-11ee-9fdf-6e6a773b7536', 'sid-431CD5BC-26BB-427E-BC8A-4DCC343D6B79', NULL, NULL, '结束', 'endEvent', NULL, '2023-12-26 15:38:15.997', '2023-12-26 15:38:15.997', 0, NULL, '');
INSERT INTO `act_hi_actinst` VALUES ('bcce5b07-a3c1-11ee-aaa2-6e6a773b7536', 'Leave:1:ecc98b0e-2fe9-11ed-aa68-283a4d3b4979', '18eb947a-5ad5-11ee-bbd0-6e6a773b7536', '18ecf410-5ad5-11ee-bbd0-6e6a773b7536', 'sid-95041659-921C-4647-AA7E-007DD53297BA', 'bcce8218-a3c1-11ee-aaa2-6e6a773b7536', NULL, '人事专员审批', 'userTask', NULL, '2023-12-26 15:38:18.672', '2023-12-26 16:53:15.544', 4496872, 'admin 作废了当前流程申请', '');
INSERT INTO `act_hi_actinst` VALUES ('c745766f-33c7-11ed-86cc-283a4d3b4979', 'Leave:1:ecc98b0e-2fe9-11ed-aa68-283a4d3b4979', 'c7443de8-33c7-11ed-86cc-283a4d3b4979', 'c745013e-33c7-11ed-86cc-283a4d3b4979', 'sid-3AAF069C-9D1F-4109-B5D0-F6F48FD36F44', NULL, NULL, '开始', 'startEvent', NULL, '2022-09-14 08:54:25.308', '2022-09-14 08:54:25.311', 3, NULL, '');
INSERT INTO `act_hi_actinst` VALUES ('c74687e0-33c7-11ed-86cc-283a4d3b4979', 'Leave:1:ecc98b0e-2fe9-11ed-aa68-283a4d3b4979', 'c7443de8-33c7-11ed-86cc-283a4d3b4979', 'c745013e-33c7-11ed-86cc-283a4d3b4979', 'sid-B9B9B816-D9E3-4A0D-97A2-C504074C7DF7', 'c7491ff1-33c7-11ed-86cc-283a4d3b4979', NULL, '直属领导审批', 'userTask', 'admin', '2022-09-14 08:54:25.315', '2022-09-15 11:41:10.415', 96405100, NULL, '');
INSERT INTO `act_hi_actinst` VALUES ('cdbd876a-a3f1-11ee-98e3-6e6a773b7536', 'courseManager:1:fc28f24c-91a4-11ee-9fdf-6e6a773b7536', 'cdb8f383-a3f1-11ee-98e3-6e6a773b7536', 'cdbc4ee9-a3f1-11ee-98e3-6e6a773b7536', 'sid-8E24BFE6-A0BA-4DDD-A99F-2D80F555522E', NULL, NULL, NULL, 'startEvent', NULL, '2023-12-26 21:22:22.927', '2023-12-26 21:22:22.933', 6, NULL, '');
INSERT INTO `act_hi_actinst` VALUES ('cdbfaa4b-a3f1-11ee-98e3-6e6a773b7536', 'courseManager:1:fc28f24c-91a4-11ee-9fdf-6e6a773b7536', 'cdb8f383-a3f1-11ee-98e3-6e6a773b7536', 'cdbc4ee9-a3f1-11ee-98e3-6e6a773b7536', 'sid-F0F2FA55-89B4-4A31-8F82-6A9C79487DFC', 'cdc3c8fc-a3f1-11ee-98e3-6e6a773b7536', NULL, '教务处审批', 'userTask', 'admin', '2023-12-26 21:22:22.940', NULL, NULL, NULL, '');
INSERT INTO `act_hi_actinst` VALUES ('cdc8dbb1-6c20-11ee-a512-6e6a773b7536', 'Leave:1:ecc98b0e-2fe9-11ed-aa68-283a4d3b4979', '18eb947a-5ad5-11ee-bbd0-6e6a773b7536', '18ecf410-5ad5-11ee-bbd0-6e6a773b7536', 'sid-2DCAD4A9-FAE9-4044-B7B5-BBADCA437929', 'cdc8dbb2-6c20-11ee-a512-6e6a773b7536', NULL, '部门经理审批', 'userTask', 'admin', '2023-10-16 20:37:44.231', '2023-12-26 15:38:18.672', 6116434441, NULL, '');
INSERT INTO `act_hi_actinst` VALUES ('d07a9769-a320-11ee-ade9-6e6a773b7536', 'courseManager:1:fc28f24c-91a4-11ee-9fdf-6e6a773b7536', 'd077ff52-a320-11ee-ade9-6e6a773b7536', 'd079d418-a320-11ee-ade9-6e6a773b7536', 'sid-8E24BFE6-A0BA-4DDD-A99F-2D80F555522E', NULL, NULL, NULL, 'startEvent', NULL, '2023-12-25 20:26:22.704', '2023-12-25 20:26:22.709', 5, NULL, '');
INSERT INTO `act_hi_actinst` VALUES ('d07c451a-a320-11ee-ade9-6e6a773b7536', 'courseManager:1:fc28f24c-91a4-11ee-9fdf-6e6a773b7536', 'd077ff52-a320-11ee-ade9-6e6a773b7536', 'd079d418-a320-11ee-ade9-6e6a773b7536', 'sid-F0F2FA55-89B4-4A31-8F82-6A9C79487DFC', 'd07f796b-a320-11ee-ade9-6e6a773b7536', NULL, '教务处审批', 'userTask', 'zhangsan', '2023-12-25 20:26:22.715', '2023-12-26 00:25:35.334', 14352619, NULL, '');
INSERT INTO `act_hi_actinst` VALUES ('d17b02c9-a343-11ee-ade9-6e6a773b7536', 'StudentLeave:2:a4637154-a322-11ee-ade9-6e6a773b7536', 'd17adbb2-a343-11ee-ade9-6e6a773b7536', 'd17b02c8-a343-11ee-ade9-6e6a773b7536', 'sid-27ADD384-943E-4C24-A4AB-8415F1095266', NULL, NULL, NULL, 'startEvent', NULL, '2023-12-26 00:36:56.770', '2023-12-26 00:36:56.770', 0, NULL, '');
INSERT INTO `act_hi_actinst` VALUES ('d17b02ca-a343-11ee-ade9-6e6a773b7536', 'StudentLeave:2:a4637154-a322-11ee-ade9-6e6a773b7536', 'd17adbb2-a343-11ee-ade9-6e6a773b7536', 'd17b02c8-a343-11ee-ade9-6e6a773b7536', 'sid-088C0AE6-B15D-40B6-ABB3-27BA429EC5C5', 'd17b29db-a343-11ee-ade9-6e6a773b7536', NULL, '辅导员审批', 'userTask', 'zhangsan', '2023-12-26 00:36:56.770', '2023-12-26 00:37:11.874', 15104, NULL, '');
INSERT INTO `act_hi_actinst` VALUES ('d7e909ad-332a-11ed-be56-283a4d3b4979', 'Leave:1:ecc98b0e-2fe9-11ed-aa68-283a4d3b4979', '029458f3-32fb-11ed-9c60-283a4d3b4979', '02951c49-32fb-11ed-9c60-283a4d3b4979', 'sid-B9B9B816-D9E3-4A0D-97A2-C504074C7DF7', 'd7eb539e-332a-11ed-be56-283a4d3b4979', NULL, '直属领导审批', 'userTask', 'admin', '2022-09-13 14:11:02.237', '2022-09-13 14:11:52.112', 49875, NULL, '');
INSERT INTO `act_hi_actinst` VALUES ('da256f97-a294-11ee-b602-6e6a773b7536', 'courseManager:1:fc28f24c-91a4-11ee-9fdf-6e6a773b7536', '9b1fb9b1-9fd2-11ee-9ff6-6e6a773b7536', '9b1fb9b7-9fd2-11ee-9ff6-6e6a773b7536', 'sid-DB70A998-59CE-40F0-9B9A-FD0D23196457', NULL, NULL, NULL, 'endEvent', NULL, '2023-12-25 03:44:29.381', '2023-12-25 03:44:29.381', 0, NULL, '');
INSERT INTO `act_hi_actinst` VALUES ('da7bd9e5-a343-11ee-ade9-6e6a773b7536', 'StudentLeave:2:a4637154-a322-11ee-ade9-6e6a773b7536', 'd17adbb2-a343-11ee-ade9-6e6a773b7536', 'd17b02c8-a343-11ee-ade9-6e6a773b7536', 'sid-2922AC1E-C639-47A1-B67C-B05F7E6B9129', NULL, NULL, NULL, 'endEvent', NULL, '2023-12-26 00:37:11.875', '2023-12-26 00:37:11.875', 0, NULL, '');
INSERT INTO `act_hi_actinst` VALUES ('e01d506d-533a-11ee-863f-6e6a773b7536', 'Leave:1:ecc98b0e-2fe9-11ed-aa68-283a4d3b4979', 'b98a3e96-34a0-11ed-a5e5-283a4d3b4979', 'b98c3a6c-34a0-11ed-a5e5-283a4d3b4979', 'sid-C9AF2295-51A5-44C8-AF20-AA44B6446843', NULL, NULL, '结束', 'endEvent', NULL, '2023-09-15 04:11:22.829', '2023-09-15 04:11:22.829', 0, NULL, '');
INSERT INTO `act_hi_actinst` VALUES ('e63f054d-a343-11ee-ade9-6e6a773b7536', 'StudentLeave:2:a4637154-a322-11ee-ade9-6e6a773b7536', 'e63f0546-a343-11ee-ade9-6e6a773b7536', 'e63f054c-a343-11ee-ade9-6e6a773b7536', 'sid-27ADD384-943E-4C24-A4AB-8415F1095266', NULL, NULL, NULL, 'startEvent', NULL, '2023-12-26 00:37:31.609', '2023-12-26 00:37:31.609', 0, NULL, '');
INSERT INTO `act_hi_actinst` VALUES ('e63f2c5e-a343-11ee-ade9-6e6a773b7536', 'StudentLeave:2:a4637154-a322-11ee-ade9-6e6a773b7536', 'e63f0546-a343-11ee-ade9-6e6a773b7536', 'e63f054c-a343-11ee-ade9-6e6a773b7536', 'sid-088C0AE6-B15D-40B6-ABB3-27BA429EC5C5', 'e63f2c5f-a343-11ee-ade9-6e6a773b7536', NULL, '辅导员审批', 'userTask', 'zhangsan', '2023-12-26 00:37:31.610', '2023-12-26 00:37:35.902', 4292, NULL, '');
INSERT INTO `act_hi_actinst` VALUES ('e8ce14a9-a343-11ee-ade9-6e6a773b7536', 'StudentLeave:2:a4637154-a322-11ee-ade9-6e6a773b7536', 'e63f0546-a343-11ee-ade9-6e6a773b7536', 'e63f054c-a343-11ee-ade9-6e6a773b7536', 'sid-2922AC1E-C639-47A1-B67C-B05F7E6B9129', NULL, NULL, NULL, 'endEvent', NULL, '2023-12-26 00:37:35.902', '2023-12-26 00:37:35.902', 0, NULL, '');
INSERT INTO `act_hi_actinst` VALUES ('eabe4daa-a3f1-11ee-98e3-6e6a773b7536', 'courseManager:1:fc28f24c-91a4-11ee-9fdf-6e6a773b7536', 'eabe4da3-a3f1-11ee-98e3-6e6a773b7536', 'eabe4da9-a3f1-11ee-98e3-6e6a773b7536', 'sid-8E24BFE6-A0BA-4DDD-A99F-2D80F555522E', NULL, NULL, NULL, 'startEvent', NULL, '2023-12-26 21:23:11.586', '2023-12-26 21:23:11.586', 0, NULL, '');
INSERT INTO `act_hi_actinst` VALUES ('eabe74bb-a3f1-11ee-98e3-6e6a773b7536', 'courseManager:1:fc28f24c-91a4-11ee-9fdf-6e6a773b7536', 'eabe4da3-a3f1-11ee-98e3-6e6a773b7536', 'eabe4da9-a3f1-11ee-98e3-6e6a773b7536', 'sid-F0F2FA55-89B4-4A31-8F82-6A9C79487DFC', 'eabe74bc-a3f1-11ee-98e3-6e6a773b7536', NULL, '教务处审批', 'userTask', 'admin', '2023-12-26 21:23:11.586', NULL, NULL, NULL, '');
INSERT INTO `act_hi_actinst` VALUES ('f4067c02-3327-11ed-8143-283a4d3b4979', 'Leave:1:ecc98b0e-2fe9-11ed-aa68-283a4d3b4979', '029458f3-32fb-11ed-9c60-283a4d3b4979', '02951c49-32fb-11ed-9c60-283a4d3b4979', 'sid-E6384472-DFD1-4776-83CB-1F8733961BEE', 'f408c5f3-3327-11ed-8143-283a4d3b4979', NULL, '人事经理审批', 'userTask', 'admin', '2022-09-13 13:50:20.916', '2022-09-13 14:11:02.232', 1241316, NULL, '');
INSERT INTO `act_hi_actinst` VALUES ('f5a35be7-332a-11ed-be56-283a4d3b4979', 'Leave:1:ecc98b0e-2fe9-11ed-aa68-283a4d3b4979', '029458f3-32fb-11ed-9c60-283a4d3b4979', '02951c49-32fb-11ed-9c60-283a4d3b4979', 'sid-2DCAD4A9-FAE9-4044-B7B5-BBADCA437929', 'f5a35be8-332a-11ed-be56-283a4d3b4979', NULL, '部门经理审批', 'userTask', 'admin', '2022-09-13 14:11:52.112', '2022-09-14 08:53:03.248', 67271136, 'admin 作废了当前流程申请', '');
INSERT INTO `act_hi_actinst` VALUES ('f5be5b30-a3c2-11ee-aaa2-6e6a773b7536', 'StudentLeave:2:a4637154-a322-11ee-ade9-6e6a773b7536', 'f5be3419-a3c2-11ee-aaa2-6e6a773b7536', 'f5be5b2f-a3c2-11ee-aaa2-6e6a773b7536', 'sid-27ADD384-943E-4C24-A4AB-8415F1095266', NULL, NULL, NULL, 'startEvent', NULL, '2023-12-26 15:47:03.694', '2023-12-26 15:47:03.694', 0, NULL, '');
INSERT INTO `act_hi_actinst` VALUES ('f5be5b31-a3c2-11ee-aaa2-6e6a773b7536', 'StudentLeave:2:a4637154-a322-11ee-ade9-6e6a773b7536', 'f5be3419-a3c2-11ee-aaa2-6e6a773b7536', 'f5be5b2f-a3c2-11ee-aaa2-6e6a773b7536', 'sid-088C0AE6-B15D-40B6-ABB3-27BA429EC5C5', 'f5be5b32-a3c2-11ee-aaa2-6e6a773b7536', NULL, '辅导员审批', 'userTask', 'zhangsan', '2023-12-26 15:47:03.694', '2023-12-26 15:47:08.638', 4944, NULL, '');
INSERT INTO `act_hi_actinst` VALUES ('f8b0e74c-a3c2-11ee-aaa2-6e6a773b7536', 'StudentLeave:2:a4637154-a322-11ee-ade9-6e6a773b7536', 'f5be3419-a3c2-11ee-aaa2-6e6a773b7536', 'f5be5b2f-a3c2-11ee-aaa2-6e6a773b7536', 'sid-2922AC1E-C639-47A1-B67C-B05F7E6B9129', NULL, NULL, NULL, 'endEvent', NULL, '2023-12-26 15:47:08.639', '2023-12-26 15:47:08.639', 0, NULL, '');

-- ----------------------------
-- Table structure for act_hi_attachment
-- ----------------------------
DROP TABLE IF EXISTS `act_hi_attachment`;
CREATE TABLE `act_hi_attachment`  (
  `ID_` varchar(64) CHARACTER SET utf8 COLLATE utf8_bin NOT NULL,
  `REV_` int NULL DEFAULT NULL,
  `USER_ID_` varchar(255) CHARACTER SET utf8 COLLATE utf8_bin NULL DEFAULT NULL,
  `NAME_` varchar(255) CHARACTER SET utf8 COLLATE utf8_bin NULL DEFAULT NULL,
  `DESCRIPTION_` varchar(4000) CHARACTER SET utf8 COLLATE utf8_bin NULL DEFAULT NULL,
  `TYPE_` varchar(255) CHARACTER SET utf8 COLLATE utf8_bin NULL DEFAULT NULL,
  `TASK_ID_` varchar(64) CHARACTER SET utf8 COLLATE utf8_bin NULL DEFAULT NULL,
  `PROC_INST_ID_` varchar(64) CHARACTER SET utf8 COLLATE utf8_bin NULL DEFAULT NULL,
  `URL_` varchar(4000) CHARACTER SET utf8 COLLATE utf8_bin NULL DEFAULT NULL,
  `CONTENT_ID_` varchar(64) CHARACTER SET utf8 COLLATE utf8_bin NULL DEFAULT NULL,
  `TIME_` datetime(3) NULL DEFAULT NULL,
  PRIMARY KEY (`ID_`) USING BTREE
) ENGINE = InnoDB CHARACTER SET = utf8 COLLATE = utf8_bin ROW_FORMAT = DYNAMIC;

-- ----------------------------
-- Records of act_hi_attachment
-- ----------------------------

-- ----------------------------
-- Table structure for act_hi_comment
-- ----------------------------
DROP TABLE IF EXISTS `act_hi_comment`;
CREATE TABLE `act_hi_comment`  (
  `ID_` varchar(64) CHARACTER SET utf8 COLLATE utf8_bin NOT NULL,
  `TYPE_` varchar(255) CHARACTER SET utf8 COLLATE utf8_bin NULL DEFAULT NULL,
  `TIME_` datetime(3) NOT NULL,
  `USER_ID_` varchar(255) CHARACTER SET utf8 COLLATE utf8_bin NULL DEFAULT NULL,
  `TASK_ID_` varchar(64) CHARACTER SET utf8 COLLATE utf8_bin NULL DEFAULT NULL,
  `PROC_INST_ID_` varchar(64) CHARACTER SET utf8 COLLATE utf8_bin NULL DEFAULT NULL,
  `ACTION_` varchar(255) CHARACTER SET utf8 COLLATE utf8_bin NULL DEFAULT NULL,
  `MESSAGE_` varchar(4000) CHARACTER SET utf8 COLLATE utf8_bin NULL DEFAULT NULL,
  `FULL_MSG_` longblob NULL,
  PRIMARY KEY (`ID_`) USING BTREE
) ENGINE = InnoDB CHARACTER SET = utf8 COLLATE = utf8_bin ROW_FORMAT = DYNAMIC;

-- ----------------------------
-- Records of act_hi_comment
-- ----------------------------
INSERT INTO `act_hi_comment` VALUES ('02a4d3c1-32fb-11ed-9c60-283a4d3b4979', 'event', '2022-09-13 08:28:38.089', 'admin', '02989ebc-32fb-11ed-9c60-283a4d3b4979', NULL, 'AddUserLink', 'admin_|_assignee', NULL);
INSERT INTO `act_hi_comment` VALUES ('03bf9484-a342-11ee-ade9-6e6a773b7536', 'event', '2023-12-26 00:24:02.112', 'xuesheng11', '03b497fe-a342-11ee-ade9-6e6a773b7536', NULL, 'AddUserLink', 'admin_|_assignee', NULL);
INSERT INTO `act_hi_comment` VALUES ('05df899c-a3c3-11ee-aaa2-6e6a773b7536', 'event', '2023-12-26 15:47:30.755', 'zhangsan', '05da3266-a3c3-11ee-aaa2-6e6a773b7536', NULL, 'AddUserLink', 'admin_|_assignee', NULL);
INSERT INTO `act_hi_comment` VALUES ('07891afc-a3c3-11ee-aaa2-6e6a773b7536', 'event', '2023-12-26 15:47:33.544', 'zhangsan', '0781a0e6-a3c3-11ee-aaa2-6e6a773b7536', NULL, 'AddUserLink', 'admin_|_assignee', NULL);
INSERT INTO `act_hi_comment` VALUES ('0bae5dad-34a8-11ed-a5e5-283a4d3b4979', 'comment', '2022-09-15 11:39:47.348', NULL, 'b990a73f-34a0-11ed-a5e5-283a4d3b4979', 'b98a3e96-34a0-11ed-a5e5-283a4d3b4979', 'AddComment', '审批通过', 0xE5AEA1E689B9E9809AE8BF87);
INSERT INTO `act_hi_comment` VALUES ('0bb7d396-34a8-11ed-a5e5-283a4d3b4979', 'event', '2022-09-15 11:39:47.410', NULL, '0bb2a371-34a8-11ed-a5e5-283a4d3b4979', NULL, 'AddUserLink', 'admin_|_assignee', NULL);
INSERT INTO `act_hi_comment` VALUES ('190229c8-5ad5-11ee-bbd0-6e6a773b7536', 'event', '2023-09-24 20:22:58.917', 'admin', '18f0ebb3-5ad5-11ee-bbd0-6e6a773b7536', NULL, 'AddUserLink', 'admin_|_assignee', NULL);
INSERT INTO `act_hi_comment` VALUES ('204e5f05-a342-11ee-ade9-6e6a773b7536', 'comment', '2023-12-26 00:24:50.024', NULL, '03b497fe-a342-11ee-ade9-6e6a773b7536', '03b3ad95-a342-11ee-ade9-6e6a773b7536', 'AddComment', '审批通过', 0xE5AEA1E689B9E9809AE8BF87);
INSERT INTO `act_hi_comment` VALUES ('25c60db7-34a8-11ed-a5e5-283a4d3b4979', 'comment', '2022-09-15 11:40:31.124', 'admin', '0bb2a371-34a8-11ed-a5e5-283a4d3b4979', 'b98a3e96-34a0-11ed-a5e5-283a4d3b4979', 'AddComment', '审批通过', 0xE5AEA1E689B9E9809AE8BF87);
INSERT INTO `act_hi_comment` VALUES ('25cdfd00-34a8-11ed-a5e5-283a4d3b4979', 'event', '2022-09-15 11:40:31.176', 'admin', '25ca055b-34a8-11ed-a5e5-283a4d3b4979', NULL, 'AddUserLink', 'admin_|_assignee', NULL);
INSERT INTO `act_hi_comment` VALUES ('267f1963-a293-11ee-b602-6e6a773b7536', 'event', '2023-12-25 03:32:18.482', 'xuesheng11', '26709a6d-a293-11ee-b602-6e6a773b7536', NULL, 'AddUserLink', 'zhangsan_|_assignee', NULL);
INSERT INTO `act_hi_comment` VALUES ('281a638e-91da-11ee-a869-6e6a773b7536', 'event', '2023-12-03 20:47:45.678', 'admin', '28013639-91da-11ee-a869-6e6a773b7536', NULL, 'AddUserLink', 'admin_|_assignee', NULL);
INSERT INTO `act_hi_comment` VALUES ('2cf3d281-34a8-11ed-a5e5-283a4d3b4979', 'comment', '2022-09-15 11:40:43.168', NULL, '25ca055b-34a8-11ed-a5e5-283a4d3b4979', 'b98a3e96-34a0-11ed-a5e5-283a4d3b4979', 'AddComment', '审批通过', 0xE5AEA1E689B9E9809AE8BF87);
INSERT INTO `act_hi_comment` VALUES ('2cfb73aa-34a8-11ed-a5e5-283a4d3b4979', 'event', '2022-09-15 11:40:43.218', NULL, '2cf6dfc5-34a8-11ed-a5e5-283a4d3b4979', NULL, 'AddUserLink', 'admin_|_assignee', NULL);
INSERT INTO `act_hi_comment` VALUES ('2df4c968-a342-11ee-ade9-6e6a773b7536', 'event', '2023-12-26 00:25:12.925', 'xuesheng11', '2deba1a2-a342-11ee-ade9-6e6a773b7536', NULL, 'AddUserLink', 'zhangsan_|_assignee', NULL);
INSERT INTO `act_hi_comment` VALUES ('2fec2d9e-32ff-11ed-87bc-283a4d3b4979', 'comment', '2022-09-13 08:58:32.041', NULL, '02989ebc-32fb-11ed-9c60-283a4d3b4979', '029458f3-32fb-11ed-9c60-283a4d3b4979', 'AddComment', '同意', 0xE5908CE6848F);
INSERT INTO `act_hi_comment` VALUES ('30047098-32ff-11ed-87bc-283a4d3b4979', 'event', '2022-09-13 08:58:32.199', NULL, '2ffb21c2-32ff-11ed-87bc-283a4d3b4979', NULL, 'AddUserLink', 'zhangsan_|_assignee', NULL);
INSERT INTO `act_hi_comment` VALUES ('3b49b859-a342-11ee-ade9-6e6a773b7536', 'comment', '2023-12-26 00:25:35.292', 'xuesheng11', 'd07f796b-a320-11ee-ade9-6e6a773b7536', 'd077ff52-a320-11ee-ade9-6e6a773b7536', 'AddComment', '审批通过', 0xE5AEA1E689B9E9809AE8BF87);
INSERT INTO `act_hi_comment` VALUES ('3cd401de-a342-11ee-ade9-6e6a773b7536', 'comment', '2023-12-26 00:25:37.876', 'xuesheng11', '2deba1a2-a342-11ee-ade9-6e6a773b7536', '2deb7a89-a342-11ee-ade9-6e6a773b7536', 'AddComment', '审批通过', 0xE5AEA1E689B9E9809AE8BF87);
INSERT INTO `act_hi_comment` VALUES ('3d2d91eb-34a8-11ed-a5e5-283a4d3b4979', 'comment', '2022-09-15 11:41:10.390', NULL, 'c7491ff1-33c7-11ed-86cc-283a4d3b4979', 'c7443de8-33c7-11ed-86cc-283a4d3b4979', 'AddComment', '审批通过', 0xE5AEA1E689B9E9809AE8BF87);
INSERT INTO `act_hi_comment` VALUES ('3d355a24-34a8-11ed-a5e5-283a4d3b4979', 'event', '2022-09-15 11:41:10.441', NULL, '3d31898f-34a8-11ed-a5e5-283a4d3b4979', NULL, 'AddUserLink', 'admin_|_assignee', NULL);
INSERT INTO `act_hi_comment` VALUES ('4123f975-34a8-11ed-a5e5-283a4d3b4979', 'comment', '2022-09-15 11:41:17.038', NULL, '3d31898f-34a8-11ed-a5e5-283a4d3b4979', 'c7443de8-33c7-11ed-86cc-283a4d3b4979', 'AddComment', '审批通过', 0xE5AEA1E689B9E9809AE8BF87);
INSERT INTO `act_hi_comment` VALUES ('412a892e-34a8-11ed-a5e5-283a4d3b4979', 'event', '2022-09-15 11:41:17.081', NULL, '4126dfa9-34a8-11ed-a5e5-283a4d3b4979', NULL, 'AddUserLink', 'admin_|_assignee', NULL);
INSERT INTO `act_hi_comment` VALUES ('4480b90f-34a8-11ed-a5e5-283a4d3b4979', 'comment', '2022-09-15 11:41:22.679', 'admin', '4126dfa9-34a8-11ed-a5e5-283a4d3b4979', 'c7443de8-33c7-11ed-86cc-283a4d3b4979', 'AddComment', '审批通过', 0xE5AEA1E689B9E9809AE8BF87);
INSERT INTO `act_hi_comment` VALUES ('44888148-34a8-11ed-a5e5-283a4d3b4979', 'event', '2022-09-15 11:41:22.730', 'admin', '4483ed63-34a8-11ed-a5e5-283a4d3b4979', NULL, 'AddUserLink', 'admin_|_assignee', NULL);
INSERT INTO `act_hi_comment` VALUES ('47cf20c9-34a8-11ed-a5e5-283a4d3b4979', 'comment', '2022-09-15 11:41:28.226', NULL, '4483ed63-34a8-11ed-a5e5-283a4d3b4979', 'c7443de8-33c7-11ed-86cc-283a4d3b4979', 'AddComment', '审批通过', 0xE5AEA1E689B9E9809AE8BF87);
INSERT INTO `act_hi_comment` VALUES ('47d5d792-34a8-11ed-a5e5-283a4d3b4979', 'event', '2022-09-15 11:41:28.270', NULL, '47d22e0d-34a8-11ed-a5e5-283a4d3b4979', NULL, 'AddUserLink', 'admin_|_assignee', NULL);
INSERT INTO `act_hi_comment` VALUES ('4a9e355b-a3be-11ee-8fe5-6e6a773b7536', 'event', '2023-12-26 15:13:38.606', 'xuesheng51', '4a916415-a3be-11ee-8fe5-6e6a773b7536', NULL, 'AddUserLink', 'xiaoming_|_assignee', NULL);
INSERT INTO `act_hi_comment` VALUES ('4c4d55f3-34a8-11ed-a5e5-283a4d3b4979', 'comment', '2022-09-15 11:41:35.764', NULL, '47d22e0d-34a8-11ed-a5e5-283a4d3b4979', 'c7443de8-33c7-11ed-86cc-283a4d3b4979', 'AddComment', '1', 0x31);
INSERT INTO `act_hi_comment` VALUES ('545f763c-a3be-11ee-8fe5-6e6a773b7536', 'comment', '2023-12-26 15:13:54.972', NULL, '4a916415-a3be-11ee-8fe5-6e6a773b7536', '4a8ca91c-a3be-11ee-8fe5-6e6a773b7536', 'AddComment', '审批通过', 0xE5AEA1E689B9E9809AE8BF87);
INSERT INTO `act_hi_comment` VALUES ('56a7d072-a3c4-11ee-9623-6e6a773b7536', 'event', '2023-12-26 15:56:55.782', 'zhangsan', '5694bd9c-a3c4-11ee-9623-6e6a773b7536', NULL, 'AddUserLink', 'admin_|_assignee', NULL);
INSERT INTO `act_hi_comment` VALUES ('57f0cb42-a3c4-11ee-9623-6e6a773b7536', 'event', '2023-12-26 15:56:57.938', 'zhangsan', '57e5327c-a3c4-11ee-9623-6e6a773b7536', NULL, 'AddUserLink', 'admin_|_assignee', NULL);
INSERT INTO `act_hi_comment` VALUES ('5a1c2fd7-34a8-11ed-a5e5-283a4d3b4979', 'comment', '2022-09-15 11:41:58.930', NULL, '2cf6dfc5-34a8-11ed-a5e5-283a4d3b4979', 'b98a3e96-34a0-11ed-a5e5-283a4d3b4979', 'AddComment', '审批通过', 0xE5AEA1E689B9E9809AE8BF87);
INSERT INTO `act_hi_comment` VALUES ('5a230db0-34a8-11ed-a5e5-283a4d3b4979', 'event', '2022-09-15 11:41:58.975', NULL, '5a1f160b-34a8-11ed-a5e5-283a4d3b4979', NULL, 'AddUserLink', 'admin_|_assignee', NULL);
INSERT INTO `act_hi_comment` VALUES ('619d367c-a3c2-11ee-aaa2-6e6a773b7536', 'event', '2023-12-26 15:42:55.174', 'xuesheng11', '6194aaf6-a3c2-11ee-aaa2-6e6a773b7536', NULL, 'AddUserLink', 'lisi_|_assignee', NULL);
INSERT INTO `act_hi_comment` VALUES ('61b1be03-a3c4-11ee-9623-6e6a773b7536', 'comment', '2023-12-26 15:57:14.302', 'zhangsan', '57e5327c-a3c4-11ee-9623-6e6a773b7536', '57e4e453-a3c4-11ee-9623-6e6a773b7536', 'AddComment', '审批通过', 0xE5AEA1E689B9E9809AE8BF87);
INSERT INTO `act_hi_comment` VALUES ('6274e6f7-a3c4-11ee-9623-6e6a773b7536', 'comment', '2023-12-26 15:57:15.581', NULL, '0781a0e6-a3c3-11ee-aaa2-6e6a773b7536', '078179cd-a3c3-11ee-aaa2-6e6a773b7536', 'AddComment', '审批通过', 0xE5AEA1E689B9E9809AE8BF87);
INSERT INTO `act_hi_comment` VALUES ('6336141b-a3c4-11ee-9623-6e6a773b7536', 'comment', '2023-12-26 15:57:16.847', NULL, '5694bd9c-a3c4-11ee-9623-6e6a773b7536', '568f3f53-a3c4-11ee-9623-6e6a773b7536', 'AddComment', '审批通过', 0xE5AEA1E689B9E9809AE8BF87);
INSERT INTO `act_hi_comment` VALUES ('63fbd51f-a3c4-11ee-9623-6e6a773b7536', 'comment', '2023-12-26 15:57:18.143', NULL, '05da3266-a3c3-11ee-aaa2-6e6a773b7536', '05da0b4d-a3c3-11ee-aaa2-6e6a773b7536', 'AddComment', '审批通过', 0xE5AEA1E689B9E9809AE8BF87);
INSERT INTO `act_hi_comment` VALUES ('640a65ed-a3c2-11ee-aaa2-6e6a773b7536', 'comment', '2023-12-26 15:42:59.245', NULL, '6194aaf6-a3c2-11ee-aaa2-6e6a773b7536', '6193c08d-a3c2-11ee-aaa2-6e6a773b7536', 'AddComment', '审批通过', 0xE5AEA1E689B9E9809AE8BF87);
INSERT INTO `act_hi_comment` VALUES ('65febd87-9f44-11ee-bdc4-6e6a773b7536', 'event', '2023-12-20 22:31:01.284', 'admin', '65ea2412-9f44-11ee-bdc4-6e6a773b7536', NULL, 'AddUserLink', 'admin_|_assignee', NULL);
INSERT INTO `act_hi_comment` VALUES ('6f7a4140-a3c2-11ee-aaa2-6e6a773b7536', 'event', '2023-12-26 15:43:18.433', 'lisi', '6f73154a-a3c2-11ee-aaa2-6e6a773b7536', NULL, 'AddUserLink', 'admin_|_assignee', NULL);
INSERT INTO `act_hi_comment` VALUES ('70cbeea0-a3c2-11ee-aaa2-6e6a773b7536', 'event', '2023-12-26 15:43:20.646', 'lisi', '70c4e9ba-a3c2-11ee-aaa2-6e6a773b7536', NULL, 'AddUserLink', 'admin_|_assignee', NULL);
INSERT INTO `act_hi_comment` VALUES ('77b27131-a3c2-11ee-aaa2-6e6a773b7536', 'comment', '2023-12-26 15:43:32.223', NULL, '70c4e9ba-a3c2-11ee-aaa2-6e6a773b7536', '70c4c2a1-a3c2-11ee-aaa2-6e6a773b7536', 'AddComment', '审批通过', 0xE5AEA1E689B9E9809AE8BF87);
INSERT INTO `act_hi_comment` VALUES ('79233f45-a3c2-11ee-aaa2-6e6a773b7536', 'comment', '2023-12-26 15:43:34.640', NULL, '6f73154a-a3c2-11ee-aaa2-6e6a773b7536', '6f72ee31-a3c2-11ee-aaa2-6e6a773b7536', 'AddComment', '审批通过', 0xE5AEA1E689B9E9809AE8BF87);
INSERT INTO `act_hi_comment` VALUES ('7be8cefc-9fd1-11ee-9ff6-6e6a773b7536', 'event', '2023-12-21 15:20:57.090', 'zhangsan', '7bdb1356-9fd1-11ee-9ff6-6e6a773b7536', NULL, 'AddUserLink', 'admin_|_assignee', NULL);
INSERT INTO `act_hi_comment` VALUES ('8497dc8d-9fd1-11ee-9ff6-6e6a773b7536', 'comment', '2023-12-21 15:21:11.659', NULL, '7bdb1356-9fd1-11ee-9ff6-6e6a773b7536', '7bd742bd-9fd1-11ee-9ff6-6e6a773b7536', 'AddComment', '审批通过', 0xE5AEA1E689B9E9809AE8BF87);
INSERT INTO `act_hi_comment` VALUES ('88e514d5-952f-11ee-95a1-6e6a773b7536', 'event', '2023-12-08 02:36:28.778', 'admin', '88de5e10-952f-11ee-95a1-6e6a773b7536', NULL, 'AddUserLink', 'admin_|_assignee', NULL);
INSERT INTO `act_hi_comment` VALUES ('8c4bf1c9-32ff-11ed-87bc-283a4d3b4979', 'comment', '2022-09-13 09:01:07.019', NULL, '2ffb21c2-32ff-11ed-87bc-283a4d3b4979', '029458f3-32fb-11ed-9c60-283a4d3b4979', 'AddComment', '通过', 0xE9809AE8BF87);
INSERT INTO `act_hi_comment` VALUES ('8c601612-32ff-11ed-87bc-283a4d3b4979', 'event', '2022-09-13 09:01:07.151', NULL, '8c59ad6d-32ff-11ed-87bc-283a4d3b4979', NULL, 'AddUserLink', 'admin_|_assignee', NULL);
INSERT INTO `act_hi_comment` VALUES ('90894216-952f-11ee-95a1-6e6a773b7536', 'comment', '2023-12-08 02:36:41.598', NULL, '88de5e10-952f-11ee-95a1-6e6a773b7536', '88de36f7-952f-11ee-95a1-6e6a773b7536', 'AddComment', '审批通过', 0xE5AEA1E689B9E9809AE8BF87);
INSERT INTO `act_hi_comment` VALUES ('9096af9f-952f-11ee-95a1-6e6a773b7536', 'event', '2023-12-08 02:36:41.686', NULL, '90906e0a-952f-11ee-95a1-6e6a773b7536', NULL, 'AddUserLink', 'admin_|_assignee', NULL);
INSERT INTO `act_hi_comment` VALUES ('934bfbea-a3c1-11ee-aaa2-6e6a773b7536', 'event', '2023-12-26 15:37:09.031', NULL, '26709a6d-a293-11ee-b602-6e6a773b7536', NULL, 'AddUserLink', 'admin_|_assignee', NULL);
INSERT INTO `act_hi_comment` VALUES ('93501a9b-a3c1-11ee-aaa2-6e6a773b7536', 'comment', '2023-12-26 15:37:09.057', NULL, '26709a6d-a293-11ee-b602-6e6a773b7536', '266b6a44-a293-11ee-b602-6e6a773b7536', 'AddComment', 'zhangsan 转办任务【直属领导审批】给 admin 办理', 0x7A68616E6773616E20E8BDACE58A9EE4BBBBE58AA1E38090E79BB4E5B19EE9A286E5AFBCE5AEA1E689B9E38091E7BB992061646D696E20E58A9EE79086);
INSERT INTO `act_hi_comment` VALUES ('93c9a010-952f-11ee-95a1-6e6a773b7536', 'comment', '2023-12-08 02:36:47.053', NULL, '90906e0a-952f-11ee-95a1-6e6a773b7536', '88de36f7-952f-11ee-95a1-6e6a773b7536', 'AddComment', '审批通过', 0xE5AEA1E689B9E9809AE8BF87);
INSERT INTO `act_hi_comment` VALUES ('9b253800-9fd2-11ee-9ff6-6e6a773b7536', 'event', '2023-12-21 15:28:58.992', 'zhangsan', '9b1fe0ca-9fd2-11ee-9ff6-6e6a773b7536', NULL, 'AddUserLink', 'admin_|_assignee', NULL);
INSERT INTO `act_hi_comment` VALUES ('a0b2305f-a3be-11ee-8fe5-6e6a773b7536', 'event', '2023-12-26 15:16:03.021', 'xuesheng51', 'a0aa6829-a3be-11ee-8fe5-6e6a773b7536', NULL, 'AddUserLink', 'xiaoming_|_assignee', NULL);
INSERT INTO `act_hi_comment` VALUES ('a3c8bc7b-91af-11ee-9fdf-6e6a773b7536', 'event', '2023-12-03 15:43:24.821', 'admin', 'a3b9c856-91af-11ee-9fdf-6e6a773b7536', NULL, 'AddUserLink', 'admin_|_assignee', NULL);
INSERT INTO `act_hi_comment` VALUES ('a4244cb0-a3be-11ee-8fe5-6e6a773b7536', 'comment', '2023-12-26 15:16:08.802', NULL, 'a0aa6829-a3be-11ee-8fe5-6e6a773b7536', 'a0aa4110-a3be-11ee-8fe5-6e6a773b7536', 'AddComment', '审批通过', 0xE5AEA1E689B9E9809AE8BF87);
INSERT INTO `act_hi_comment` VALUES ('a5fc87ac-a3c1-11ee-aaa2-6e6a773b7536', 'comment', '2023-12-26 15:37:40.386', NULL, '26709a6d-a293-11ee-b602-6e6a773b7536', '266b6a44-a293-11ee-b602-6e6a773b7536', 'AddComment', '审批通过', 0xE5AEA1E689B9E9809AE8BF87);
INSERT INTO `act_hi_comment` VALUES ('a61518c5-a3c1-11ee-aaa2-6e6a773b7536', 'event', '2023-12-26 15:37:40.548', NULL, 'a60a9170-a3c1-11ee-aaa2-6e6a773b7536', NULL, 'AddUserLink', 'admin_|_assignee', NULL);
INSERT INTO `act_hi_comment` VALUES ('a78598b6-a3c1-11ee-aaa2-6e6a773b7536', 'comment', '2023-12-26 15:37:42.963', NULL, '65ea2412-9f44-11ee-bdc4-6e6a773b7536', '65e59029-9f44-11ee-bdc4-6e6a773b7536', 'AddComment', '审批通过', 0xE5AEA1E689B9E9809AE8BF87);
INSERT INTO `act_hi_comment` VALUES ('a793545f-a3c1-11ee-aaa2-6e6a773b7536', 'event', '2023-12-26 15:37:43.053', NULL, 'a78c4f7a-a3c1-11ee-aaa2-6e6a773b7536', NULL, 'AddUserLink', 'admin_|_assignee', NULL);
INSERT INTO `act_hi_comment` VALUES ('a8e15830-a3c1-11ee-aaa2-6e6a773b7536', 'comment', '2023-12-26 15:37:45.242', NULL, 'a60a9170-a3c1-11ee-aaa2-6e6a773b7536', '266b6a44-a293-11ee-b602-6e6a773b7536', 'AddComment', '审批通过', 0xE5AEA1E689B9E9809AE8BF87);
INSERT INTO `act_hi_comment` VALUES ('a8ef8909-a3c1-11ee-aaa2-6e6a773b7536', 'event', '2023-12-26 15:37:45.335', NULL, 'a8e7e7e4-a3c1-11ee-aaa2-6e6a773b7536', NULL, 'AddUserLink', 'admin_|_assignee', NULL);
INSERT INTO `act_hi_comment` VALUES ('aa0f50ea-a3c1-11ee-aaa2-6e6a773b7536', 'comment', '2023-12-26 15:37:47.221', NULL, 'a8e7e7e4-a3c1-11ee-aaa2-6e6a773b7536', '266b6a44-a293-11ee-b602-6e6a773b7536', 'AddComment', '审批通过', 0xE5AEA1E689B9E9809AE8BF87);
INSERT INTO `act_hi_comment` VALUES ('aa1bad03-a3c1-11ee-aaa2-6e6a773b7536', 'event', '2023-12-26 15:37:47.302', NULL, 'aa151d4e-a3c1-11ee-aaa2-6e6a773b7536', NULL, 'AddUserLink', 'admin_|_assignee', NULL);
INSERT INTO `act_hi_comment` VALUES ('ab59eb9c-a3bc-11ee-81ba-6e6a773b7536', 'event', '2023-12-26 15:02:01.904', 'xiaoming', 'ab49e606-a3bc-11ee-81ba-6e6a773b7536', NULL, 'AddUserLink', 'admin_|_assignee', NULL);
INSERT INTO `act_hi_comment` VALUES ('abdb5e64-a3c1-11ee-aaa2-6e6a773b7536', 'comment', '2023-12-26 15:37:50.236', NULL, 'aa151d4e-a3c1-11ee-aaa2-6e6a773b7536', '266b6a44-a293-11ee-b602-6e6a773b7536', 'AddComment', '审批通过', 0xE5AEA1E689B9E9809AE8BF87);
INSERT INTO `act_hi_comment` VALUES ('abe60ccd-a3c1-11ee-aaa2-6e6a773b7536', 'event', '2023-12-26 15:37:50.306', NULL, 'abe08e88-a3c1-11ee-aaa2-6e6a773b7536', NULL, 'AddUserLink', 'admin_|_assignee', NULL);
INSERT INTO `act_hi_comment` VALUES ('ad2e1d2e-a3c1-11ee-aaa2-6e6a773b7536', 'comment', '2023-12-26 15:37:52.456', NULL, 'abe08e88-a3c1-11ee-aaa2-6e6a773b7536', '266b6a44-a293-11ee-b602-6e6a773b7536', 'AddComment', '审批通过', 0xE5AEA1E689B9E9809AE8BF87);
INSERT INTO `act_hi_comment` VALUES ('aed0d0b2-a3c1-11ee-aaa2-6e6a773b7536', 'comment', '2023-12-26 15:37:55.200', NULL, 'a78c4f7a-a3c1-11ee-aaa2-6e6a773b7536', '65e59029-9f44-11ee-bdc4-6e6a773b7536', 'AddComment', '审批通过', 0xE5AEA1E689B9E9809AE8BF87);
INSERT INTO `act_hi_comment` VALUES ('aedc697b-a3c1-11ee-aaa2-6e6a773b7536', 'event', '2023-12-26 15:37:55.275', NULL, 'aed627e6-a3c1-11ee-aaa2-6e6a773b7536', NULL, 'AddUserLink', 'admin_|_assignee', NULL);
INSERT INTO `act_hi_comment` VALUES ('b06ad1ac-a3c1-11ee-aaa2-6e6a773b7536', 'comment', '2023-12-26 15:37:57.887', NULL, 'aed627e6-a3c1-11ee-aaa2-6e6a773b7536', '65e59029-9f44-11ee-bdc4-6e6a773b7536', 'AddComment', '审批通过', 0xE5AEA1E689B9E9809AE8BF87);
INSERT INTO `act_hi_comment` VALUES ('b07bc1a5-a3c1-11ee-aaa2-6e6a773b7536', 'event', '2023-12-26 15:37:57.998', NULL, 'b072e800-a3c1-11ee-aaa2-6e6a773b7536', NULL, 'AddUserLink', 'admin_|_assignee', NULL);
INSERT INTO `act_hi_comment` VALUES ('b22f8c26-a3c1-11ee-aaa2-6e6a773b7536', 'comment', '2023-12-26 15:38:00.854', NULL, 'b072e800-a3c1-11ee-aaa2-6e6a773b7536', '65e59029-9f44-11ee-bdc4-6e6a773b7536', 'AddComment', '审批通过', 0xE5AEA1E689B9E9809AE8BF87);
INSERT INTO `act_hi_comment` VALUES ('b2418d8f-a3c1-11ee-aaa2-6e6a773b7536', 'event', '2023-12-26 15:38:00.972', NULL, 'b237f09a-a3c1-11ee-aaa2-6e6a773b7536', NULL, 'AddUserLink', 'admin_|_assignee', NULL);
INSERT INTO `act_hi_comment` VALUES ('b33a1e60-a3c1-11ee-aaa2-6e6a773b7536', 'comment', '2023-12-26 15:38:02.601', NULL, 'b237f09a-a3c1-11ee-aaa2-6e6a773b7536', '65e59029-9f44-11ee-bdc4-6e6a773b7536', 'AddComment', '审批通过', 0xE5AEA1E689B9E9809AE8BF87);
INSERT INTO `act_hi_comment` VALUES ('b4adab94-a3c1-11ee-aaa2-6e6a773b7536', 'comment', '2023-12-26 15:38:05.036', NULL, '28013639-91da-11ee-a869-6e6a773b7536', '27f3a1a0-91da-11ee-a869-6e6a773b7536', 'AddComment', '审批通过', 0xE5AEA1E689B9E9809AE8BF87);
INSERT INTO `act_hi_comment` VALUES ('b4ba2ebd-a3c1-11ee-aaa2-6e6a773b7536', 'event', '2023-12-26 15:38:05.118', NULL, 'b4b377f8-a3c1-11ee-aaa2-6e6a773b7536', NULL, 'AddUserLink', 'admin_|_assignee', NULL);
INSERT INTO `act_hi_comment` VALUES ('b5b275cc-91af-11ee-9fdf-6e6a773b7536', 'comment', '2023-12-03 15:43:54.874', NULL, 'a3b9c856-91af-11ee-9fdf-6e6a773b7536', 'a3b0a08d-91af-11ee-9fdf-6e6a773b7536', 'AddComment', '审批通过', 0xE5AEA1E689B9E9809AE8BF87);
INSERT INTO `act_hi_comment` VALUES ('b5c317a5-91af-11ee-9fdf-6e6a773b7536', 'event', '2023-12-03 15:43:54.983', NULL, 'b5ba6510-91af-11ee-9fdf-6e6a773b7536', NULL, 'AddUserLink', 'admin_|_assignee', NULL);
INSERT INTO `act_hi_comment` VALUES ('b61b1e4e-a3c1-11ee-aaa2-6e6a773b7536', 'comment', '2023-12-26 15:38:07.430', NULL, 'b4b377f8-a3c1-11ee-aaa2-6e6a773b7536', '27f3a1a0-91da-11ee-a869-6e6a773b7536', 'AddComment', '审批通过', 0xE5AEA1E689B9E9809AE8BF87);
INSERT INTO `act_hi_comment` VALUES ('b6311757-a3c1-11ee-aaa2-6e6a773b7536', 'event', '2023-12-26 15:38:07.575', NULL, 'b623a9d2-a3c1-11ee-aaa2-6e6a773b7536', NULL, 'AddUserLink', 'admin_|_assignee', NULL);
INSERT INTO `act_hi_comment` VALUES ('b784c078-a3c1-11ee-aaa2-6e6a773b7536', 'comment', '2023-12-26 15:38:09.801', NULL, 'b623a9d2-a3c1-11ee-aaa2-6e6a773b7536', '27f3a1a0-91da-11ee-a869-6e6a773b7536', 'AddComment', '审批通过', 0xE5AEA1E689B9E9809AE8BF87);
INSERT INTO `act_hi_comment` VALUES ('b7922e01-a3c1-11ee-aaa2-6e6a773b7536', 'event', '2023-12-26 15:38:09.889', NULL, 'b78adafc-a3c1-11ee-aaa2-6e6a773b7536', NULL, 'AddUserLink', 'admin_|_assignee', NULL);
INSERT INTO `act_hi_comment` VALUES ('b7ac5ead-a3bc-11ee-81ba-6e6a773b7536', 'comment', '2023-12-26 15:02:22.576', NULL, 'ab49e606-a3bc-11ee-81ba-6e6a773b7536', 'ab45521d-a3bc-11ee-81ba-6e6a773b7536', 'AddComment', '审批通过', 0xE5AEA1E689B9E9809AE8BF87);
INSERT INTO `act_hi_comment` VALUES ('b8fc6c62-a3c1-11ee-aaa2-6e6a773b7536', 'comment', '2023-12-26 15:38:12.263', NULL, 'b78adafc-a3c1-11ee-aaa2-6e6a773b7536', '27f3a1a0-91da-11ee-a869-6e6a773b7536', 'AddComment', '审批通过', 0xE5AEA1E689B9E9809AE8BF87);
INSERT INTO `act_hi_comment` VALUES ('b90b397b-a3c1-11ee-aaa2-6e6a773b7536', 'event', '2023-12-26 15:38:12.360', NULL, 'b9032326-a3c1-11ee-aaa2-6e6a773b7536', NULL, 'AddUserLink', 'admin_|_assignee', NULL);
INSERT INTO `act_hi_comment` VALUES ('b9a40834-34a0-11ed-a5e5-283a4d3b4979', 'event', '2022-09-15 10:47:23.230', 'admin', 'b990a73f-34a0-11ed-a5e5-283a4d3b4979', NULL, 'AddUserLink', 'admin_|_assignee', NULL);
INSERT INTO `act_hi_comment` VALUES ('ba0ccafc-a3c1-11ee-aaa2-6e6a773b7536', 'comment', '2023-12-26 15:38:14.048', NULL, 'b9032326-a3c1-11ee-aaa2-6e6a773b7536', '27f3a1a0-91da-11ee-a869-6e6a773b7536', 'AddComment', '审批通过', 0xE5AEA1E689B9E9809AE8BF87);
INSERT INTO `act_hi_comment` VALUES ('bb2f02e0-a3c1-11ee-aaa2-6e6a773b7536', 'comment', '2023-12-26 15:38:15.950', NULL, 'b5ba6510-91af-11ee-9fdf-6e6a773b7536', 'a3b0a08d-91af-11ee-9fdf-6e6a773b7536', 'AddComment', '审批通过', 0xE5AEA1E689B9E9809AE8BF87);
INSERT INTO `act_hi_comment` VALUES ('bcc5f694-a3c1-11ee-aaa2-6e6a773b7536', 'comment', '2023-12-26 15:38:18.617', NULL, 'cdc8dbb2-6c20-11ee-a512-6e6a773b7536', '18eb947a-5ad5-11ee-bbd0-6e6a773b7536', 'AddComment', '审批通过', 0xE5AEA1E689B9E9809AE8BF87);
INSERT INTO `act_hi_comment` VALUES ('c611a71d-3327-11ed-8143-283a4d3b4979', 'event', '2022-09-13 13:49:03.813', NULL, '8c59ad6d-32ff-11ed-87bc-283a4d3b4979', NULL, 'AddUserLink', 'zhangsan_|_assignee', NULL);
INSERT INTO `act_hi_comment` VALUES ('c61b440e-3327-11ed-8143-283a4d3b4979', 'comment', '2022-09-13 13:49:03.877', NULL, '8c59ad6d-32ff-11ed-87bc-283a4d3b4979', '029458f3-32fb-11ed-9c60-283a4d3b4979', 'AddComment', 'admin 转办任务【人事专员审批】给 zhangsan 办理', 0x61646D696E20E8BDACE58A9EE4BBBBE58AA1E38090E4BABAE4BA8BE4B893E59198E5AEA1E689B9E38091E7BB99207A68616E6773616E20E58A9EE79086);
INSERT INTO `act_hi_comment` VALUES ('c7530b06-33c7-11ed-86cc-283a4d3b4979', 'event', '2022-09-14 08:54:25.397', 'admin', 'c7491ff1-33c7-11ed-86cc-283a4d3b4979', NULL, 'AddUserLink', 'admin_|_assignee', NULL);
INSERT INTO `act_hi_comment` VALUES ('cdc30f4e-6c20-11ee-a512-6e6a773b7536', 'comment', '2023-10-16 20:37:44.193', NULL, '18f0ebb3-5ad5-11ee-bbd0-6e6a773b7536', '18eb947a-5ad5-11ee-bbd0-6e6a773b7536', 'AddComment', '1', 0x31);
INSERT INTO `act_hi_comment` VALUES ('cdd007a7-6c20-11ee-a512-6e6a773b7536', 'event', '2023-10-16 20:37:44.278', NULL, 'cdc8dbb2-6c20-11ee-a512-6e6a773b7536', NULL, 'AddUserLink', 'admin_|_assignee', NULL);
INSERT INTO `act_hi_comment` VALUES ('cddafa82-a3f1-11ee-98e3-6e6a773b7536', 'event', '2023-12-26 21:22:23.119', 'zhangsan', 'cdc3c8fc-a3f1-11ee-98e3-6e6a773b7536', NULL, 'AddUserLink', 'admin_|_assignee', NULL);
INSERT INTO `act_hi_comment` VALUES ('d09858a0-a320-11ee-ade9-6e6a773b7536', 'event', '2023-12-25 20:26:22.899', 'zhangsan', 'd07f796b-a320-11ee-ade9-6e6a773b7536', NULL, 'AddUserLink', 'zhangsan_|_assignee', NULL);
INSERT INTO `act_hi_comment` VALUES ('d188e581-a343-11ee-ade9-6e6a773b7536', 'event', '2023-12-26 00:36:56.860', 'xuesheng11', 'd17b29db-a343-11ee-ade9-6e6a773b7536', NULL, 'AddUserLink', 'zhangsan_|_assignee', NULL);
INSERT INTO `act_hi_comment` VALUES ('d7dd49da-332a-11ed-be56-283a4d3b4979', 'comment', '2022-09-13 14:11:02.160', NULL, 'f408c5f3-3327-11ed-8143-283a4d3b4979', '029458f3-32fb-11ed-9c60-283a4d3b4979', 'AddComment', '『admin 驳回任务 【人事经理审批】→【直属领导审批】』', 0xE3808E61646D696E20E9A9B3E59B9EE4BBBBE58AA120E38090E4BABAE4BA8BE7BB8FE79086E5AEA1E689B9E38091E28692E38090E79BB4E5B19EE9A286E5AFBCE5AEA1E689B9E38091E3808F);
INSERT INTO `act_hi_comment` VALUES ('d7f824e3-332a-11ed-be56-283a4d3b4979', 'event', '2022-09-13 14:11:02.336', NULL, 'd7eb539e-332a-11ed-be56-283a4d3b4979', NULL, 'AddUserLink', 'admin_|_assignee', NULL);
INSERT INTO `act_hi_comment` VALUES ('da1df584-a294-11ee-b602-6e6a773b7536', 'comment', '2023-12-25 03:44:29.332', NULL, '9b1fe0ca-9fd2-11ee-9ff6-6e6a773b7536', '9b1fb9b1-9fd2-11ee-9ff6-6e6a773b7536', 'AddComment', '审批通过', 0xE5AEA1E689B9E9809AE8BF87);
INSERT INTO `act_hi_comment` VALUES ('da759852-a343-11ee-ade9-6e6a773b7536', 'comment', '2023-12-26 00:37:11.834', NULL, 'd17b29db-a343-11ee-ade9-6e6a773b7536', 'd17adbb2-a343-11ee-ade9-6e6a773b7536', 'AddComment', '审批通过', 0xE5AEA1E689B9E9809AE8BF87);
INSERT INTO `act_hi_comment` VALUES ('e018e39a-533a-11ee-863f-6e6a773b7536', 'comment', '2023-09-15 04:11:22.800', NULL, '5a1f160b-34a8-11ed-a5e5-283a4d3b4979', 'b98a3e96-34a0-11ed-a5e5-283a4d3b4979', 'AddComment', '1', 0x31);
INSERT INTO `act_hi_comment` VALUES ('e6471ba5-a343-11ee-ade9-6e6a773b7536', 'event', '2023-12-26 00:37:31.662', 'xuesheng11', 'e63f2c5f-a343-11ee-ade9-6e6a773b7536', NULL, 'AddUserLink', 'zhangsan_|_assignee', NULL);
INSERT INTO `act_hi_comment` VALUES ('e8c7ac06-a343-11ee-ade9-6e6a773b7536', 'comment', '2023-12-26 00:37:35.860', NULL, 'e63f2c5f-a343-11ee-ade9-6e6a773b7536', 'e63f0546-a343-11ee-ade9-6e6a773b7536', 'AddComment', '审批通过', 0xE5AEA1E689B9E9809AE8BF87);
INSERT INTO `act_hi_comment` VALUES ('eac70042-a3f1-11ee-98e3-6e6a773b7536', 'event', '2023-12-26 21:23:11.642', 'zhangsan', 'eabe74bc-a3f1-11ee-98e3-6e6a773b7536', NULL, 'AddUserLink', 'admin_|_assignee', NULL);
INSERT INTO `act_hi_comment` VALUES ('f3fbf4af-3327-11ed-8143-283a4d3b4979', 'comment', '2022-09-13 13:50:20.847', NULL, '8c59ad6d-32ff-11ed-87bc-283a4d3b4979', '029458f3-32fb-11ed-9c60-283a4d3b4979', 'AddComment', '通过', 0xE9809AE8BF87);
INSERT INTO `act_hi_comment` VALUES ('f4115178-3327-11ed-8143-283a4d3b4979', 'event', '2022-09-13 13:50:20.987', NULL, 'f408c5f3-3327-11ed-8143-283a4d3b4979', NULL, 'AddUserLink', 'admin_|_assignee', NULL);
INSERT INTO `act_hi_comment` VALUES ('f59a5b34-332a-11ed-be56-283a4d3b4979', 'comment', '2022-09-13 14:11:52.052', NULL, 'd7eb539e-332a-11ed-be56-283a4d3b4979', '029458f3-32fb-11ed-9c60-283a4d3b4979', 'AddComment', '通过', 0xE9809AE8BF87);
INSERT INTO `act_hi_comment` VALUES ('f5aa12ad-332a-11ed-be56-283a4d3b4979', 'event', '2022-09-13 14:11:52.156', NULL, 'f5a35be8-332a-11ed-be56-283a4d3b4979', NULL, 'AddUserLink', 'admin_|_assignee', NULL);
INSERT INTO `act_hi_comment` VALUES ('f5c475b8-a3c2-11ee-aaa2-6e6a773b7536', 'event', '2023-12-26 15:47:03.734', 'xuesheng11', 'f5be5b32-a3c2-11ee-aaa2-6e6a773b7536', NULL, 'AddUserLink', 'zhangsan_|_assignee', NULL);
INSERT INTO `act_hi_comment` VALUES ('f8ab41f9-a3c2-11ee-aaa2-6e6a773b7536', 'comment', '2023-12-26 15:47:08.602', NULL, 'f5be5b32-a3c2-11ee-aaa2-6e6a773b7536', 'f5be3419-a3c2-11ee-aaa2-6e6a773b7536', 'AddComment', '审批通过', 0xE5AEA1E689B9E9809AE8BF87);

-- ----------------------------
-- Table structure for act_hi_detail
-- ----------------------------
DROP TABLE IF EXISTS `act_hi_detail`;
CREATE TABLE `act_hi_detail`  (
  `ID_` varchar(64) CHARACTER SET utf8 COLLATE utf8_bin NOT NULL,
  `TYPE_` varchar(255) CHARACTER SET utf8 COLLATE utf8_bin NOT NULL,
  `PROC_INST_ID_` varchar(64) CHARACTER SET utf8 COLLATE utf8_bin NULL DEFAULT NULL,
  `EXECUTION_ID_` varchar(64) CHARACTER SET utf8 COLLATE utf8_bin NULL DEFAULT NULL,
  `TASK_ID_` varchar(64) CHARACTER SET utf8 COLLATE utf8_bin NULL DEFAULT NULL,
  `ACT_INST_ID_` varchar(64) CHARACTER SET utf8 COLLATE utf8_bin NULL DEFAULT NULL,
  `NAME_` varchar(255) CHARACTER SET utf8 COLLATE utf8_bin NOT NULL,
  `VAR_TYPE_` varchar(255) CHARACTER SET utf8 COLLATE utf8_bin NULL DEFAULT NULL,
  `REV_` int NULL DEFAULT NULL,
  `TIME_` datetime(3) NOT NULL,
  `BYTEARRAY_ID_` varchar(64) CHARACTER SET utf8 COLLATE utf8_bin NULL DEFAULT NULL,
  `DOUBLE_` double NULL DEFAULT NULL,
  `LONG_` bigint NULL DEFAULT NULL,
  `TEXT_` varchar(4000) CHARACTER SET utf8 COLLATE utf8_bin NULL DEFAULT NULL,
  `TEXT2_` varchar(4000) CHARACTER SET utf8 COLLATE utf8_bin NULL DEFAULT NULL,
  PRIMARY KEY (`ID_`) USING BTREE,
  INDEX `ACT_IDX_HI_DETAIL_PROC_INST`(`PROC_INST_ID_`) USING BTREE,
  INDEX `ACT_IDX_HI_DETAIL_ACT_INST`(`ACT_INST_ID_`) USING BTREE,
  INDEX `ACT_IDX_HI_DETAIL_TIME`(`TIME_`) USING BTREE,
  INDEX `ACT_IDX_HI_DETAIL_NAME`(`NAME_`) USING BTREE,
  INDEX `ACT_IDX_HI_DETAIL_TASK_ID`(`TASK_ID_`) USING BTREE
) ENGINE = InnoDB CHARACTER SET = utf8 COLLATE = utf8_bin ROW_FORMAT = DYNAMIC;

-- ----------------------------
-- Records of act_hi_detail
-- ----------------------------
INSERT INTO `act_hi_detail` VALUES ('0294ce26-32fb-11ed-9c60-283a4d3b4979', 'VariableUpdate', '029458f3-32fb-11ed-9c60-283a4d3b4979', '029458f3-32fb-11ed-9c60-283a4d3b4979', NULL, NULL, 'entity', 'json', 0, '2022-09-13 08:28:37.984', NULL, NULL, NULL, '{\"id\":\"1569483068132782082\",\"username\":\"admin\",\"leaveType\":2,\"title\":\"事假123\",\"leaveReason\":\"事假123\",\"startDate\":\"2022-09-12T16:00:00.000+00:00\",\"endDate\":\"2022-09-23T15:59:59.000+00:00\",\"duration\":11,\"principal\":\"2\",\"contactPhone\":\"1\",\"createDate\":\"2022-09-13T00:28:17.000+00:00\",\"updateDate\":\"2022-09-13T00:28:17.000+00:00\",\"status\":1,\"statusStr\":\"待提交\",\"startDateStr\":\"2022-09-13 00:00:00\",\"endDateStr\":\"2022-09-23 23:59:59\",\"createDateStr\":\"2022-09-13 08:28:17\",\"leaveTypeStr\":\"事假\",\"updateDateStr\":\"2022-09-13 08:28:17\"}', 'java.util.LinkedHashMap');
INSERT INTO `act_hi_detail` VALUES ('02951c48-32fb-11ed-9c60-283a4d3b4979', 'VariableUpdate', '029458f3-32fb-11ed-9c60-283a4d3b4979', '029458f3-32fb-11ed-9c60-283a4d3b4979', NULL, NULL, 'formName', 'string', 0, '2022-09-13 08:28:37.986', NULL, NULL, NULL, 'LeaveForm', NULL);
INSERT INTO `act_hi_detail` VALUES ('0299891e-32fb-11ed-9c60-283a4d3b4979', 'VariableUpdate', '029458f3-32fb-11ed-9c60-283a4d3b4979', '02951c49-32fb-11ed-9c60-283a4d3b4979', '02989ebc-32fb-11ed-9c60-283a4d3b4979', NULL, 'formName', 'string', 0, '2022-09-13 08:28:38.015', NULL, NULL, NULL, 'LeaveForm', NULL);
INSERT INTO `act_hi_detail` VALUES ('02998920-32fb-11ed-9c60-283a4d3b4979', 'VariableUpdate', '029458f3-32fb-11ed-9c60-283a4d3b4979', '02951c49-32fb-11ed-9c60-283a4d3b4979', '02989ebc-32fb-11ed-9c60-283a4d3b4979', NULL, 'entity', 'json', 0, '2022-09-13 08:28:38.015', NULL, NULL, NULL, '{\"id\":\"1569483068132782082\",\"username\":\"admin\",\"leaveType\":2,\"title\":\"事假123\",\"leaveReason\":\"事假123\",\"startDate\":\"2022-09-12T16:00:00.000+00:00\",\"endDate\":\"2022-09-23T15:59:59.000+00:00\",\"duration\":11,\"principal\":\"2\",\"contactPhone\":\"1\",\"createDate\":\"2022-09-13T00:28:17.000+00:00\",\"updateDate\":\"2022-09-13T00:28:17.000+00:00\",\"status\":1,\"statusStr\":\"待提交\",\"startDateStr\":\"2022-09-13 00:00:00\",\"endDateStr\":\"2022-09-23 23:59:59\",\"createDateStr\":\"2022-09-13 08:28:17\",\"leaveTypeStr\":\"事假\",\"updateDateStr\":\"2022-09-13 08:28:17\"}', 'java.util.LinkedHashMap');
INSERT INTO `act_hi_detail` VALUES ('03b3fbb8-a342-11ee-ade9-6e6a773b7536', 'VariableUpdate', '03b3ad95-a342-11ee-ade9-6e6a773b7536', '03b3ad95-a342-11ee-ade9-6e6a773b7536', NULL, NULL, 'entity', 'json', 0, '2023-12-26 00:24:02.036', NULL, NULL, NULL, '{\"id\":\"1739262434855665665\",\"name\":\"xuesheng11\",\"course_name\":\"计算机网络\",\"teacher_nick_name\":\"张三\",\"time\":\"1-8周 周三 9:40-11:50\",\"reason\":\"adsd\",\"createDate\":\"2023-12-25T12:30:53.000+00:00\",\"status\":1,\"createDateStr\":\"2023-12-25 20:30:53\",\"statusStr\":\"待提交\"}', 'java.util.LinkedHashMap');
INSERT INTO `act_hi_detail` VALUES ('03b422ca-a342-11ee-ade9-6e6a773b7536', 'VariableUpdate', '03b3ad95-a342-11ee-ade9-6e6a773b7536', '03b3ad95-a342-11ee-ade9-6e6a773b7536', NULL, NULL, 'formName', 'string', 0, '2023-12-26 00:24:02.037', NULL, NULL, NULL, 'StudentLeaveForm', NULL);
INSERT INTO `act_hi_detail` VALUES ('03b50d30-a342-11ee-ade9-6e6a773b7536', 'VariableUpdate', '03b3ad95-a342-11ee-ade9-6e6a773b7536', '03b422cb-a342-11ee-ade9-6e6a773b7536', '03b497fe-a342-11ee-ade9-6e6a773b7536', NULL, 'formName', 'string', 0, '2023-12-26 00:24:02.043', NULL, NULL, NULL, 'StudentLeaveForm', NULL);
INSERT INTO `act_hi_detail` VALUES ('03b50d32-a342-11ee-ade9-6e6a773b7536', 'VariableUpdate', '03b3ad95-a342-11ee-ade9-6e6a773b7536', '03b422cb-a342-11ee-ade9-6e6a773b7536', '03b497fe-a342-11ee-ade9-6e6a773b7536', NULL, 'entity', 'json', 0, '2023-12-26 00:24:02.043', NULL, NULL, NULL, '{\"id\":\"1739262434855665665\",\"name\":\"xuesheng11\",\"course_name\":\"计算机网络\",\"teacher_nick_name\":\"张三\",\"time\":\"1-8周 周三 9:40-11:50\",\"reason\":\"adsd\",\"createDate\":\"2023-12-25T12:30:53.000+00:00\",\"status\":1,\"createDateStr\":\"2023-12-25 20:30:53\",\"statusStr\":\"待提交\"}', 'java.util.LinkedHashMap');
INSERT INTO `act_hi_detail` VALUES ('05da0b50-a3c3-11ee-aaa2-6e6a773b7536', 'VariableUpdate', '05da0b4d-a3c3-11ee-aaa2-6e6a773b7536', '05da0b4d-a3c3-11ee-aaa2-6e6a773b7536', NULL, NULL, 'entity', 'json', 0, '2023-12-26 15:47:30.719', NULL, NULL, NULL, '{\"id\":\"6\",\"name\":\"高等数学\",\"tchId\":\"zhangsan\",\"nick_name\":\"张三\",\"time\":\"9-16周 周四 9:40-11:50\",\"room\":\"C4-116\",\"classId\":\"202003101\",\"class_name\":\"20计科1班\",\"createDate\":\"2023-12-17T00:11:35.000+00:00\",\"updateDate\":\"2023-12-17T00:11:35.000+00:00\",\"status\":1,\"createDateStr\":\"2023-12-17 08:11:35\",\"updateDateStr\":\"2023-12-17 08:11:35\",\"statusStr\":\"待提交\"}', 'java.util.LinkedHashMap');
INSERT INTO `act_hi_detail` VALUES ('05da3262-a3c3-11ee-aaa2-6e6a773b7536', 'VariableUpdate', '05da0b4d-a3c3-11ee-aaa2-6e6a773b7536', '05da0b4d-a3c3-11ee-aaa2-6e6a773b7536', NULL, NULL, 'formName', 'string', 0, '2023-12-26 15:47:30.720', NULL, NULL, NULL, 'courseManagerForm', NULL);
INSERT INTO `act_hi_detail` VALUES ('05da5978-a3c3-11ee-aaa2-6e6a773b7536', 'VariableUpdate', '05da0b4d-a3c3-11ee-aaa2-6e6a773b7536', '05da3263-a3c3-11ee-aaa2-6e6a773b7536', '05da3266-a3c3-11ee-aaa2-6e6a773b7536', NULL, 'formName', 'string', 0, '2023-12-26 15:47:30.721', NULL, NULL, NULL, 'courseManagerForm', NULL);
INSERT INTO `act_hi_detail` VALUES ('05da597a-a3c3-11ee-aaa2-6e6a773b7536', 'VariableUpdate', '05da0b4d-a3c3-11ee-aaa2-6e6a773b7536', '05da3263-a3c3-11ee-aaa2-6e6a773b7536', '05da3266-a3c3-11ee-aaa2-6e6a773b7536', NULL, 'entity', 'json', 0, '2023-12-26 15:47:30.721', NULL, NULL, NULL, '{\"id\":\"6\",\"name\":\"高等数学\",\"tchId\":\"zhangsan\",\"nick_name\":\"张三\",\"time\":\"9-16周 周四 9:40-11:50\",\"room\":\"C4-116\",\"classId\":\"202003101\",\"class_name\":\"20计科1班\",\"createDate\":\"2023-12-17T00:11:35.000+00:00\",\"updateDate\":\"2023-12-17T00:11:35.000+00:00\",\"status\":1,\"createDateStr\":\"2023-12-17 08:11:35\",\"updateDateStr\":\"2023-12-17 08:11:35\",\"statusStr\":\"待提交\"}', 'java.util.LinkedHashMap');
INSERT INTO `act_hi_detail` VALUES ('0781a0e0-a3c3-11ee-aaa2-6e6a773b7536', 'VariableUpdate', '078179cd-a3c3-11ee-aaa2-6e6a773b7536', '078179cd-a3c3-11ee-aaa2-6e6a773b7536', NULL, NULL, 'entity', 'json', 0, '2023-12-26 15:47:33.495', NULL, NULL, NULL, '{\"id\":\"7\",\"name\":\"线性代数\",\"tchId\":\"zhangsan\",\"nick_name\":\"张三\",\"time\":\"1-8周 周三 8:00-9:25\",\"room\":\"C4-116\",\"classId\":\"202003101\",\"class_name\":\"20计科1班\",\"createDate\":\"2023-12-17T00:11:35.000+00:00\",\"updateDate\":\"2023-12-17T00:11:35.000+00:00\",\"status\":1,\"createDateStr\":\"2023-12-17 08:11:35\",\"updateDateStr\":\"2023-12-17 08:11:35\",\"statusStr\":\"待提交\"}', 'java.util.LinkedHashMap');
INSERT INTO `act_hi_detail` VALUES ('0781a0e2-a3c3-11ee-aaa2-6e6a773b7536', 'VariableUpdate', '078179cd-a3c3-11ee-aaa2-6e6a773b7536', '078179cd-a3c3-11ee-aaa2-6e6a773b7536', NULL, NULL, 'formName', 'string', 0, '2023-12-26 15:47:33.495', NULL, NULL, NULL, 'courseManagerForm', NULL);
INSERT INTO `act_hi_detail` VALUES ('0781c7f8-a3c3-11ee-aaa2-6e6a773b7536', 'VariableUpdate', '078179cd-a3c3-11ee-aaa2-6e6a773b7536', '0781a0e3-a3c3-11ee-aaa2-6e6a773b7536', '0781a0e6-a3c3-11ee-aaa2-6e6a773b7536', NULL, 'formName', 'string', 0, '2023-12-26 15:47:33.496', NULL, NULL, NULL, 'courseManagerForm', NULL);
INSERT INTO `act_hi_detail` VALUES ('0781c7fa-a3c3-11ee-aaa2-6e6a773b7536', 'VariableUpdate', '078179cd-a3c3-11ee-aaa2-6e6a773b7536', '0781a0e3-a3c3-11ee-aaa2-6e6a773b7536', '0781a0e6-a3c3-11ee-aaa2-6e6a773b7536', NULL, 'entity', 'json', 0, '2023-12-26 15:47:33.496', NULL, NULL, NULL, '{\"id\":\"7\",\"name\":\"线性代数\",\"tchId\":\"zhangsan\",\"nick_name\":\"张三\",\"time\":\"1-8周 周三 8:00-9:25\",\"room\":\"C4-116\",\"classId\":\"202003101\",\"class_name\":\"20计科1班\",\"createDate\":\"2023-12-17T00:11:35.000+00:00\",\"updateDate\":\"2023-12-17T00:11:35.000+00:00\",\"status\":1,\"createDateStr\":\"2023-12-17 08:11:35\",\"updateDateStr\":\"2023-12-17 08:11:35\",\"statusStr\":\"待提交\"}', 'java.util.LinkedHashMap');
INSERT INTO `act_hi_detail` VALUES ('0bb2554e-34a8-11ed-a5e5-283a4d3b4979', 'VariableUpdate', 'b98a3e96-34a0-11ed-a5e5-283a4d3b4979', 'b98a3e96-34a0-11ed-a5e5-283a4d3b4979', NULL, NULL, 'entity', 'json', 1, '2022-09-15 11:39:47.374', NULL, NULL, NULL, '{\"id\":\"1567777623949111297\",\"username\":\"admin\",\"leaveType\":2,\"title\":\"12345\",\"leaveReason\":\"4567\",\"startDate\":\"2022-09-07T16:00:00.000+00:00\",\"endDate\":\"2022-09-16T15:59:59.000+00:00\",\"duration\":9,\"principal\":\"2\",\"contactPhone\":\"1\",\"createDate\":\"2022-09-08T07:31:28.000+00:00\",\"updateDate\":\"2022-09-08T07:31:28.000+00:00\",\"processInstanceId\":\"\",\"status\":0,\"createDateStr\":\"2022-09-08 15:31:28\",\"leaveTypeStr\":\"事假\",\"startDateStr\":\"2022-09-08 00:00:00\",\"statusStr\":\"已撤回\",\"endDateStr\":\"2022-09-16 23:59:59\",\"updateDateStr\":\"2022-09-08 15:31:28\"}', 'java.util.LinkedHashMap');
INSERT INTO `act_hi_detail` VALUES ('0bb27c5f-34a8-11ed-a5e5-283a4d3b4979', 'VariableUpdate', 'b98a3e96-34a0-11ed-a5e5-283a4d3b4979', 'b98a3e96-34a0-11ed-a5e5-283a4d3b4979', NULL, NULL, 'formName', 'string', 1, '2022-09-15 11:39:47.375', NULL, NULL, NULL, 'LeaveForm', NULL);
INSERT INTO `act_hi_detail` VALUES ('0bb2f193-34a8-11ed-a5e5-283a4d3b4979', 'VariableUpdate', 'b98a3e96-34a0-11ed-a5e5-283a4d3b4979', 'b98c3a6c-34a0-11ed-a5e5-283a4d3b4979', '0bb2a371-34a8-11ed-a5e5-283a4d3b4979', NULL, 'formName', 'string', 0, '2022-09-15 11:39:47.378', NULL, NULL, NULL, 'LeaveForm', NULL);
INSERT INTO `act_hi_detail` VALUES ('0bb2f195-34a8-11ed-a5e5-283a4d3b4979', 'VariableUpdate', 'b98a3e96-34a0-11ed-a5e5-283a4d3b4979', 'b98c3a6c-34a0-11ed-a5e5-283a4d3b4979', '0bb2a371-34a8-11ed-a5e5-283a4d3b4979', NULL, 'entity', 'json', 0, '2022-09-15 11:39:47.378', NULL, NULL, NULL, '{\"id\":\"1567777623949111297\",\"username\":\"admin\",\"leaveType\":2,\"title\":\"12345\",\"leaveReason\":\"4567\",\"startDate\":\"2022-09-07T16:00:00.000+00:00\",\"endDate\":\"2022-09-16T15:59:59.000+00:00\",\"duration\":9,\"principal\":\"2\",\"contactPhone\":\"1\",\"createDate\":\"2022-09-08T07:31:28.000+00:00\",\"updateDate\":\"2022-09-08T07:31:28.000+00:00\",\"processInstanceId\":\"\",\"status\":0,\"createDateStr\":\"2022-09-08 15:31:28\",\"leaveTypeStr\":\"事假\",\"startDateStr\":\"2022-09-08 00:00:00\",\"statusStr\":\"已撤回\",\"endDateStr\":\"2022-09-16 23:59:59\",\"updateDateStr\":\"2022-09-08 15:31:28\"}', 'java.util.LinkedHashMap');
INSERT INTO `act_hi_detail` VALUES ('18ec7edd-5ad5-11ee-bbd0-6e6a773b7536', 'VariableUpdate', '18eb947a-5ad5-11ee-bbd0-6e6a773b7536', '18eb947a-5ad5-11ee-bbd0-6e6a773b7536', NULL, NULL, 'entity', 'json', 0, '2023-09-24 20:22:58.775', NULL, NULL, NULL, '{\"id\":\"1702314547039215617\",\"username\":\"admin\",\"leaveType\":1,\"title\":\"测试3\",\"leaveReason\":\"121212\",\"startDate\":\"2023-09-13T16:00:00.000+00:00\",\"endDate\":\"2023-10-16T15:59:59.000+00:00\",\"duration\":33,\"createDate\":\"2023-09-14T13:33:10.000+00:00\",\"updateDate\":\"2023-09-14T13:33:40.000+00:00\",\"processInstanceId\":\"\",\"status\":0,\"endDateStr\":\"2023-10-16 23:59:59\",\"leaveTypeStr\":\"病假\",\"startDateStr\":\"2023-09-14 00:00:00\",\"updateDateStr\":\"2023-09-14 21:33:40\",\"createDateStr\":\"2023-09-14 21:33:10\",\"statusStr\":\"已撤回\"}', 'java.util.LinkedHashMap');
INSERT INTO `act_hi_detail` VALUES ('18ecccff-5ad5-11ee-bbd0-6e6a773b7536', 'VariableUpdate', '18eb947a-5ad5-11ee-bbd0-6e6a773b7536', '18eb947a-5ad5-11ee-bbd0-6e6a773b7536', NULL, NULL, 'formName', 'string', 0, '2023-09-24 20:22:58.777', NULL, NULL, NULL, 'LeaveForm', NULL);
INSERT INTO `act_hi_detail` VALUES ('18f1d615-5ad5-11ee-bbd0-6e6a773b7536', 'VariableUpdate', '18eb947a-5ad5-11ee-bbd0-6e6a773b7536', '18ecf410-5ad5-11ee-bbd0-6e6a773b7536', '18f0ebb3-5ad5-11ee-bbd0-6e6a773b7536', NULL, 'formName', 'string', 0, '2023-09-24 20:22:58.810', NULL, NULL, NULL, 'LeaveForm', NULL);
INSERT INTO `act_hi_detail` VALUES ('18f1fd27-5ad5-11ee-bbd0-6e6a773b7536', 'VariableUpdate', '18eb947a-5ad5-11ee-bbd0-6e6a773b7536', '18ecf410-5ad5-11ee-bbd0-6e6a773b7536', '18f0ebb3-5ad5-11ee-bbd0-6e6a773b7536', NULL, 'entity', 'json', 0, '2023-09-24 20:22:58.811', NULL, NULL, NULL, '{\"id\":\"1702314547039215617\",\"username\":\"admin\",\"leaveType\":1,\"title\":\"测试3\",\"leaveReason\":\"121212\",\"startDate\":\"2023-09-13T16:00:00.000+00:00\",\"endDate\":\"2023-10-16T15:59:59.000+00:00\",\"duration\":33,\"createDate\":\"2023-09-14T13:33:10.000+00:00\",\"updateDate\":\"2023-09-14T13:33:40.000+00:00\",\"processInstanceId\":\"\",\"status\":0,\"endDateStr\":\"2023-10-16 23:59:59\",\"leaveTypeStr\":\"病假\",\"startDateStr\":\"2023-09-14 00:00:00\",\"updateDateStr\":\"2023-09-14 21:33:40\",\"createDateStr\":\"2023-09-14 21:33:10\",\"statusStr\":\"已撤回\"}', 'java.util.LinkedHashMap');
INSERT INTO `act_hi_detail` VALUES ('2055d916-a342-11ee-ade9-6e6a773b7536', 'VariableUpdate', '03b3ad95-a342-11ee-ade9-6e6a773b7536', '03b3ad95-a342-11ee-ade9-6e6a773b7536', NULL, NULL, 'entity', 'json', 1, '2023-12-26 00:24:50.073', NULL, NULL, NULL, '{\"id\":\"1739262434855665665\",\"name\":\"xuesheng11\",\"course_name\":\"计算机网络\",\"teacher_nick_name\":\"张三\",\"time\":\"1-8周 周三 9:40-11:50\",\"reason\":\"adsd\",\"createDate\":\"2023-12-25T12:30:53.000+00:00\",\"status\":1,\"createDateStr\":\"2023-12-25 20:30:53\",\"statusStr\":\"待提交\"}', 'java.util.LinkedHashMap');
INSERT INTO `act_hi_detail` VALUES ('20567557-a342-11ee-ade9-6e6a773b7536', 'VariableUpdate', '03b3ad95-a342-11ee-ade9-6e6a773b7536', '03b3ad95-a342-11ee-ade9-6e6a773b7536', NULL, NULL, 'formName', 'string', 1, '2023-12-26 00:24:50.077', NULL, NULL, NULL, 'StudentLeaveForm', NULL);
INSERT INTO `act_hi_detail` VALUES ('25c99028-34a8-11ed-a5e5-283a4d3b4979', 'VariableUpdate', 'b98a3e96-34a0-11ed-a5e5-283a4d3b4979', 'b98a3e96-34a0-11ed-a5e5-283a4d3b4979', NULL, NULL, 'entity', 'json', 1, '2022-09-15 11:40:31.147', NULL, NULL, NULL, '{\"id\":\"1567777623949111297\",\"username\":\"admin\",\"leaveType\":2,\"title\":\"12345\",\"leaveReason\":\"4567\",\"startDate\":\"2022-09-07T16:00:00.000+00:00\",\"endDate\":\"2022-09-16T15:59:59.000+00:00\",\"duration\":9,\"principal\":\"2\",\"contactPhone\":\"1\",\"createDate\":\"2022-09-08T07:31:28.000+00:00\",\"updateDate\":\"2022-09-08T07:31:28.000+00:00\",\"processInstanceId\":\"\",\"status\":0,\"createDateStr\":\"2022-09-08 15:31:28\",\"leaveTypeStr\":\"事假\",\"startDateStr\":\"2022-09-08 00:00:00\",\"statusStr\":\"已撤回\",\"endDateStr\":\"2022-09-16 23:59:59\",\"updateDateStr\":\"2022-09-08 15:31:28\"}', 'java.util.LinkedHashMap');
INSERT INTO `act_hi_detail` VALUES ('25c9b739-34a8-11ed-a5e5-283a4d3b4979', 'VariableUpdate', 'b98a3e96-34a0-11ed-a5e5-283a4d3b4979', 'b98a3e96-34a0-11ed-a5e5-283a4d3b4979', NULL, NULL, 'formName', 'string', 1, '2022-09-15 11:40:31.148', NULL, NULL, NULL, 'LeaveForm', NULL);
INSERT INTO `act_hi_detail` VALUES ('25ca537d-34a8-11ed-a5e5-283a4d3b4979', 'VariableUpdate', 'b98a3e96-34a0-11ed-a5e5-283a4d3b4979', 'b98c3a6c-34a0-11ed-a5e5-283a4d3b4979', '25ca055b-34a8-11ed-a5e5-283a4d3b4979', NULL, 'formName', 'string', 0, '2022-09-15 11:40:31.152', NULL, NULL, NULL, 'LeaveForm', NULL);
INSERT INTO `act_hi_detail` VALUES ('25ca537f-34a8-11ed-a5e5-283a4d3b4979', 'VariableUpdate', 'b98a3e96-34a0-11ed-a5e5-283a4d3b4979', 'b98c3a6c-34a0-11ed-a5e5-283a4d3b4979', '25ca055b-34a8-11ed-a5e5-283a4d3b4979', NULL, 'entity', 'json', 0, '2022-09-15 11:40:31.152', NULL, NULL, NULL, '{\"id\":\"1567777623949111297\",\"username\":\"admin\",\"leaveType\":2,\"title\":\"12345\",\"leaveReason\":\"4567\",\"startDate\":\"2022-09-07T16:00:00.000+00:00\",\"endDate\":\"2022-09-16T15:59:59.000+00:00\",\"duration\":9,\"principal\":\"2\",\"contactPhone\":\"1\",\"createDate\":\"2022-09-08T07:31:28.000+00:00\",\"updateDate\":\"2022-09-08T07:31:28.000+00:00\",\"processInstanceId\":\"\",\"status\":0,\"createDateStr\":\"2022-09-08 15:31:28\",\"leaveTypeStr\":\"事假\",\"startDateStr\":\"2022-09-08 00:00:00\",\"statusStr\":\"已撤回\",\"endDateStr\":\"2022-09-16 23:59:59\",\"updateDateStr\":\"2022-09-08 15:31:28\"}', 'java.util.LinkedHashMap');
INSERT INTO `act_hi_detail` VALUES ('266bdf77-a293-11ee-b602-6e6a773b7536', 'VariableUpdate', '266b6a44-a293-11ee-b602-6e6a773b7536', '266b6a44-a293-11ee-b602-6e6a773b7536', NULL, NULL, 'entity', 'json', 0, '2023-12-25 03:32:18.356', NULL, NULL, NULL, '{\"id\":\"1739006075060912129\",\"name\":\"xuesheng11\",\"course_name\":\"高等数学\",\"teacher_nick_name\":\"张三\",\"time\":\"1-8周 周三 9:40-11:50\",\"reason\":\"身体不舒服\",\"createDate\":\"2023-12-24T19:32:12.000+00:00\",\"status\":1,\"createDateStr\":\"2023-12-25 03:32:12\",\"statusStr\":\"待提交\"}', 'java.util.LinkedHashMap');
INSERT INTO `act_hi_detail` VALUES ('266c2d99-a293-11ee-b602-6e6a773b7536', 'VariableUpdate', '266b6a44-a293-11ee-b602-6e6a773b7536', '266b6a44-a293-11ee-b602-6e6a773b7536', NULL, NULL, 'formName', 'string', 0, '2023-12-25 03:32:18.358', NULL, NULL, NULL, 'LeaveForm', NULL);
INSERT INTO `act_hi_detail` VALUES ('26715dbf-a293-11ee-b602-6e6a773b7536', 'VariableUpdate', '266b6a44-a293-11ee-b602-6e6a773b7536', '266c54aa-a293-11ee-b602-6e6a773b7536', '26709a6d-a293-11ee-b602-6e6a773b7536', NULL, 'formName', 'string', 0, '2023-12-25 03:32:18.392', NULL, NULL, NULL, 'LeaveForm', NULL);
INSERT INTO `act_hi_detail` VALUES ('26715dc1-a293-11ee-b602-6e6a773b7536', 'VariableUpdate', '266b6a44-a293-11ee-b602-6e6a773b7536', '266c54aa-a293-11ee-b602-6e6a773b7536', '26709a6d-a293-11ee-b602-6e6a773b7536', NULL, 'entity', 'json', 0, '2023-12-25 03:32:18.392', NULL, NULL, NULL, '{\"id\":\"1739006075060912129\",\"name\":\"xuesheng11\",\"course_name\":\"高等数学\",\"teacher_nick_name\":\"张三\",\"time\":\"1-8周 周三 9:40-11:50\",\"reason\":\"身体不舒服\",\"createDate\":\"2023-12-24T19:32:12.000+00:00\",\"status\":1,\"createDateStr\":\"2023-12-25 03:32:12\",\"statusStr\":\"待提交\"}', 'java.util.LinkedHashMap');
INSERT INTO `act_hi_detail` VALUES ('27f6d5f3-91da-11ee-a869-6e6a773b7536', 'VariableUpdate', '27f3a1a0-91da-11ee-a869-6e6a773b7536', '27f3a1a0-91da-11ee-a869-6e6a773b7536', NULL, NULL, 'entity', 'json', 0, '2023-12-03 20:47:45.445', NULL, NULL, NULL, '{\"id\":\"1701485834856890369\",\"username\":\"admin\",\"leaveType\":1,\"title\":\"测试1\",\"leaveReason\":\"233\",\"startDate\":\"2023-09-19T16:00:00.000+00:00\",\"endDate\":\"2023-09-23T15:59:59.000+00:00\",\"duration\":4,\"principal\":\"\",\"contactPhone\":\"\",\"createDate\":\"2023-09-12T06:40:09.000+00:00\",\"updateDate\":\"2023-09-12T06:41:37.000+00:00\",\"processInstanceId\":\"\",\"status\":0,\"endDateStr\":\"2023-09-23 23:59:59\",\"updateDateStr\":\"2023-09-12 14:41:37\",\"statusStr\":\"已撤回\",\"createDateStr\":\"2023-09-12 14:40:09\",\"leaveTypeStr\":\"病假\",\"startDateStr\":\"2023-09-20 00:00:00\"}', 'java.util.LinkedHashMap');
INSERT INTO `act_hi_detail` VALUES ('27f77235-91da-11ee-a869-6e6a773b7536', 'VariableUpdate', '27f3a1a0-91da-11ee-a869-6e6a773b7536', '27f3a1a0-91da-11ee-a869-6e6a773b7536', NULL, NULL, 'formName', 'string', 0, '2023-12-03 20:47:45.449', NULL, NULL, NULL, 'LeaveForm', NULL);
INSERT INTO `act_hi_detail` VALUES ('280295cb-91da-11ee-a869-6e6a773b7536', 'VariableUpdate', '27f3a1a0-91da-11ee-a869-6e6a773b7536', '27f7c056-91da-11ee-a869-6e6a773b7536', '28013639-91da-11ee-a869-6e6a773b7536', NULL, 'formName', 'string', 0, '2023-12-03 20:47:45.522', NULL, NULL, NULL, 'LeaveForm', NULL);
INSERT INTO `act_hi_detail` VALUES ('280295cd-91da-11ee-a869-6e6a773b7536', 'VariableUpdate', '27f3a1a0-91da-11ee-a869-6e6a773b7536', '27f7c056-91da-11ee-a869-6e6a773b7536', '28013639-91da-11ee-a869-6e6a773b7536', NULL, 'entity', 'json', 0, '2023-12-03 20:47:45.522', NULL, NULL, NULL, '{\"id\":\"1701485834856890369\",\"username\":\"admin\",\"leaveType\":1,\"title\":\"测试1\",\"leaveReason\":\"233\",\"startDate\":\"2023-09-19T16:00:00.000+00:00\",\"endDate\":\"2023-09-23T15:59:59.000+00:00\",\"duration\":4,\"principal\":\"\",\"contactPhone\":\"\",\"createDate\":\"2023-09-12T06:40:09.000+00:00\",\"updateDate\":\"2023-09-12T06:41:37.000+00:00\",\"processInstanceId\":\"\",\"status\":0,\"endDateStr\":\"2023-09-23 23:59:59\",\"updateDateStr\":\"2023-09-12 14:41:37\",\"statusStr\":\"已撤回\",\"createDateStr\":\"2023-09-12 14:40:09\",\"leaveTypeStr\":\"病假\",\"startDateStr\":\"2023-09-20 00:00:00\"}', 'java.util.LinkedHashMap');
INSERT INTO `act_hi_detail` VALUES ('2cf691a2-34a8-11ed-a5e5-283a4d3b4979', 'VariableUpdate', 'b98a3e96-34a0-11ed-a5e5-283a4d3b4979', 'b98a3e96-34a0-11ed-a5e5-283a4d3b4979', NULL, NULL, 'entity', 'json', 1, '2022-09-15 11:40:43.186', NULL, NULL, NULL, '{\"id\":\"1567777623949111297\",\"username\":\"admin\",\"leaveType\":2,\"title\":\"12345\",\"leaveReason\":\"4567\",\"startDate\":\"2022-09-07T16:00:00.000+00:00\",\"endDate\":\"2022-09-16T15:59:59.000+00:00\",\"duration\":9,\"principal\":\"2\",\"contactPhone\":\"1\",\"createDate\":\"2022-09-08T07:31:28.000+00:00\",\"updateDate\":\"2022-09-08T07:31:28.000+00:00\",\"processInstanceId\":\"\",\"status\":0,\"createDateStr\":\"2022-09-08 15:31:28\",\"leaveTypeStr\":\"事假\",\"startDateStr\":\"2022-09-08 00:00:00\",\"statusStr\":\"已撤回\",\"endDateStr\":\"2022-09-16 23:59:59\",\"updateDateStr\":\"2022-09-08 15:31:28\"}', 'java.util.LinkedHashMap');
INSERT INTO `act_hi_detail` VALUES ('2cf6b8b3-34a8-11ed-a5e5-283a4d3b4979', 'VariableUpdate', 'b98a3e96-34a0-11ed-a5e5-283a4d3b4979', 'b98a3e96-34a0-11ed-a5e5-283a4d3b4979', NULL, NULL, 'formName', 'string', 1, '2022-09-15 11:40:43.187', NULL, NULL, NULL, 'LeaveForm', NULL);
INSERT INTO `act_hi_detail` VALUES ('2cf706d7-34a8-11ed-a5e5-283a4d3b4979', 'VariableUpdate', 'b98a3e96-34a0-11ed-a5e5-283a4d3b4979', 'b98c3a6c-34a0-11ed-a5e5-283a4d3b4979', '2cf6dfc5-34a8-11ed-a5e5-283a4d3b4979', NULL, 'formName', 'string', 0, '2022-09-15 11:40:43.189', NULL, NULL, NULL, 'LeaveForm', NULL);
INSERT INTO `act_hi_detail` VALUES ('2cf72de9-34a8-11ed-a5e5-283a4d3b4979', 'VariableUpdate', 'b98a3e96-34a0-11ed-a5e5-283a4d3b4979', 'b98c3a6c-34a0-11ed-a5e5-283a4d3b4979', '2cf6dfc5-34a8-11ed-a5e5-283a4d3b4979', NULL, 'entity', 'json', 0, '2022-09-15 11:40:43.190', NULL, NULL, NULL, '{\"id\":\"1567777623949111297\",\"username\":\"admin\",\"leaveType\":2,\"title\":\"12345\",\"leaveReason\":\"4567\",\"startDate\":\"2022-09-07T16:00:00.000+00:00\",\"endDate\":\"2022-09-16T15:59:59.000+00:00\",\"duration\":9,\"principal\":\"2\",\"contactPhone\":\"1\",\"createDate\":\"2022-09-08T07:31:28.000+00:00\",\"updateDate\":\"2022-09-08T07:31:28.000+00:00\",\"processInstanceId\":\"\",\"status\":0,\"createDateStr\":\"2022-09-08 15:31:28\",\"leaveTypeStr\":\"事假\",\"startDateStr\":\"2022-09-08 00:00:00\",\"statusStr\":\"已撤回\",\"endDateStr\":\"2022-09-16 23:59:59\",\"updateDateStr\":\"2022-09-08 15:31:28\"}', 'java.util.LinkedHashMap');
INSERT INTO `act_hi_detail` VALUES ('2deb7a8c-a342-11ee-ade9-6e6a773b7536', 'VariableUpdate', '2deb7a89-a342-11ee-ade9-6e6a773b7536', '2deb7a89-a342-11ee-ade9-6e6a773b7536', NULL, NULL, 'entity', 'json', 0, '2023-12-26 00:25:12.864', NULL, NULL, NULL, '{\"id\":\"1739223919455494145\",\"name\":\"xuesheng11\",\"course_name\":\"高等数学\",\"teacher_nick_name\":\"张三\",\"time\":\"1-8周 周三 9:40-11:50\",\"reason\":\"不舒服\",\"createDate\":\"2023-12-25T09:57:50.000+00:00\",\"status\":1,\"createDateStr\":\"2023-12-25 17:57:50\",\"statusStr\":\"待提交\"}', 'java.util.LinkedHashMap');
INSERT INTO `act_hi_detail` VALUES ('2deb7a8e-a342-11ee-ade9-6e6a773b7536', 'VariableUpdate', '2deb7a89-a342-11ee-ade9-6e6a773b7536', '2deb7a89-a342-11ee-ade9-6e6a773b7536', NULL, NULL, 'formName', 'string', 0, '2023-12-26 00:25:12.864', NULL, NULL, NULL, 'StudentLeaveForm', NULL);
INSERT INTO `act_hi_detail` VALUES ('2dec16d4-a342-11ee-ade9-6e6a773b7536', 'VariableUpdate', '2deb7a89-a342-11ee-ade9-6e6a773b7536', '2deb7a8f-a342-11ee-ade9-6e6a773b7536', '2deba1a2-a342-11ee-ade9-6e6a773b7536', NULL, 'formName', 'string', 0, '2023-12-26 00:25:12.868', NULL, NULL, NULL, 'StudentLeaveForm', NULL);
INSERT INTO `act_hi_detail` VALUES ('2dec16d6-a342-11ee-ade9-6e6a773b7536', 'VariableUpdate', '2deb7a89-a342-11ee-ade9-6e6a773b7536', '2deb7a8f-a342-11ee-ade9-6e6a773b7536', '2deba1a2-a342-11ee-ade9-6e6a773b7536', NULL, 'entity', 'json', 0, '2023-12-26 00:25:12.868', NULL, NULL, NULL, '{\"id\":\"1739223919455494145\",\"name\":\"xuesheng11\",\"course_name\":\"高等数学\",\"teacher_nick_name\":\"张三\",\"time\":\"1-8周 周三 9:40-11:50\",\"reason\":\"不舒服\",\"createDate\":\"2023-12-25T09:57:50.000+00:00\",\"status\":1,\"createDateStr\":\"2023-12-25 17:57:50\",\"statusStr\":\"待提交\"}', 'java.util.LinkedHashMap');
INSERT INTO `act_hi_detail` VALUES ('2ff6b4ef-32ff-11ed-87bc-283a4d3b4979', 'VariableUpdate', '029458f3-32fb-11ed-9c60-283a4d3b4979', '029458f3-32fb-11ed-9c60-283a4d3b4979', NULL, NULL, 'entity', 'json', 1, '2022-09-13 08:58:32.110', NULL, NULL, NULL, '{\"id\":\"1569483068132782082\",\"username\":\"admin\",\"leaveType\":2,\"title\":\"事假123\",\"leaveReason\":\"事假123\",\"startDate\":\"2022-09-12T16:00:00.000+00:00\",\"endDate\":\"2022-09-23T15:59:59.000+00:00\",\"duration\":11,\"principal\":\"2\",\"contactPhone\":\"1\",\"createDate\":\"2022-09-13T00:28:17.000+00:00\",\"updateDate\":\"2022-09-13T00:28:17.000+00:00\",\"status\":1,\"statusStr\":\"待提交\",\"startDateStr\":\"2022-09-13 00:00:00\",\"endDateStr\":\"2022-09-23 23:59:59\",\"createDateStr\":\"2022-09-13 08:28:17\",\"leaveTypeStr\":\"事假\",\"updateDateStr\":\"2022-09-13 08:28:17\"}', 'java.util.LinkedHashMap');
INSERT INTO `act_hi_detail` VALUES ('2ff72a20-32ff-11ed-87bc-283a4d3b4979', 'VariableUpdate', '029458f3-32fb-11ed-9c60-283a4d3b4979', '029458f3-32fb-11ed-9c60-283a4d3b4979', NULL, NULL, 'formName', 'string', 1, '2022-09-13 08:58:32.113', NULL, NULL, NULL, 'LeaveForm', NULL);
INSERT INTO `act_hi_detail` VALUES ('2ffbbe04-32ff-11ed-87bc-283a4d3b4979', 'VariableUpdate', '029458f3-32fb-11ed-9c60-283a4d3b4979', '02951c49-32fb-11ed-9c60-283a4d3b4979', '2ffb21c2-32ff-11ed-87bc-283a4d3b4979', NULL, 'formName', 'string', 0, '2022-09-13 08:58:32.143', NULL, NULL, NULL, 'LeaveForm', NULL);
INSERT INTO `act_hi_detail` VALUES ('2ffbe516-32ff-11ed-87bc-283a4d3b4979', 'VariableUpdate', '029458f3-32fb-11ed-9c60-283a4d3b4979', '02951c49-32fb-11ed-9c60-283a4d3b4979', '2ffb21c2-32ff-11ed-87bc-283a4d3b4979', NULL, 'entity', 'json', 0, '2022-09-13 08:58:32.144', NULL, NULL, NULL, '{\"id\":\"1569483068132782082\",\"username\":\"admin\",\"leaveType\":2,\"title\":\"事假123\",\"leaveReason\":\"事假123\",\"startDate\":\"2022-09-12T16:00:00.000+00:00\",\"endDate\":\"2022-09-23T15:59:59.000+00:00\",\"duration\":11,\"principal\":\"2\",\"contactPhone\":\"1\",\"createDate\":\"2022-09-13T00:28:17.000+00:00\",\"updateDate\":\"2022-09-13T00:28:17.000+00:00\",\"status\":1,\"statusStr\":\"待提交\",\"startDateStr\":\"2022-09-13 00:00:00\",\"endDateStr\":\"2022-09-23 23:59:59\",\"createDateStr\":\"2022-09-13 08:28:17\",\"leaveTypeStr\":\"事假\",\"updateDateStr\":\"2022-09-13 08:28:17\"}', 'java.util.LinkedHashMap');
INSERT INTO `act_hi_detail` VALUES ('3b4f84bb-a342-11ee-ade9-6e6a773b7536', 'VariableUpdate', 'd077ff52-a320-11ee-ade9-6e6a773b7536', 'd077ff52-a320-11ee-ade9-6e6a773b7536', NULL, NULL, 'entity', 'json', 1, '2023-12-26 00:25:35.330', NULL, NULL, NULL, '{\"id\":\"1738962708247666690\",\"name\":\"计算机网络\",\"tchId\":\"zhangsan\",\"nick_name\":\"张三\",\"time\":\"1-8周 周四 9:40-11:50\",\"room\":\"C4-216\",\"classId\":\"202003101\",\"class_name\":\"20计科1班\",\"createDate\":\"2023-12-24T16:39:52.000+00:00\",\"updateDate\":\"2023-12-24T16:39:52.000+00:00\",\"status\":1,\"updateDateStr\":\"2023-12-25 00:39:52\",\"createDateStr\":\"2023-12-25 00:39:52\",\"statusStr\":\"待提交\"}', 'java.util.LinkedHashMap');
INSERT INTO `act_hi_detail` VALUES ('3b4fabcc-a342-11ee-ade9-6e6a773b7536', 'VariableUpdate', 'd077ff52-a320-11ee-ade9-6e6a773b7536', 'd077ff52-a320-11ee-ade9-6e6a773b7536', NULL, NULL, 'formName', 'string', 1, '2023-12-26 00:25:35.331', NULL, NULL, NULL, 'courseManagerForm', NULL);
INSERT INTO `act_hi_detail` VALUES ('3cd90aef-a342-11ee-ade9-6e6a773b7536', 'VariableUpdate', '2deb7a89-a342-11ee-ade9-6e6a773b7536', '2deb7a89-a342-11ee-ade9-6e6a773b7536', NULL, NULL, 'entity', 'json', 1, '2023-12-26 00:25:37.909', NULL, NULL, NULL, '{\"id\":\"1739223919455494145\",\"name\":\"xuesheng11\",\"course_name\":\"高等数学\",\"teacher_nick_name\":\"张三\",\"time\":\"1-8周 周三 9:40-11:50\",\"reason\":\"不舒服\",\"createDate\":\"2023-12-25T09:57:50.000+00:00\",\"status\":1,\"createDateStr\":\"2023-12-25 17:57:50\",\"statusStr\":\"待提交\"}', 'java.util.LinkedHashMap');
INSERT INTO `act_hi_detail` VALUES ('3cd93200-a342-11ee-ade9-6e6a773b7536', 'VariableUpdate', '2deb7a89-a342-11ee-ade9-6e6a773b7536', '2deb7a89-a342-11ee-ade9-6e6a773b7536', NULL, NULL, 'formName', 'string', 1, '2023-12-26 00:25:37.910', NULL, NULL, NULL, 'StudentLeaveForm', NULL);
INSERT INTO `act_hi_detail` VALUES ('3d31145c-34a8-11ed-a5e5-283a4d3b4979', 'VariableUpdate', 'c7443de8-33c7-11ed-86cc-283a4d3b4979', 'c7443de8-33c7-11ed-86cc-283a4d3b4979', NULL, NULL, 'entity', 'json', 1, '2022-09-15 11:41:10.413', NULL, NULL, NULL, '{\"id\":\"1568112800827052034\",\"username\":\"admin\",\"leaveType\":2,\"title\":\"事假23\",\"leaveReason\":\"43254\",\"startDate\":\"2022-09-08T16:00:00.000+00:00\",\"endDate\":\"2022-09-16T15:59:59.000+00:00\",\"duration\":8,\"principal\":\"34\",\"contactPhone\":\"12\",\"createDate\":\"2022-09-09T05:43:20.000+00:00\",\"updateDate\":\"2022-09-09T05:43:20.000+00:00\",\"processInstanceId\":\"\",\"status\":0,\"endDateStr\":\"2022-09-16 23:59:59\",\"statusStr\":\"已撤回\",\"startDateStr\":\"2022-09-09 00:00:00\",\"createDateStr\":\"2022-09-09 13:43:20\",\"updateDateStr\":\"2022-09-09 13:43:20\",\"leaveTypeStr\":\"事假\"}', 'java.util.LinkedHashMap');
INSERT INTO `act_hi_detail` VALUES ('3d313b6d-34a8-11ed-a5e5-283a4d3b4979', 'VariableUpdate', 'c7443de8-33c7-11ed-86cc-283a4d3b4979', 'c7443de8-33c7-11ed-86cc-283a4d3b4979', NULL, NULL, 'formName', 'string', 1, '2022-09-15 11:41:10.414', NULL, NULL, NULL, 'LeaveForm', NULL);
INSERT INTO `act_hi_detail` VALUES ('3d31b0a1-34a8-11ed-a5e5-283a4d3b4979', 'VariableUpdate', 'c7443de8-33c7-11ed-86cc-283a4d3b4979', 'c745013e-33c7-11ed-86cc-283a4d3b4979', '3d31898f-34a8-11ed-a5e5-283a4d3b4979', NULL, 'formName', 'string', 0, '2022-09-15 11:41:10.417', NULL, NULL, NULL, 'LeaveForm', NULL);
INSERT INTO `act_hi_detail` VALUES ('3d31b0a3-34a8-11ed-a5e5-283a4d3b4979', 'VariableUpdate', 'c7443de8-33c7-11ed-86cc-283a4d3b4979', 'c745013e-33c7-11ed-86cc-283a4d3b4979', '3d31898f-34a8-11ed-a5e5-283a4d3b4979', NULL, 'entity', 'json', 0, '2022-09-15 11:41:10.417', NULL, NULL, NULL, '{\"id\":\"1568112800827052034\",\"username\":\"admin\",\"leaveType\":2,\"title\":\"事假23\",\"leaveReason\":\"43254\",\"startDate\":\"2022-09-08T16:00:00.000+00:00\",\"endDate\":\"2022-09-16T15:59:59.000+00:00\",\"duration\":8,\"principal\":\"34\",\"contactPhone\":\"12\",\"createDate\":\"2022-09-09T05:43:20.000+00:00\",\"updateDate\":\"2022-09-09T05:43:20.000+00:00\",\"processInstanceId\":\"\",\"status\":0,\"endDateStr\":\"2022-09-16 23:59:59\",\"statusStr\":\"已撤回\",\"startDateStr\":\"2022-09-09 00:00:00\",\"createDateStr\":\"2022-09-09 13:43:20\",\"updateDateStr\":\"2022-09-09 13:43:20\",\"leaveTypeStr\":\"事假\"}', 'java.util.LinkedHashMap');
INSERT INTO `act_hi_detail` VALUES ('41266a76-34a8-11ed-a5e5-283a4d3b4979', 'VariableUpdate', 'c7443de8-33c7-11ed-86cc-283a4d3b4979', 'c7443de8-33c7-11ed-86cc-283a4d3b4979', NULL, NULL, 'entity', 'json', 1, '2022-09-15 11:41:17.054', NULL, NULL, NULL, '{\"id\":\"1568112800827052034\",\"username\":\"admin\",\"leaveType\":2,\"title\":\"事假23\",\"leaveReason\":\"43254\",\"startDate\":\"2022-09-08T16:00:00.000+00:00\",\"endDate\":\"2022-09-16T15:59:59.000+00:00\",\"duration\":8,\"principal\":\"34\",\"contactPhone\":\"12\",\"createDate\":\"2022-09-09T05:43:20.000+00:00\",\"updateDate\":\"2022-09-09T05:43:20.000+00:00\",\"processInstanceId\":\"\",\"status\":0,\"endDateStr\":\"2022-09-16 23:59:59\",\"statusStr\":\"已撤回\",\"startDateStr\":\"2022-09-09 00:00:00\",\"createDateStr\":\"2022-09-09 13:43:20\",\"updateDateStr\":\"2022-09-09 13:43:20\",\"leaveTypeStr\":\"事假\"}', 'java.util.LinkedHashMap');
INSERT INTO `act_hi_detail` VALUES ('41269187-34a8-11ed-a5e5-283a4d3b4979', 'VariableUpdate', 'c7443de8-33c7-11ed-86cc-283a4d3b4979', 'c7443de8-33c7-11ed-86cc-283a4d3b4979', NULL, NULL, 'formName', 'string', 1, '2022-09-15 11:41:17.055', NULL, NULL, NULL, 'LeaveForm', NULL);
INSERT INTO `act_hi_detail` VALUES ('412706bb-34a8-11ed-a5e5-283a4d3b4979', 'VariableUpdate', 'c7443de8-33c7-11ed-86cc-283a4d3b4979', 'c745013e-33c7-11ed-86cc-283a4d3b4979', '4126dfa9-34a8-11ed-a5e5-283a4d3b4979', NULL, 'formName', 'string', 0, '2022-09-15 11:41:17.058', NULL, NULL, NULL, 'LeaveForm', NULL);
INSERT INTO `act_hi_detail` VALUES ('412706bd-34a8-11ed-a5e5-283a4d3b4979', 'VariableUpdate', 'c7443de8-33c7-11ed-86cc-283a4d3b4979', 'c745013e-33c7-11ed-86cc-283a4d3b4979', '4126dfa9-34a8-11ed-a5e5-283a4d3b4979', NULL, 'entity', 'json', 0, '2022-09-15 11:41:17.058', NULL, NULL, NULL, '{\"id\":\"1568112800827052034\",\"username\":\"admin\",\"leaveType\":2,\"title\":\"事假23\",\"leaveReason\":\"43254\",\"startDate\":\"2022-09-08T16:00:00.000+00:00\",\"endDate\":\"2022-09-16T15:59:59.000+00:00\",\"duration\":8,\"principal\":\"34\",\"contactPhone\":\"12\",\"createDate\":\"2022-09-09T05:43:20.000+00:00\",\"updateDate\":\"2022-09-09T05:43:20.000+00:00\",\"processInstanceId\":\"\",\"status\":0,\"endDateStr\":\"2022-09-16 23:59:59\",\"statusStr\":\"已撤回\",\"startDateStr\":\"2022-09-09 00:00:00\",\"createDateStr\":\"2022-09-09 13:43:20\",\"updateDateStr\":\"2022-09-09 13:43:20\",\"leaveTypeStr\":\"事假\"}', 'java.util.LinkedHashMap');
INSERT INTO `act_hi_detail` VALUES ('44839f40-34a8-11ed-a5e5-283a4d3b4979', 'VariableUpdate', 'c7443de8-33c7-11ed-86cc-283a4d3b4979', 'c7443de8-33c7-11ed-86cc-283a4d3b4979', NULL, NULL, 'entity', 'json', 1, '2022-09-15 11:41:22.698', NULL, NULL, NULL, '{\"id\":\"1568112800827052034\",\"username\":\"admin\",\"leaveType\":2,\"title\":\"事假23\",\"leaveReason\":\"43254\",\"startDate\":\"2022-09-08T16:00:00.000+00:00\",\"endDate\":\"2022-09-16T15:59:59.000+00:00\",\"duration\":8,\"principal\":\"34\",\"contactPhone\":\"12\",\"createDate\":\"2022-09-09T05:43:20.000+00:00\",\"updateDate\":\"2022-09-09T05:43:20.000+00:00\",\"processInstanceId\":\"\",\"status\":0,\"endDateStr\":\"2022-09-16 23:59:59\",\"statusStr\":\"已撤回\",\"startDateStr\":\"2022-09-09 00:00:00\",\"createDateStr\":\"2022-09-09 13:43:20\",\"updateDateStr\":\"2022-09-09 13:43:20\",\"leaveTypeStr\":\"事假\"}', 'java.util.LinkedHashMap');
INSERT INTO `act_hi_detail` VALUES ('4483c651-34a8-11ed-a5e5-283a4d3b4979', 'VariableUpdate', 'c7443de8-33c7-11ed-86cc-283a4d3b4979', 'c7443de8-33c7-11ed-86cc-283a4d3b4979', NULL, NULL, 'formName', 'string', 1, '2022-09-15 11:41:22.699', NULL, NULL, NULL, 'LeaveForm', NULL);
INSERT INTO `act_hi_detail` VALUES ('44843b85-34a8-11ed-a5e5-283a4d3b4979', 'VariableUpdate', 'c7443de8-33c7-11ed-86cc-283a4d3b4979', 'c745013e-33c7-11ed-86cc-283a4d3b4979', '4483ed63-34a8-11ed-a5e5-283a4d3b4979', NULL, 'formName', 'string', 0, '2022-09-15 11:41:22.702', NULL, NULL, NULL, 'LeaveForm', NULL);
INSERT INTO `act_hi_detail` VALUES ('44843b87-34a8-11ed-a5e5-283a4d3b4979', 'VariableUpdate', 'c7443de8-33c7-11ed-86cc-283a4d3b4979', 'c745013e-33c7-11ed-86cc-283a4d3b4979', '4483ed63-34a8-11ed-a5e5-283a4d3b4979', NULL, 'entity', 'json', 0, '2022-09-15 11:41:22.702', NULL, NULL, NULL, '{\"id\":\"1568112800827052034\",\"username\":\"admin\",\"leaveType\":2,\"title\":\"事假23\",\"leaveReason\":\"43254\",\"startDate\":\"2022-09-08T16:00:00.000+00:00\",\"endDate\":\"2022-09-16T15:59:59.000+00:00\",\"duration\":8,\"principal\":\"34\",\"contactPhone\":\"12\",\"createDate\":\"2022-09-09T05:43:20.000+00:00\",\"updateDate\":\"2022-09-09T05:43:20.000+00:00\",\"processInstanceId\":\"\",\"status\":0,\"endDateStr\":\"2022-09-16 23:59:59\",\"statusStr\":\"已撤回\",\"startDateStr\":\"2022-09-09 00:00:00\",\"createDateStr\":\"2022-09-09 13:43:20\",\"updateDateStr\":\"2022-09-09 13:43:20\",\"leaveTypeStr\":\"事假\"}', 'java.util.LinkedHashMap');
INSERT INTO `act_hi_detail` VALUES ('47d1b8da-34a8-11ed-a5e5-283a4d3b4979', 'VariableUpdate', 'c7443de8-33c7-11ed-86cc-283a4d3b4979', 'c7443de8-33c7-11ed-86cc-283a4d3b4979', NULL, NULL, 'entity', 'json', 1, '2022-09-15 11:41:28.243', NULL, NULL, NULL, '{\"id\":\"1568112800827052034\",\"username\":\"admin\",\"leaveType\":2,\"title\":\"事假23\",\"leaveReason\":\"43254\",\"startDate\":\"2022-09-08T16:00:00.000+00:00\",\"endDate\":\"2022-09-16T15:59:59.000+00:00\",\"duration\":8,\"principal\":\"34\",\"contactPhone\":\"12\",\"createDate\":\"2022-09-09T05:43:20.000+00:00\",\"updateDate\":\"2022-09-09T05:43:20.000+00:00\",\"processInstanceId\":\"\",\"status\":0,\"endDateStr\":\"2022-09-16 23:59:59\",\"statusStr\":\"已撤回\",\"startDateStr\":\"2022-09-09 00:00:00\",\"createDateStr\":\"2022-09-09 13:43:20\",\"updateDateStr\":\"2022-09-09 13:43:20\",\"leaveTypeStr\":\"事假\"}', 'java.util.LinkedHashMap');
INSERT INTO `act_hi_detail` VALUES ('47d1dfeb-34a8-11ed-a5e5-283a4d3b4979', 'VariableUpdate', 'c7443de8-33c7-11ed-86cc-283a4d3b4979', 'c7443de8-33c7-11ed-86cc-283a4d3b4979', NULL, NULL, 'formName', 'string', 1, '2022-09-15 11:41:28.244', NULL, NULL, NULL, 'LeaveForm', NULL);
INSERT INTO `act_hi_detail` VALUES ('47d2551f-34a8-11ed-a5e5-283a4d3b4979', 'VariableUpdate', 'c7443de8-33c7-11ed-86cc-283a4d3b4979', 'c745013e-33c7-11ed-86cc-283a4d3b4979', '47d22e0d-34a8-11ed-a5e5-283a4d3b4979', NULL, 'formName', 'string', 0, '2022-09-15 11:41:28.247', NULL, NULL, NULL, 'LeaveForm', NULL);
INSERT INTO `act_hi_detail` VALUES ('47d25521-34a8-11ed-a5e5-283a4d3b4979', 'VariableUpdate', 'c7443de8-33c7-11ed-86cc-283a4d3b4979', 'c745013e-33c7-11ed-86cc-283a4d3b4979', '47d22e0d-34a8-11ed-a5e5-283a4d3b4979', NULL, 'entity', 'json', 0, '2022-09-15 11:41:28.247', NULL, NULL, NULL, '{\"id\":\"1568112800827052034\",\"username\":\"admin\",\"leaveType\":2,\"title\":\"事假23\",\"leaveReason\":\"43254\",\"startDate\":\"2022-09-08T16:00:00.000+00:00\",\"endDate\":\"2022-09-16T15:59:59.000+00:00\",\"duration\":8,\"principal\":\"34\",\"contactPhone\":\"12\",\"createDate\":\"2022-09-09T05:43:20.000+00:00\",\"updateDate\":\"2022-09-09T05:43:20.000+00:00\",\"processInstanceId\":\"\",\"status\":0,\"endDateStr\":\"2022-09-16 23:59:59\",\"statusStr\":\"已撤回\",\"startDateStr\":\"2022-09-09 00:00:00\",\"createDateStr\":\"2022-09-09 13:43:20\",\"updateDateStr\":\"2022-09-09 13:43:20\",\"leaveTypeStr\":\"事假\"}', 'java.util.LinkedHashMap');
INSERT INTO `act_hi_detail` VALUES ('4a8d6c6f-a3be-11ee-8fe5-6e6a773b7536', 'VariableUpdate', '4a8ca91c-a3be-11ee-8fe5-6e6a773b7536', '4a8ca91c-a3be-11ee-8fe5-6e6a773b7536', NULL, NULL, 'entity', 'json', 0, '2023-12-26 15:13:38.496', NULL, NULL, NULL, '{\"id\":\"1739543859785990146\",\"name\":\"xuesheng51\",\"course_name\":\"汇编语言\",\"teacher_nick_name\":\"小明\",\"time\":\"1-8周 周三 15:10-16:35\",\"reason\":\"不舒服\",\"createDate\":\"2023-12-26T07:09:10.000+00:00\",\"status\":1,\"createDateStr\":\"2023-12-26 15:09:10\",\"statusStr\":\"待提交\"}', 'java.util.LinkedHashMap');
INSERT INTO `act_hi_detail` VALUES ('4a8de1a1-a3be-11ee-8fe5-6e6a773b7536', 'VariableUpdate', '4a8ca91c-a3be-11ee-8fe5-6e6a773b7536', '4a8ca91c-a3be-11ee-8fe5-6e6a773b7536', NULL, NULL, 'formName', 'string', 0, '2023-12-26 15:13:38.499', NULL, NULL, NULL, 'StudentLeaveForm', NULL);
INSERT INTO `act_hi_detail` VALUES ('4a927587-a3be-11ee-8fe5-6e6a773b7536', 'VariableUpdate', '4a8ca91c-a3be-11ee-8fe5-6e6a773b7536', '4a8e08b2-a3be-11ee-8fe5-6e6a773b7536', '4a916415-a3be-11ee-8fe5-6e6a773b7536', NULL, 'formName', 'string', 0, '2023-12-26 15:13:38.529', NULL, NULL, NULL, 'StudentLeaveForm', NULL);
INSERT INTO `act_hi_detail` VALUES ('4a927589-a3be-11ee-8fe5-6e6a773b7536', 'VariableUpdate', '4a8ca91c-a3be-11ee-8fe5-6e6a773b7536', '4a8e08b2-a3be-11ee-8fe5-6e6a773b7536', '4a916415-a3be-11ee-8fe5-6e6a773b7536', NULL, 'entity', 'json', 0, '2023-12-26 15:13:38.529', NULL, NULL, NULL, '{\"id\":\"1739543859785990146\",\"name\":\"xuesheng51\",\"course_name\":\"汇编语言\",\"teacher_nick_name\":\"小明\",\"time\":\"1-8周 周三 15:10-16:35\",\"reason\":\"不舒服\",\"createDate\":\"2023-12-26T07:09:10.000+00:00\",\"status\":1,\"createDateStr\":\"2023-12-26 15:09:10\",\"statusStr\":\"待提交\"}', 'java.util.LinkedHashMap');
INSERT INTO `act_hi_detail` VALUES ('4c501514-34a8-11ed-a5e5-283a4d3b4979', 'VariableUpdate', 'c7443de8-33c7-11ed-86cc-283a4d3b4979', 'c7443de8-33c7-11ed-86cc-283a4d3b4979', NULL, NULL, 'entity', 'json', 1, '2022-09-15 11:41:35.782', NULL, NULL, NULL, '{\"id\":\"1568112800827052034\",\"username\":\"admin\",\"leaveType\":2,\"title\":\"事假23\",\"leaveReason\":\"43254\",\"startDate\":\"2022-09-08T16:00:00.000+00:00\",\"endDate\":\"2022-09-16T15:59:59.000+00:00\",\"duration\":8,\"principal\":\"34\",\"contactPhone\":\"12\",\"createDate\":\"2022-09-09T05:43:20.000+00:00\",\"updateDate\":\"2022-09-09T05:43:20.000+00:00\",\"processInstanceId\":\"\",\"status\":0,\"endDateStr\":\"2022-09-16 23:59:59\",\"statusStr\":\"已撤回\",\"startDateStr\":\"2022-09-09 00:00:00\",\"createDateStr\":\"2022-09-09 13:43:20\",\"updateDateStr\":\"2022-09-09 13:43:20\",\"leaveTypeStr\":\"事假\"}', 'java.util.LinkedHashMap');
INSERT INTO `act_hi_detail` VALUES ('4c503c25-34a8-11ed-a5e5-283a4d3b4979', 'VariableUpdate', 'c7443de8-33c7-11ed-86cc-283a4d3b4979', 'c7443de8-33c7-11ed-86cc-283a4d3b4979', NULL, NULL, 'formName', 'string', 1, '2022-09-15 11:41:35.783', NULL, NULL, NULL, 'LeaveForm', NULL);
INSERT INTO `act_hi_detail` VALUES ('5469af6d-a3be-11ee-8fe5-6e6a773b7536', 'VariableUpdate', '4a8ca91c-a3be-11ee-8fe5-6e6a773b7536', '4a8ca91c-a3be-11ee-8fe5-6e6a773b7536', NULL, NULL, 'entity', 'json', 1, '2023-12-26 15:13:55.039', NULL, NULL, NULL, '{\"id\":\"1739543859785990146\",\"name\":\"xuesheng51\",\"course_name\":\"汇编语言\",\"teacher_nick_name\":\"小明\",\"time\":\"1-8周 周三 15:10-16:35\",\"reason\":\"不舒服\",\"createDate\":\"2023-12-26T07:09:10.000+00:00\",\"status\":1,\"createDateStr\":\"2023-12-26 15:09:10\",\"statusStr\":\"待提交\"}', 'java.util.LinkedHashMap');
INSERT INTO `act_hi_detail` VALUES ('5469fd8e-a3be-11ee-8fe5-6e6a773b7536', 'VariableUpdate', '4a8ca91c-a3be-11ee-8fe5-6e6a773b7536', '4a8ca91c-a3be-11ee-8fe5-6e6a773b7536', NULL, NULL, 'formName', 'string', 1, '2023-12-26 15:13:55.041', NULL, NULL, NULL, 'StudentLeaveForm', NULL);
INSERT INTO `act_hi_detail` VALUES ('569050c6-a3c4-11ee-9623-6e6a773b7536', 'VariableUpdate', '568f3f53-a3c4-11ee-9623-6e6a773b7536', '568f3f53-a3c4-11ee-9623-6e6a773b7536', NULL, NULL, 'entity', 'json', 0, '2023-12-26 15:56:55.628', NULL, NULL, NULL, '{\"id\":\"1739555247233269762\",\"name\":\"高等数学\",\"tchId\":\"zhangsan\",\"nick_name\":\"张三\",\"time\":\"1-8周 周三 9:40-11:50\",\"room\":\"C4-116\",\"classId\":\"202003102\",\"class_name\":\"20计科2班\",\"createDate\":\"2023-12-26T07:54:24.000+00:00\",\"updateDate\":\"2023-12-26T07:54:24.000+00:00\",\"status\":1,\"statusStr\":\"待提交\",\"createDateStr\":\"2023-12-26 15:54:24\",\"updateDateStr\":\"2023-12-26 15:54:24\"}', 'java.util.LinkedHashMap');
INSERT INTO `act_hi_detail` VALUES ('5690c5f8-a3c4-11ee-9623-6e6a773b7536', 'VariableUpdate', '568f3f53-a3c4-11ee-9623-6e6a773b7536', '568f3f53-a3c4-11ee-9623-6e6a773b7536', NULL, NULL, 'formName', 'string', 0, '2023-12-26 15:56:55.631', NULL, NULL, NULL, 'courseManagerForm', NULL);
INSERT INTO `act_hi_detail` VALUES ('5695cf0e-a3c4-11ee-9623-6e6a773b7536', 'VariableUpdate', '568f3f53-a3c4-11ee-9623-6e6a773b7536', '5690ed09-a3c4-11ee-9623-6e6a773b7536', '5694bd9c-a3c4-11ee-9623-6e6a773b7536', NULL, 'formName', 'string', 0, '2023-12-26 15:56:55.664', NULL, NULL, NULL, 'courseManagerForm', NULL);
INSERT INTO `act_hi_detail` VALUES ('5695cf10-a3c4-11ee-9623-6e6a773b7536', 'VariableUpdate', '568f3f53-a3c4-11ee-9623-6e6a773b7536', '5690ed09-a3c4-11ee-9623-6e6a773b7536', '5694bd9c-a3c4-11ee-9623-6e6a773b7536', NULL, 'entity', 'json', 0, '2023-12-26 15:56:55.664', NULL, NULL, NULL, '{\"id\":\"1739555247233269762\",\"name\":\"高等数学\",\"tchId\":\"zhangsan\",\"nick_name\":\"张三\",\"time\":\"1-8周 周三 9:40-11:50\",\"room\":\"C4-116\",\"classId\":\"202003102\",\"class_name\":\"20计科2班\",\"createDate\":\"2023-12-26T07:54:24.000+00:00\",\"updateDate\":\"2023-12-26T07:54:24.000+00:00\",\"status\":1,\"statusStr\":\"待提交\",\"createDateStr\":\"2023-12-26 15:54:24\",\"updateDateStr\":\"2023-12-26 15:54:24\"}', 'java.util.LinkedHashMap');
INSERT INTO `act_hi_detail` VALUES ('57e50b66-a3c4-11ee-9623-6e6a773b7536', 'VariableUpdate', '57e4e453-a3c4-11ee-9623-6e6a773b7536', '57e4e453-a3c4-11ee-9623-6e6a773b7536', NULL, NULL, 'entity', 'json', 0, '2023-12-26 15:56:57.861', NULL, NULL, NULL, '{\"id\":\"1739553951688171522\",\"name\":\"高等数学\",\"tchId\":\"zhangsan\",\"nick_name\":\"张三\",\"time\":\"9-16周 周四 9:40-11:50\",\"room\":\"C4-116\",\"classId\":\"202003102\",\"class_name\":\"20计科2班\",\"createDate\":\"2023-12-26T07:49:16.000+00:00\",\"updateDate\":\"2023-12-26T07:49:16.000+00:00\",\"status\":1,\"statusStr\":\"待提交\",\"createDateStr\":\"2023-12-26 15:49:16\",\"updateDateStr\":\"2023-12-26 15:49:16\"}', 'java.util.LinkedHashMap');
INSERT INTO `act_hi_detail` VALUES ('57e50b68-a3c4-11ee-9623-6e6a773b7536', 'VariableUpdate', '57e4e453-a3c4-11ee-9623-6e6a773b7536', '57e4e453-a3c4-11ee-9623-6e6a773b7536', NULL, NULL, 'formName', 'string', 0, '2023-12-26 15:56:57.861', NULL, NULL, NULL, 'courseManagerForm', NULL);
INSERT INTO `act_hi_detail` VALUES ('57e5cebe-a3c4-11ee-9623-6e6a773b7536', 'VariableUpdate', '57e4e453-a3c4-11ee-9623-6e6a773b7536', '57e50b69-a3c4-11ee-9623-6e6a773b7536', '57e5327c-a3c4-11ee-9623-6e6a773b7536', NULL, 'formName', 'string', 0, '2023-12-26 15:56:57.866', NULL, NULL, NULL, 'courseManagerForm', NULL);
INSERT INTO `act_hi_detail` VALUES ('57e5f5d0-a3c4-11ee-9623-6e6a773b7536', 'VariableUpdate', '57e4e453-a3c4-11ee-9623-6e6a773b7536', '57e50b69-a3c4-11ee-9623-6e6a773b7536', '57e5327c-a3c4-11ee-9623-6e6a773b7536', NULL, 'entity', 'json', 0, '2023-12-26 15:56:57.867', NULL, NULL, NULL, '{\"id\":\"1739553951688171522\",\"name\":\"高等数学\",\"tchId\":\"zhangsan\",\"nick_name\":\"张三\",\"time\":\"9-16周 周四 9:40-11:50\",\"room\":\"C4-116\",\"classId\":\"202003102\",\"class_name\":\"20计科2班\",\"createDate\":\"2023-12-26T07:49:16.000+00:00\",\"updateDate\":\"2023-12-26T07:49:16.000+00:00\",\"status\":1,\"statusStr\":\"待提交\",\"createDateStr\":\"2023-12-26 15:49:16\",\"updateDateStr\":\"2023-12-26 15:49:16\"}', 'java.util.LinkedHashMap');
INSERT INTO `act_hi_detail` VALUES ('5a1ec7e8-34a8-11ed-a5e5-283a4d3b4979', 'VariableUpdate', 'b98a3e96-34a0-11ed-a5e5-283a4d3b4979', 'b98a3e96-34a0-11ed-a5e5-283a4d3b4979', NULL, NULL, 'entity', 'json', 1, '2022-09-15 11:41:58.947', NULL, NULL, NULL, '{\"id\":\"1567777623949111297\",\"username\":\"admin\",\"leaveType\":2,\"title\":\"12345\",\"leaveReason\":\"4567\",\"startDate\":\"2022-09-07T16:00:00.000+00:00\",\"endDate\":\"2022-09-16T15:59:59.000+00:00\",\"duration\":9,\"principal\":\"2\",\"contactPhone\":\"1\",\"createDate\":\"2022-09-08T07:31:28.000+00:00\",\"updateDate\":\"2022-09-08T07:31:28.000+00:00\",\"processInstanceId\":\"\",\"status\":0,\"createDateStr\":\"2022-09-08 15:31:28\",\"leaveTypeStr\":\"事假\",\"startDateStr\":\"2022-09-08 00:00:00\",\"statusStr\":\"已撤回\",\"endDateStr\":\"2022-09-16 23:59:59\",\"updateDateStr\":\"2022-09-08 15:31:28\"}', 'java.util.LinkedHashMap');
INSERT INTO `act_hi_detail` VALUES ('5a1eeef9-34a8-11ed-a5e5-283a4d3b4979', 'VariableUpdate', 'b98a3e96-34a0-11ed-a5e5-283a4d3b4979', 'b98a3e96-34a0-11ed-a5e5-283a4d3b4979', NULL, NULL, 'formName', 'string', 1, '2022-09-15 11:41:58.948', NULL, NULL, NULL, 'LeaveForm', NULL);
INSERT INTO `act_hi_detail` VALUES ('5a1f3d1d-34a8-11ed-a5e5-283a4d3b4979', 'VariableUpdate', 'b98a3e96-34a0-11ed-a5e5-283a4d3b4979', 'b98c3a6c-34a0-11ed-a5e5-283a4d3b4979', '5a1f160b-34a8-11ed-a5e5-283a4d3b4979', NULL, 'formName', 'string', 0, '2022-09-15 11:41:58.950', NULL, NULL, NULL, 'LeaveForm', NULL);
INSERT INTO `act_hi_detail` VALUES ('5a1f3d1f-34a8-11ed-a5e5-283a4d3b4979', 'VariableUpdate', 'b98a3e96-34a0-11ed-a5e5-283a4d3b4979', 'b98c3a6c-34a0-11ed-a5e5-283a4d3b4979', '5a1f160b-34a8-11ed-a5e5-283a4d3b4979', NULL, 'entity', 'json', 0, '2022-09-15 11:41:58.950', NULL, NULL, NULL, '{\"id\":\"1567777623949111297\",\"username\":\"admin\",\"leaveType\":2,\"title\":\"12345\",\"leaveReason\":\"4567\",\"startDate\":\"2022-09-07T16:00:00.000+00:00\",\"endDate\":\"2022-09-16T15:59:59.000+00:00\",\"duration\":9,\"principal\":\"2\",\"contactPhone\":\"1\",\"createDate\":\"2022-09-08T07:31:28.000+00:00\",\"updateDate\":\"2022-09-08T07:31:28.000+00:00\",\"processInstanceId\":\"\",\"status\":0,\"createDateStr\":\"2022-09-08 15:31:28\",\"leaveTypeStr\":\"事假\",\"startDateStr\":\"2022-09-08 00:00:00\",\"statusStr\":\"已撤回\",\"endDateStr\":\"2022-09-16 23:59:59\",\"updateDateStr\":\"2022-09-08 15:31:28\"}', 'java.util.LinkedHashMap');
INSERT INTO `act_hi_detail` VALUES ('6193e7a0-a3c2-11ee-aaa2-6e6a773b7536', 'VariableUpdate', '6193c08d-a3c2-11ee-aaa2-6e6a773b7536', '6193c08d-a3c2-11ee-aaa2-6e6a773b7536', NULL, NULL, 'entity', 'json', 0, '2023-12-26 15:42:55.113', NULL, NULL, NULL, '{\"id\":\"1739552246976225282\",\"name\":\"xuesheng11\",\"course_name\":\"影视鉴赏\",\"teacher_nick_name\":\"李四\",\"time\":\"1-8周 周三 8:00-9:25\",\"reason\":\"头痛\",\"createDate\":\"2023-12-26T07:42:30.000+00:00\",\"status\":1,\"createDateStr\":\"2023-12-26 15:42:30\",\"statusStr\":\"待提交\"}', 'java.util.LinkedHashMap');
INSERT INTO `act_hi_detail` VALUES ('6193e7a2-a3c2-11ee-aaa2-6e6a773b7536', 'VariableUpdate', '6193c08d-a3c2-11ee-aaa2-6e6a773b7536', '6193c08d-a3c2-11ee-aaa2-6e6a773b7536', NULL, NULL, 'formName', 'string', 0, '2023-12-26 15:42:55.113', NULL, NULL, NULL, 'StudentLeaveForm', NULL);
INSERT INTO `act_hi_detail` VALUES ('6194d208-a3c2-11ee-aaa2-6e6a773b7536', 'VariableUpdate', '6193c08d-a3c2-11ee-aaa2-6e6a773b7536', '619435c3-a3c2-11ee-aaa2-6e6a773b7536', '6194aaf6-a3c2-11ee-aaa2-6e6a773b7536', NULL, 'formName', 'string', 0, '2023-12-26 15:42:55.119', NULL, NULL, NULL, 'StudentLeaveForm', NULL);
INSERT INTO `act_hi_detail` VALUES ('6194d20a-a3c2-11ee-aaa2-6e6a773b7536', 'VariableUpdate', '6193c08d-a3c2-11ee-aaa2-6e6a773b7536', '619435c3-a3c2-11ee-aaa2-6e6a773b7536', '6194aaf6-a3c2-11ee-aaa2-6e6a773b7536', NULL, 'entity', 'json', 0, '2023-12-26 15:42:55.119', NULL, NULL, NULL, '{\"id\":\"1739552246976225282\",\"name\":\"xuesheng11\",\"course_name\":\"影视鉴赏\",\"teacher_nick_name\":\"李四\",\"time\":\"1-8周 周三 8:00-9:25\",\"reason\":\"头痛\",\"createDate\":\"2023-12-26T07:42:30.000+00:00\",\"status\":1,\"createDateStr\":\"2023-12-26 15:42:30\",\"statusStr\":\"待提交\"}', 'java.util.LinkedHashMap');
INSERT INTO `act_hi_detail` VALUES ('61bbf734-a3c4-11ee-9623-6e6a773b7536', 'VariableUpdate', '57e4e453-a3c4-11ee-9623-6e6a773b7536', '57e4e453-a3c4-11ee-9623-6e6a773b7536', NULL, NULL, 'entity', 'json', 1, '2023-12-26 15:57:14.369', NULL, NULL, NULL, '{\"id\":\"1739553951688171522\",\"name\":\"高等数学\",\"tchId\":\"zhangsan\",\"nick_name\":\"张三\",\"time\":\"9-16周 周四 9:40-11:50\",\"room\":\"C4-116\",\"classId\":\"202003102\",\"class_name\":\"20计科2班\",\"createDate\":\"2023-12-26T07:49:16.000+00:00\",\"updateDate\":\"2023-12-26T07:49:16.000+00:00\",\"status\":1,\"statusStr\":\"待提交\",\"createDateStr\":\"2023-12-26 15:49:16\",\"updateDateStr\":\"2023-12-26 15:49:16\"}', 'java.util.LinkedHashMap');
INSERT INTO `act_hi_detail` VALUES ('61bc6c65-a3c4-11ee-9623-6e6a773b7536', 'VariableUpdate', '57e4e453-a3c4-11ee-9623-6e6a773b7536', '57e4e453-a3c4-11ee-9623-6e6a773b7536', NULL, NULL, 'formName', 'string', 1, '2023-12-26 15:57:14.372', NULL, NULL, NULL, 'courseManagerForm', NULL);
INSERT INTO `act_hi_detail` VALUES ('627c8818-a3c4-11ee-9623-6e6a773b7536', 'VariableUpdate', '078179cd-a3c3-11ee-aaa2-6e6a773b7536', '078179cd-a3c3-11ee-aaa2-6e6a773b7536', NULL, NULL, 'entity', 'json', 1, '2023-12-26 15:57:15.631', NULL, NULL, NULL, '{\"id\":\"7\",\"name\":\"线性代数\",\"tchId\":\"zhangsan\",\"nick_name\":\"张三\",\"time\":\"1-8周 周三 8:00-9:25\",\"room\":\"C4-116\",\"classId\":\"202003101\",\"class_name\":\"20计科1班\",\"createDate\":\"2023-12-17T00:11:35.000+00:00\",\"updateDate\":\"2023-12-17T00:11:35.000+00:00\",\"status\":1,\"createDateStr\":\"2023-12-17 08:11:35\",\"updateDateStr\":\"2023-12-17 08:11:35\",\"statusStr\":\"待提交\"}', 'java.util.LinkedHashMap');
INSERT INTO `act_hi_detail` VALUES ('627cd639-a3c4-11ee-9623-6e6a773b7536', 'VariableUpdate', '078179cd-a3c3-11ee-aaa2-6e6a773b7536', '078179cd-a3c3-11ee-aaa2-6e6a773b7536', NULL, NULL, 'formName', 'string', 1, '2023-12-26 15:57:15.633', NULL, NULL, NULL, 'courseManagerForm', NULL);
INSERT INTO `act_hi_detail` VALUES ('633d400c-a3c4-11ee-9623-6e6a773b7536', 'VariableUpdate', '568f3f53-a3c4-11ee-9623-6e6a773b7536', '568f3f53-a3c4-11ee-9623-6e6a773b7536', NULL, NULL, 'entity', 'json', 1, '2023-12-26 15:57:16.894', NULL, NULL, NULL, '{\"id\":\"1739555247233269762\",\"name\":\"高等数学\",\"tchId\":\"zhangsan\",\"nick_name\":\"张三\",\"time\":\"1-8周 周三 9:40-11:50\",\"room\":\"C4-116\",\"classId\":\"202003102\",\"class_name\":\"20计科2班\",\"createDate\":\"2023-12-26T07:54:24.000+00:00\",\"updateDate\":\"2023-12-26T07:54:24.000+00:00\",\"status\":1,\"statusStr\":\"待提交\",\"createDateStr\":\"2023-12-26 15:54:24\",\"updateDateStr\":\"2023-12-26 15:54:24\"}', 'java.util.LinkedHashMap');
INSERT INTO `act_hi_detail` VALUES ('633d8e2d-a3c4-11ee-9623-6e6a773b7536', 'VariableUpdate', '568f3f53-a3c4-11ee-9623-6e6a773b7536', '568f3f53-a3c4-11ee-9623-6e6a773b7536', NULL, NULL, 'formName', 'string', 1, '2023-12-26 15:57:16.896', NULL, NULL, NULL, 'courseManagerForm', NULL);
INSERT INTO `act_hi_detail` VALUES ('6403c460-a3c4-11ee-9623-6e6a773b7536', 'VariableUpdate', '05da0b4d-a3c3-11ee-aaa2-6e6a773b7536', '05da0b4d-a3c3-11ee-aaa2-6e6a773b7536', NULL, NULL, 'entity', 'json', 1, '2023-12-26 15:57:18.195', NULL, NULL, NULL, '{\"id\":\"6\",\"name\":\"高等数学\",\"tchId\":\"zhangsan\",\"nick_name\":\"张三\",\"time\":\"9-16周 周四 9:40-11:50\",\"room\":\"C4-116\",\"classId\":\"202003101\",\"class_name\":\"20计科1班\",\"createDate\":\"2023-12-17T00:11:35.000+00:00\",\"updateDate\":\"2023-12-17T00:11:35.000+00:00\",\"status\":1,\"createDateStr\":\"2023-12-17 08:11:35\",\"updateDateStr\":\"2023-12-17 08:11:35\",\"statusStr\":\"待提交\"}', 'java.util.LinkedHashMap');
INSERT INTO `act_hi_detail` VALUES ('64041281-a3c4-11ee-9623-6e6a773b7536', 'VariableUpdate', '05da0b4d-a3c3-11ee-aaa2-6e6a773b7536', '05da0b4d-a3c3-11ee-aaa2-6e6a773b7536', NULL, NULL, 'formName', 'string', 1, '2023-12-26 15:57:18.197', NULL, NULL, NULL, 'courseManagerForm', NULL);
INSERT INTO `act_hi_detail` VALUES ('640f960e-a3c2-11ee-aaa2-6e6a773b7536', 'VariableUpdate', '6193c08d-a3c2-11ee-aaa2-6e6a773b7536', '6193c08d-a3c2-11ee-aaa2-6e6a773b7536', NULL, NULL, 'entity', 'json', 1, '2023-12-26 15:42:59.279', NULL, NULL, NULL, '{\"id\":\"1739552246976225282\",\"name\":\"xuesheng11\",\"course_name\":\"影视鉴赏\",\"teacher_nick_name\":\"李四\",\"time\":\"1-8周 周三 8:00-9:25\",\"reason\":\"头痛\",\"createDate\":\"2023-12-26T07:42:30.000+00:00\",\"status\":1,\"createDateStr\":\"2023-12-26 15:42:30\",\"statusStr\":\"待提交\"}', 'java.util.LinkedHashMap');
INSERT INTO `act_hi_detail` VALUES ('640fbd1f-a3c2-11ee-aaa2-6e6a773b7536', 'VariableUpdate', '6193c08d-a3c2-11ee-aaa2-6e6a773b7536', '6193c08d-a3c2-11ee-aaa2-6e6a773b7536', NULL, NULL, 'formName', 'string', 1, '2023-12-26 15:42:59.280', NULL, NULL, NULL, 'StudentLeaveForm', NULL);
INSERT INTO `act_hi_detail` VALUES ('65e6055c-9f44-11ee-bdc4-6e6a773b7536', 'VariableUpdate', '65e59029-9f44-11ee-bdc4-6e6a773b7536', '65e59029-9f44-11ee-bdc4-6e6a773b7536', NULL, NULL, 'entity', 'json', 0, '2023-12-20 22:31:01.123', NULL, NULL, NULL, '{\"id\":\"1731230868057403394\",\"username\":\"admin\",\"leaveType\":1,\"title\":\"1\",\"leaveReason\":\"1123\",\"startDate\":\"2024-01-20T16:00:00.000+00:00\",\"endDate\":\"2024-01-23T15:59:59.000+00:00\",\"duration\":3,\"principal\":\"2\",\"contactPhone\":\"2\",\"createDate\":\"2023-12-03T08:36:18.000+00:00\",\"updateDate\":\"2023-12-03T08:36:18.000+00:00\",\"status\":1,\"createDateStr\":\"2023-12-03 16:36:18\",\"updateDateStr\":\"2023-12-03 16:36:18\",\"startDateStr\":\"2024-01-21 00:00:00\",\"endDateStr\":\"2024-01-23 23:59:59\",\"statusStr\":\"待提交\",\"leaveTypeStr\":\"病假\"}', 'java.util.LinkedHashMap');
INSERT INTO `act_hi_detail` VALUES ('65e62c6e-9f44-11ee-bdc4-6e6a773b7536', 'VariableUpdate', '65e59029-9f44-11ee-bdc4-6e6a773b7536', '65e59029-9f44-11ee-bdc4-6e6a773b7536', NULL, NULL, 'formName', 'string', 0, '2023-12-20 22:31:01.124', NULL, NULL, NULL, 'LeaveForm', NULL);
INSERT INTO `act_hi_detail` VALUES ('65eac054-9f44-11ee-bdc4-6e6a773b7536', 'VariableUpdate', '65e59029-9f44-11ee-bdc4-6e6a773b7536', '65e6537f-9f44-11ee-bdc4-6e6a773b7536', '65ea2412-9f44-11ee-bdc4-6e6a773b7536', NULL, 'formName', 'string', 0, '2023-12-20 22:31:01.154', NULL, NULL, NULL, 'LeaveForm', NULL);
INSERT INTO `act_hi_detail` VALUES ('65eac056-9f44-11ee-bdc4-6e6a773b7536', 'VariableUpdate', '65e59029-9f44-11ee-bdc4-6e6a773b7536', '65e6537f-9f44-11ee-bdc4-6e6a773b7536', '65ea2412-9f44-11ee-bdc4-6e6a773b7536', NULL, 'entity', 'json', 0, '2023-12-20 22:31:01.154', NULL, NULL, NULL, '{\"id\":\"1731230868057403394\",\"username\":\"admin\",\"leaveType\":1,\"title\":\"1\",\"leaveReason\":\"1123\",\"startDate\":\"2024-01-20T16:00:00.000+00:00\",\"endDate\":\"2024-01-23T15:59:59.000+00:00\",\"duration\":3,\"principal\":\"2\",\"contactPhone\":\"2\",\"createDate\":\"2023-12-03T08:36:18.000+00:00\",\"updateDate\":\"2023-12-03T08:36:18.000+00:00\",\"status\":1,\"createDateStr\":\"2023-12-03 16:36:18\",\"updateDateStr\":\"2023-12-03 16:36:18\",\"startDateStr\":\"2024-01-21 00:00:00\",\"endDateStr\":\"2024-01-23 23:59:59\",\"statusStr\":\"待提交\",\"leaveTypeStr\":\"病假\"}', 'java.util.LinkedHashMap');
INSERT INTO `act_hi_detail` VALUES ('6f731544-a3c2-11ee-aaa2-6e6a773b7536', 'VariableUpdate', '6f72ee31-a3c2-11ee-aaa2-6e6a773b7536', '6f72ee31-a3c2-11ee-aaa2-6e6a773b7536', NULL, NULL, 'entity', 'json', 0, '2023-12-26 15:43:18.386', NULL, NULL, NULL, '{\"id\":\"4\",\"name\":\"数值分析\",\"tchId\":\"lisi\",\"nick_name\":\"李四\",\"time\":\"9-16周 周三 13:30-14:55\",\"room\":\"C4-216\",\"classId\":\"202003202\",\"class_name\":\"20网安2班\",\"createDate\":\"2023-12-17T00:11:35.000+00:00\",\"updateDate\":\"2023-12-17T00:11:35.000+00:00\",\"status\":1,\"createDateStr\":\"2023-12-17 08:11:35\",\"updateDateStr\":\"2023-12-17 08:11:35\",\"statusStr\":\"待提交\"}', 'java.util.LinkedHashMap');
INSERT INTO `act_hi_detail` VALUES ('6f731546-a3c2-11ee-aaa2-6e6a773b7536', 'VariableUpdate', '6f72ee31-a3c2-11ee-aaa2-6e6a773b7536', '6f72ee31-a3c2-11ee-aaa2-6e6a773b7536', NULL, NULL, 'formName', 'string', 0, '2023-12-26 15:43:18.386', NULL, NULL, NULL, 'courseManagerForm', NULL);
INSERT INTO `act_hi_detail` VALUES ('6f733c5c-a3c2-11ee-aaa2-6e6a773b7536', 'VariableUpdate', '6f72ee31-a3c2-11ee-aaa2-6e6a773b7536', '6f731547-a3c2-11ee-aaa2-6e6a773b7536', '6f73154a-a3c2-11ee-aaa2-6e6a773b7536', NULL, 'formName', 'string', 0, '2023-12-26 15:43:18.387', NULL, NULL, NULL, 'courseManagerForm', NULL);
INSERT INTO `act_hi_detail` VALUES ('6f73636e-a3c2-11ee-aaa2-6e6a773b7536', 'VariableUpdate', '6f72ee31-a3c2-11ee-aaa2-6e6a773b7536', '6f731547-a3c2-11ee-aaa2-6e6a773b7536', '6f73154a-a3c2-11ee-aaa2-6e6a773b7536', NULL, 'entity', 'json', 0, '2023-12-26 15:43:18.388', NULL, NULL, NULL, '{\"id\":\"4\",\"name\":\"数值分析\",\"tchId\":\"lisi\",\"nick_name\":\"李四\",\"time\":\"9-16周 周三 13:30-14:55\",\"room\":\"C4-216\",\"classId\":\"202003202\",\"class_name\":\"20网安2班\",\"createDate\":\"2023-12-17T00:11:35.000+00:00\",\"updateDate\":\"2023-12-17T00:11:35.000+00:00\",\"status\":1,\"createDateStr\":\"2023-12-17 08:11:35\",\"updateDateStr\":\"2023-12-17 08:11:35\",\"statusStr\":\"待提交\"}', 'java.util.LinkedHashMap');
INSERT INTO `act_hi_detail` VALUES ('70c4c2a4-a3c2-11ee-aaa2-6e6a773b7536', 'VariableUpdate', '70c4c2a1-a3c2-11ee-aaa2-6e6a773b7536', '70c4c2a1-a3c2-11ee-aaa2-6e6a773b7536', NULL, NULL, 'entity', 'json', 0, '2023-12-26 15:43:20.599', NULL, NULL, NULL, '{\"id\":\"3\",\"name\":\"离散数学\",\"tchId\":\"lisi\",\"nick_name\":\"李四\",\"time\":\"9-16周 周三 9:40-11:50\",\"room\":\"C4-216\",\"classId\":\"202003201\",\"class_name\":\"20网安1班\",\"createDate\":\"2023-12-17T00:11:35.000+00:00\",\"updateDate\":\"2023-12-17T00:11:35.000+00:00\",\"status\":1,\"createDateStr\":\"2023-12-17 08:11:35\",\"updateDateStr\":\"2023-12-17 08:11:35\",\"statusStr\":\"待提交\"}', 'java.util.LinkedHashMap');
INSERT INTO `act_hi_detail` VALUES ('70c4c2a6-a3c2-11ee-aaa2-6e6a773b7536', 'VariableUpdate', '70c4c2a1-a3c2-11ee-aaa2-6e6a773b7536', '70c4c2a1-a3c2-11ee-aaa2-6e6a773b7536', NULL, NULL, 'formName', 'string', 0, '2023-12-26 15:43:20.599', NULL, NULL, NULL, 'courseManagerForm', NULL);
INSERT INTO `act_hi_detail` VALUES ('70c510cc-a3c2-11ee-aaa2-6e6a773b7536', 'VariableUpdate', '70c4c2a1-a3c2-11ee-aaa2-6e6a773b7536', '70c4c2a7-a3c2-11ee-aaa2-6e6a773b7536', '70c4e9ba-a3c2-11ee-aaa2-6e6a773b7536', NULL, 'formName', 'string', 0, '2023-12-26 15:43:20.601', NULL, NULL, NULL, 'courseManagerForm', NULL);
INSERT INTO `act_hi_detail` VALUES ('70c510ce-a3c2-11ee-aaa2-6e6a773b7536', 'VariableUpdate', '70c4c2a1-a3c2-11ee-aaa2-6e6a773b7536', '70c4c2a7-a3c2-11ee-aaa2-6e6a773b7536', '70c4e9ba-a3c2-11ee-aaa2-6e6a773b7536', NULL, 'entity', 'json', 0, '2023-12-26 15:43:20.601', NULL, NULL, NULL, '{\"id\":\"3\",\"name\":\"离散数学\",\"tchId\":\"lisi\",\"nick_name\":\"李四\",\"time\":\"9-16周 周三 9:40-11:50\",\"room\":\"C4-216\",\"classId\":\"202003201\",\"class_name\":\"20网安1班\",\"createDate\":\"2023-12-17T00:11:35.000+00:00\",\"updateDate\":\"2023-12-17T00:11:35.000+00:00\",\"status\":1,\"createDateStr\":\"2023-12-17 08:11:35\",\"updateDateStr\":\"2023-12-17 08:11:35\",\"statusStr\":\"待提交\"}', 'java.util.LinkedHashMap');
INSERT INTO `act_hi_detail` VALUES ('77b7a152-a3c2-11ee-aaa2-6e6a773b7536', 'VariableUpdate', '70c4c2a1-a3c2-11ee-aaa2-6e6a773b7536', '70c4c2a1-a3c2-11ee-aaa2-6e6a773b7536', NULL, NULL, 'entity', 'json', 1, '2023-12-26 15:43:32.257', NULL, NULL, NULL, '{\"id\":\"3\",\"name\":\"离散数学\",\"tchId\":\"lisi\",\"nick_name\":\"李四\",\"time\":\"9-16周 周三 9:40-11:50\",\"room\":\"C4-216\",\"classId\":\"202003201\",\"class_name\":\"20网安1班\",\"createDate\":\"2023-12-17T00:11:35.000+00:00\",\"updateDate\":\"2023-12-17T00:11:35.000+00:00\",\"status\":1,\"createDateStr\":\"2023-12-17 08:11:35\",\"updateDateStr\":\"2023-12-17 08:11:35\",\"statusStr\":\"待提交\"}', 'java.util.LinkedHashMap');
INSERT INTO `act_hi_detail` VALUES ('77b7ef73-a3c2-11ee-aaa2-6e6a773b7536', 'VariableUpdate', '70c4c2a1-a3c2-11ee-aaa2-6e6a773b7536', '70c4c2a1-a3c2-11ee-aaa2-6e6a773b7536', NULL, NULL, 'formName', 'string', 1, '2023-12-26 15:43:32.259', NULL, NULL, NULL, 'courseManagerForm', NULL);
INSERT INTO `act_hi_detail` VALUES ('792959c6-a3c2-11ee-aaa2-6e6a773b7536', 'VariableUpdate', '6f72ee31-a3c2-11ee-aaa2-6e6a773b7536', '6f72ee31-a3c2-11ee-aaa2-6e6a773b7536', NULL, NULL, 'entity', 'json', 1, '2023-12-26 15:43:34.680', NULL, NULL, NULL, '{\"id\":\"4\",\"name\":\"数值分析\",\"tchId\":\"lisi\",\"nick_name\":\"李四\",\"time\":\"9-16周 周三 13:30-14:55\",\"room\":\"C4-216\",\"classId\":\"202003202\",\"class_name\":\"20网安2班\",\"createDate\":\"2023-12-17T00:11:35.000+00:00\",\"updateDate\":\"2023-12-17T00:11:35.000+00:00\",\"status\":1,\"createDateStr\":\"2023-12-17 08:11:35\",\"updateDateStr\":\"2023-12-17 08:11:35\",\"statusStr\":\"待提交\"}', 'java.util.LinkedHashMap');
INSERT INTO `act_hi_detail` VALUES ('7929a7e7-a3c2-11ee-aaa2-6e6a773b7536', 'VariableUpdate', '6f72ee31-a3c2-11ee-aaa2-6e6a773b7536', '6f72ee31-a3c2-11ee-aaa2-6e6a773b7536', NULL, NULL, 'formName', 'string', 1, '2023-12-26 15:43:34.682', NULL, NULL, NULL, 'courseManagerForm', NULL);
INSERT INTO `act_hi_detail` VALUES ('7bd790e0-9fd1-11ee-9ff6-6e6a773b7536', 'VariableUpdate', '7bd742bd-9fd1-11ee-9ff6-6e6a773b7536', '7bd742bd-9fd1-11ee-9ff6-6e6a773b7536', NULL, NULL, 'entity', 'json', 0, '2023-12-21 15:20:56.977', NULL, NULL, NULL, '{\"id\":\"1\",\"name\":\"高等数学\",\"tchId\":\"zhangsan\",\"nick_name\":\"张三\",\"time\":\"1-8周 周三 9:40-11:50\",\"room\":\"C4-116\",\"classId\":\"202003101\",\"class_name\":\"20计科1班\",\"createDate\":\"2023-12-17T00:19:46.000+00:00\",\"updateDate\":\"2023-12-17T00:20:14.000+00:00\",\"status\":1,\"createDateStr\":\"2023-12-17 08:19:46\",\"updateDateStr\":\"2023-12-17 08:20:14\",\"statusStr\":\"待提交\"}', 'java.util.LinkedHashMap');
INSERT INTO `act_hi_detail` VALUES ('7bd7df02-9fd1-11ee-9ff6-6e6a773b7536', 'VariableUpdate', '7bd742bd-9fd1-11ee-9ff6-6e6a773b7536', '7bd742bd-9fd1-11ee-9ff6-6e6a773b7536', NULL, NULL, 'formName', 'string', 0, '2023-12-21 15:20:56.979', NULL, NULL, NULL, 'courseManagerForm', NULL);
INSERT INTO `act_hi_detail` VALUES ('7bdbaf98-9fd1-11ee-9ff6-6e6a773b7536', 'VariableUpdate', '7bd742bd-9fd1-11ee-9ff6-6e6a773b7536', '7bd7df03-9fd1-11ee-9ff6-6e6a773b7536', '7bdb1356-9fd1-11ee-9ff6-6e6a773b7536', NULL, 'formName', 'string', 0, '2023-12-21 15:20:57.004', NULL, NULL, NULL, 'courseManagerForm', NULL);
INSERT INTO `act_hi_detail` VALUES ('7bdbaf9a-9fd1-11ee-9ff6-6e6a773b7536', 'VariableUpdate', '7bd742bd-9fd1-11ee-9ff6-6e6a773b7536', '7bd7df03-9fd1-11ee-9ff6-6e6a773b7536', '7bdb1356-9fd1-11ee-9ff6-6e6a773b7536', NULL, 'entity', 'json', 0, '2023-12-21 15:20:57.004', NULL, NULL, NULL, '{\"id\":\"1\",\"name\":\"高等数学\",\"tchId\":\"zhangsan\",\"nick_name\":\"张三\",\"time\":\"1-8周 周三 9:40-11:50\",\"room\":\"C4-116\",\"classId\":\"202003101\",\"class_name\":\"20计科1班\",\"createDate\":\"2023-12-17T00:19:46.000+00:00\",\"updateDate\":\"2023-12-17T00:20:14.000+00:00\",\"status\":1,\"createDateStr\":\"2023-12-17 08:19:46\",\"updateDateStr\":\"2023-12-17 08:20:14\",\"statusStr\":\"待提交\"}', 'java.util.LinkedHashMap');
INSERT INTO `act_hi_detail` VALUES ('84a0680e-9fd1-11ee-9ff6-6e6a773b7536', 'VariableUpdate', '7bd742bd-9fd1-11ee-9ff6-6e6a773b7536', '7bd742bd-9fd1-11ee-9ff6-6e6a773b7536', NULL, NULL, 'entity', 'json', 1, '2023-12-21 15:21:11.715', NULL, NULL, NULL, '{\"id\":\"1\",\"name\":\"高等数学\",\"tchId\":\"zhangsan\",\"nick_name\":\"张三\",\"time\":\"1-8周 周三 9:40-11:50\",\"room\":\"C4-116\",\"classId\":\"202003101\",\"class_name\":\"20计科1班\",\"createDate\":\"2023-12-17T00:19:46.000+00:00\",\"updateDate\":\"2023-12-17T00:20:14.000+00:00\",\"status\":1,\"createDateStr\":\"2023-12-17 08:19:46\",\"updateDateStr\":\"2023-12-17 08:20:14\",\"statusStr\":\"待提交\"}', 'java.util.LinkedHashMap');
INSERT INTO `act_hi_detail` VALUES ('84a0b62f-9fd1-11ee-9ff6-6e6a773b7536', 'VariableUpdate', '7bd742bd-9fd1-11ee-9ff6-6e6a773b7536', '7bd742bd-9fd1-11ee-9ff6-6e6a773b7536', NULL, NULL, 'formName', 'string', 1, '2023-12-21 15:21:11.717', NULL, NULL, NULL, 'courseManagerForm', NULL);
INSERT INTO `act_hi_detail` VALUES ('88de5e0a-952f-11ee-95a1-6e6a773b7536', 'VariableUpdate', '88de36f7-952f-11ee-95a1-6e6a773b7536', '88de36f7-952f-11ee-95a1-6e6a773b7536', NULL, NULL, 'entity', 'json', 0, '2023-12-08 02:36:28.734', NULL, NULL, NULL, '{\"id\":\"1702319186837008386\",\"userId\":\"admin\",\"money\":666,\"purpose\":\"12312\",\"remark\":\"123123\",\"loanDate\":\"2023-09-04T16:00:00.000+00:00\",\"createDate\":\"2023-09-14T13:51:36.000+00:00\",\"updateDate\":\"2023-09-14T13:51:36.000+00:00\",\"processInstanceId\":\"\",\"status\":0,\"statusStr\":\"已撤回\",\"createDateStr\":\"2023-09-14 21:51:36\",\"updateDateStr\":\"2023-09-14 21:51:36\",\"loanDateStr\":\"2023-09-05\"}', 'java.util.LinkedHashMap');
INSERT INTO `act_hi_detail` VALUES ('88de5e0c-952f-11ee-95a1-6e6a773b7536', 'VariableUpdate', '88de36f7-952f-11ee-95a1-6e6a773b7536', '88de36f7-952f-11ee-95a1-6e6a773b7536', NULL, NULL, 'formName', 'string', 0, '2023-12-08 02:36:28.734', NULL, NULL, NULL, 'LoanForm', NULL);
INSERT INTO `act_hi_detail` VALUES ('88de8522-952f-11ee-95a1-6e6a773b7536', 'VariableUpdate', '88de36f7-952f-11ee-95a1-6e6a773b7536', '88de5e0d-952f-11ee-95a1-6e6a773b7536', '88de5e10-952f-11ee-95a1-6e6a773b7536', NULL, 'formName', 'string', 0, '2023-12-08 02:36:28.735', NULL, NULL, NULL, 'LoanForm', NULL);
INSERT INTO `act_hi_detail` VALUES ('88de8524-952f-11ee-95a1-6e6a773b7536', 'VariableUpdate', '88de36f7-952f-11ee-95a1-6e6a773b7536', '88de5e0d-952f-11ee-95a1-6e6a773b7536', '88de5e10-952f-11ee-95a1-6e6a773b7536', NULL, 'entity', 'json', 0, '2023-12-08 02:36:28.735', NULL, NULL, NULL, '{\"id\":\"1702319186837008386\",\"userId\":\"admin\",\"money\":666,\"purpose\":\"12312\",\"remark\":\"123123\",\"loanDate\":\"2023-09-04T16:00:00.000+00:00\",\"createDate\":\"2023-09-14T13:51:36.000+00:00\",\"updateDate\":\"2023-09-14T13:51:36.000+00:00\",\"processInstanceId\":\"\",\"status\":0,\"statusStr\":\"已撤回\",\"createDateStr\":\"2023-09-14 21:51:36\",\"updateDateStr\":\"2023-09-14 21:51:36\",\"loanDateStr\":\"2023-09-05\"}', 'java.util.LinkedHashMap');
INSERT INTO `act_hi_detail` VALUES ('8c58ea1a-32ff-11ed-87bc-283a4d3b4979', 'VariableUpdate', '029458f3-32fb-11ed-9c60-283a4d3b4979', '029458f3-32fb-11ed-9c60-283a4d3b4979', NULL, NULL, 'entity', 'json', 1, '2022-09-13 09:01:07.104', NULL, NULL, NULL, '{\"id\":\"1569483068132782082\",\"username\":\"admin\",\"leaveType\":2,\"title\":\"事假123\",\"leaveReason\":\"事假123\",\"startDate\":\"2022-09-12T16:00:00.000+00:00\",\"endDate\":\"2022-09-23T15:59:59.000+00:00\",\"duration\":11,\"principal\":\"2\",\"contactPhone\":\"1\",\"createDate\":\"2022-09-13T00:28:17.000+00:00\",\"updateDate\":\"2022-09-13T00:28:17.000+00:00\",\"status\":1,\"statusStr\":\"待提交\",\"startDateStr\":\"2022-09-13 00:00:00\",\"endDateStr\":\"2022-09-23 23:59:59\",\"createDateStr\":\"2022-09-13 08:28:17\",\"leaveTypeStr\":\"事假\",\"updateDateStr\":\"2022-09-13 08:28:17\"}', 'java.util.LinkedHashMap');
INSERT INTO `act_hi_detail` VALUES ('8c59112b-32ff-11ed-87bc-283a4d3b4979', 'VariableUpdate', '029458f3-32fb-11ed-9c60-283a4d3b4979', '029458f3-32fb-11ed-9c60-283a4d3b4979', NULL, NULL, 'formName', 'string', 1, '2022-09-13 09:01:07.105', NULL, NULL, NULL, 'LeaveForm', NULL);
INSERT INTO `act_hi_detail` VALUES ('8c5a229f-32ff-11ed-87bc-283a4d3b4979', 'VariableUpdate', '029458f3-32fb-11ed-9c60-283a4d3b4979', '02951c49-32fb-11ed-9c60-283a4d3b4979', '8c59ad6d-32ff-11ed-87bc-283a4d3b4979', NULL, 'formName', 'string', 0, '2022-09-13 09:01:07.112', NULL, NULL, NULL, 'LeaveForm', NULL);
INSERT INTO `act_hi_detail` VALUES ('8c5a22a1-32ff-11ed-87bc-283a4d3b4979', 'VariableUpdate', '029458f3-32fb-11ed-9c60-283a4d3b4979', '02951c49-32fb-11ed-9c60-283a4d3b4979', '8c59ad6d-32ff-11ed-87bc-283a4d3b4979', NULL, 'entity', 'json', 0, '2022-09-13 09:01:07.112', NULL, NULL, NULL, '{\"id\":\"1569483068132782082\",\"username\":\"admin\",\"leaveType\":2,\"title\":\"事假123\",\"leaveReason\":\"事假123\",\"startDate\":\"2022-09-12T16:00:00.000+00:00\",\"endDate\":\"2022-09-23T15:59:59.000+00:00\",\"duration\":11,\"principal\":\"2\",\"contactPhone\":\"1\",\"createDate\":\"2022-09-13T00:28:17.000+00:00\",\"updateDate\":\"2022-09-13T00:28:17.000+00:00\",\"status\":1,\"statusStr\":\"待提交\",\"startDateStr\":\"2022-09-13 00:00:00\",\"endDateStr\":\"2022-09-23 23:59:59\",\"createDateStr\":\"2022-09-13 08:28:17\",\"leaveTypeStr\":\"事假\",\"updateDateStr\":\"2022-09-13 08:28:17\"}', 'java.util.LinkedHashMap');
INSERT INTO `act_hi_detail` VALUES ('908faab7-952f-11ee-95a1-6e6a773b7536', 'VariableUpdate', '88de36f7-952f-11ee-95a1-6e6a773b7536', '88de36f7-952f-11ee-95a1-6e6a773b7536', NULL, NULL, 'entity', 'json', 1, '2023-12-08 02:36:41.640', NULL, NULL, NULL, '{\"id\":\"1702319186837008386\",\"userId\":\"admin\",\"money\":666,\"purpose\":\"12312\",\"remark\":\"123123\",\"loanDate\":\"2023-09-04T16:00:00.000+00:00\",\"createDate\":\"2023-09-14T13:51:36.000+00:00\",\"updateDate\":\"2023-09-14T13:51:36.000+00:00\",\"processInstanceId\":\"\",\"status\":0,\"statusStr\":\"已撤回\",\"createDateStr\":\"2023-09-14 21:51:36\",\"updateDateStr\":\"2023-09-14 21:51:36\",\"loanDateStr\":\"2023-09-05\"}', 'java.util.LinkedHashMap');
INSERT INTO `act_hi_detail` VALUES ('908ff8d8-952f-11ee-95a1-6e6a773b7536', 'VariableUpdate', '88de36f7-952f-11ee-95a1-6e6a773b7536', '88de36f7-952f-11ee-95a1-6e6a773b7536', NULL, NULL, 'formName', 'string', 1, '2023-12-08 02:36:41.642', NULL, NULL, NULL, 'LoanForm', NULL);
INSERT INTO `act_hi_detail` VALUES ('9090bc2c-952f-11ee-95a1-6e6a773b7536', 'VariableUpdate', '88de36f7-952f-11ee-95a1-6e6a773b7536', '88de5e0d-952f-11ee-95a1-6e6a773b7536', '90906e0a-952f-11ee-95a1-6e6a773b7536', NULL, 'formName', 'string', 0, '2023-12-08 02:36:41.647', NULL, NULL, NULL, 'LoanForm', NULL);
INSERT INTO `act_hi_detail` VALUES ('9090e33e-952f-11ee-95a1-6e6a773b7536', 'VariableUpdate', '88de36f7-952f-11ee-95a1-6e6a773b7536', '88de5e0d-952f-11ee-95a1-6e6a773b7536', '90906e0a-952f-11ee-95a1-6e6a773b7536', NULL, 'entity', 'json', 0, '2023-12-08 02:36:41.648', NULL, NULL, NULL, '{\"id\":\"1702319186837008386\",\"userId\":\"admin\",\"money\":666,\"purpose\":\"12312\",\"remark\":\"123123\",\"loanDate\":\"2023-09-04T16:00:00.000+00:00\",\"createDate\":\"2023-09-14T13:51:36.000+00:00\",\"updateDate\":\"2023-09-14T13:51:36.000+00:00\",\"processInstanceId\":\"\",\"status\":0,\"statusStr\":\"已撤回\",\"createDateStr\":\"2023-09-14 21:51:36\",\"updateDateStr\":\"2023-09-14 21:51:36\",\"loanDateStr\":\"2023-09-05\"}', 'java.util.LinkedHashMap');
INSERT INTO `act_hi_detail` VALUES ('93cfba91-952f-11ee-95a1-6e6a773b7536', 'VariableUpdate', '88de36f7-952f-11ee-95a1-6e6a773b7536', '88de36f7-952f-11ee-95a1-6e6a773b7536', NULL, NULL, 'entity', 'json', 1, '2023-12-08 02:36:47.093', NULL, NULL, NULL, '{\"id\":\"1702319186837008386\",\"userId\":\"admin\",\"money\":666,\"purpose\":\"12312\",\"remark\":\"123123\",\"loanDate\":\"2023-09-04T16:00:00.000+00:00\",\"createDate\":\"2023-09-14T13:51:36.000+00:00\",\"updateDate\":\"2023-09-14T13:51:36.000+00:00\",\"processInstanceId\":\"\",\"status\":0,\"statusStr\":\"已撤回\",\"createDateStr\":\"2023-09-14 21:51:36\",\"updateDateStr\":\"2023-09-14 21:51:36\",\"loanDateStr\":\"2023-09-05\"}', 'java.util.LinkedHashMap');
INSERT INTO `act_hi_detail` VALUES ('93cfe1a2-952f-11ee-95a1-6e6a773b7536', 'VariableUpdate', '88de36f7-952f-11ee-95a1-6e6a773b7536', '88de36f7-952f-11ee-95a1-6e6a773b7536', NULL, NULL, 'formName', 'string', 1, '2023-12-08 02:36:47.094', NULL, NULL, NULL, 'LoanForm', NULL);
INSERT INTO `act_hi_detail` VALUES ('9b1fb9b4-9fd2-11ee-9ff6-6e6a773b7536', 'VariableUpdate', '9b1fb9b1-9fd2-11ee-9ff6-6e6a773b7536', '9b1fb9b1-9fd2-11ee-9ff6-6e6a773b7536', NULL, NULL, 'entity', 'json', 0, '2023-12-21 15:28:58.956', NULL, NULL, NULL, '{\"id\":\"2\",\"name\":\"线性代数\",\"tchId\":\"zhangsan\",\"nick_name\":\"张三\",\"time\":\"1-8周 周三 8:00-9:25\",\"room\":\"C4-116\",\"classId\":\"202003102\",\"class_name\":\"20计科2班\",\"createDate\":\"2023-12-17T00:11:35.000+00:00\",\"updateDate\":\"2023-12-21T07:28:56.000+00:00\",\"processInstanceId\":\"\",\"status\":0,\"createDateStr\":\"2023-12-17 08:11:35\",\"updateDateStr\":\"2023-12-21 15:28:56\",\"statusStr\":\"已撤回\"}', 'java.util.LinkedHashMap');
INSERT INTO `act_hi_detail` VALUES ('9b1fb9b6-9fd2-11ee-9ff6-6e6a773b7536', 'VariableUpdate', '9b1fb9b1-9fd2-11ee-9ff6-6e6a773b7536', '9b1fb9b1-9fd2-11ee-9ff6-6e6a773b7536', NULL, NULL, 'formName', 'string', 0, '2023-12-21 15:28:58.956', NULL, NULL, NULL, 'courseManagerForm', NULL);
INSERT INTO `act_hi_detail` VALUES ('9b2007dc-9fd2-11ee-9ff6-6e6a773b7536', 'VariableUpdate', '9b1fb9b1-9fd2-11ee-9ff6-6e6a773b7536', '9b1fb9b7-9fd2-11ee-9ff6-6e6a773b7536', '9b1fe0ca-9fd2-11ee-9ff6-6e6a773b7536', NULL, 'formName', 'string', 0, '2023-12-21 15:28:58.958', NULL, NULL, NULL, 'courseManagerForm', NULL);
INSERT INTO `act_hi_detail` VALUES ('9b2007de-9fd2-11ee-9ff6-6e6a773b7536', 'VariableUpdate', '9b1fb9b1-9fd2-11ee-9ff6-6e6a773b7536', '9b1fb9b7-9fd2-11ee-9ff6-6e6a773b7536', '9b1fe0ca-9fd2-11ee-9ff6-6e6a773b7536', NULL, 'entity', 'json', 0, '2023-12-21 15:28:58.958', NULL, NULL, NULL, '{\"id\":\"2\",\"name\":\"线性代数\",\"tchId\":\"zhangsan\",\"nick_name\":\"张三\",\"time\":\"1-8周 周三 8:00-9:25\",\"room\":\"C4-116\",\"classId\":\"202003102\",\"class_name\":\"20计科2班\",\"createDate\":\"2023-12-17T00:11:35.000+00:00\",\"updateDate\":\"2023-12-21T07:28:56.000+00:00\",\"processInstanceId\":\"\",\"status\":0,\"createDateStr\":\"2023-12-17 08:11:35\",\"updateDateStr\":\"2023-12-21 15:28:56\",\"statusStr\":\"已撤回\"}', 'java.util.LinkedHashMap');
INSERT INTO `act_hi_detail` VALUES ('a0aa4113-a3be-11ee-8fe5-6e6a773b7536', 'VariableUpdate', 'a0aa4110-a3be-11ee-8fe5-6e6a773b7536', 'a0aa4110-a3be-11ee-8fe5-6e6a773b7536', NULL, NULL, 'entity', 'json', 0, '2023-12-26 15:16:02.969', NULL, NULL, NULL, '{\"id\":\"1739545428619198465\",\"name\":\"xuesheng51\",\"course_name\":\"古典文学鉴赏\",\"teacher_nick_name\":\"小明\",\"time\":\"1-8周 周三 15:10-16:35\",\"reason\":\"家里有事\",\"createDate\":\"2023-12-26T07:15:24.000+00:00\",\"status\":1,\"createDateStr\":\"2023-12-26 15:15:24\",\"statusStr\":\"待提交\"}', 'java.util.LinkedHashMap');
INSERT INTO `act_hi_detail` VALUES ('a0aa6825-a3be-11ee-8fe5-6e6a773b7536', 'VariableUpdate', 'a0aa4110-a3be-11ee-8fe5-6e6a773b7536', 'a0aa4110-a3be-11ee-8fe5-6e6a773b7536', NULL, NULL, 'formName', 'string', 0, '2023-12-26 15:16:02.970', NULL, NULL, NULL, 'StudentLeaveForm', NULL);
INSERT INTO `act_hi_detail` VALUES ('a0aa8f3b-a3be-11ee-8fe5-6e6a773b7536', 'VariableUpdate', 'a0aa4110-a3be-11ee-8fe5-6e6a773b7536', 'a0aa6826-a3be-11ee-8fe5-6e6a773b7536', 'a0aa6829-a3be-11ee-8fe5-6e6a773b7536', NULL, 'formName', 'string', 0, '2023-12-26 15:16:02.971', NULL, NULL, NULL, 'StudentLeaveForm', NULL);
INSERT INTO `act_hi_detail` VALUES ('a0aab64d-a3be-11ee-8fe5-6e6a773b7536', 'VariableUpdate', 'a0aa4110-a3be-11ee-8fe5-6e6a773b7536', 'a0aa6826-a3be-11ee-8fe5-6e6a773b7536', 'a0aa6829-a3be-11ee-8fe5-6e6a773b7536', NULL, 'entity', 'json', 0, '2023-12-26 15:16:02.972', NULL, NULL, NULL, '{\"id\":\"1739545428619198465\",\"name\":\"xuesheng51\",\"course_name\":\"古典文学鉴赏\",\"teacher_nick_name\":\"小明\",\"time\":\"1-8周 周三 15:10-16:35\",\"reason\":\"家里有事\",\"createDate\":\"2023-12-26T07:15:24.000+00:00\",\"status\":1,\"createDateStr\":\"2023-12-26 15:15:24\",\"statusStr\":\"待提交\"}', 'java.util.LinkedHashMap');
INSERT INTO `act_hi_detail` VALUES ('a3b13cd0-91af-11ee-9fdf-6e6a773b7536', 'VariableUpdate', 'a3b0a08d-91af-11ee-9fdf-6e6a773b7536', 'a3b0a08d-91af-11ee-9fdf-6e6a773b7536', NULL, NULL, 'entity', 'json', 0, '2023-12-03 15:43:24.667', NULL, NULL, NULL, '{\"id\":\"1702564795787620354\",\"userId\":\"admin\",\"money\":23,\"loanDate\":\"2023-09-05T16:00:00.000+00:00\",\"createDate\":\"2023-09-15T06:07:34.000+00:00\",\"updateDate\":\"2023-09-15T06:07:34.000+00:00\",\"processInstanceId\":\"\",\"status\":0,\"statusStr\":\"已撤回\",\"createDateStr\":\"2023-09-15 14:07:34\",\"updateDateStr\":\"2023-09-15 14:07:34\",\"loanDateStr\":\"2023-09-06\"}', 'java.util.LinkedHashMap');
INSERT INTO `act_hi_detail` VALUES ('a3b20022-91af-11ee-9fdf-6e6a773b7536', 'VariableUpdate', 'a3b0a08d-91af-11ee-9fdf-6e6a773b7536', 'a3b0a08d-91af-11ee-9fdf-6e6a773b7536', NULL, NULL, 'formName', 'string', 0, '2023-12-03 15:43:24.672', NULL, NULL, NULL, 'LoanForm', NULL);
INSERT INTO `act_hi_detail` VALUES ('a3bab2b8-91af-11ee-9fdf-6e6a773b7536', 'VariableUpdate', 'a3b0a08d-91af-11ee-9fdf-6e6a773b7536', 'a3b22733-91af-11ee-9fdf-6e6a773b7536', 'a3b9c856-91af-11ee-9fdf-6e6a773b7536', NULL, 'formName', 'string', 0, '2023-12-03 15:43:24.729', NULL, NULL, NULL, 'LoanForm', NULL);
INSERT INTO `act_hi_detail` VALUES ('a3bad9ca-91af-11ee-9fdf-6e6a773b7536', 'VariableUpdate', 'a3b0a08d-91af-11ee-9fdf-6e6a773b7536', 'a3b22733-91af-11ee-9fdf-6e6a773b7536', 'a3b9c856-91af-11ee-9fdf-6e6a773b7536', NULL, 'entity', 'json', 0, '2023-12-03 15:43:24.730', NULL, NULL, NULL, '{\"id\":\"1702564795787620354\",\"userId\":\"admin\",\"money\":23,\"loanDate\":\"2023-09-05T16:00:00.000+00:00\",\"createDate\":\"2023-09-15T06:07:34.000+00:00\",\"updateDate\":\"2023-09-15T06:07:34.000+00:00\",\"processInstanceId\":\"\",\"status\":0,\"statusStr\":\"已撤回\",\"createDateStr\":\"2023-09-15 14:07:34\",\"updateDateStr\":\"2023-09-15 14:07:34\",\"loanDateStr\":\"2023-09-06\"}', 'java.util.LinkedHashMap');
INSERT INTO `act_hi_detail` VALUES ('a42cb121-a3be-11ee-8fe5-6e6a773b7536', 'VariableUpdate', 'a0aa4110-a3be-11ee-8fe5-6e6a773b7536', 'a0aa4110-a3be-11ee-8fe5-6e6a773b7536', NULL, NULL, 'entity', 'json', 1, '2023-12-26 15:16:08.857', NULL, NULL, NULL, '{\"id\":\"1739545428619198465\",\"name\":\"xuesheng51\",\"course_name\":\"古典文学鉴赏\",\"teacher_nick_name\":\"小明\",\"time\":\"1-8周 周三 15:10-16:35\",\"reason\":\"家里有事\",\"createDate\":\"2023-12-26T07:15:24.000+00:00\",\"status\":1,\"createDateStr\":\"2023-12-26 15:15:24\",\"statusStr\":\"待提交\"}', 'java.util.LinkedHashMap');
INSERT INTO `act_hi_detail` VALUES ('a42cff42-a3be-11ee-8fe5-6e6a773b7536', 'VariableUpdate', 'a0aa4110-a3be-11ee-8fe5-6e6a773b7536', 'a0aa4110-a3be-11ee-8fe5-6e6a773b7536', NULL, NULL, 'formName', 'string', 1, '2023-12-26 15:16:08.859', NULL, NULL, NULL, 'StudentLeaveForm', NULL);
INSERT INTO `act_hi_detail` VALUES ('a605d67d-a3c1-11ee-aaa2-6e6a773b7536', 'VariableUpdate', '266b6a44-a293-11ee-b602-6e6a773b7536', '266b6a44-a293-11ee-b602-6e6a773b7536', NULL, NULL, 'entity', 'json', 1, '2023-12-26 15:37:40.448', NULL, NULL, NULL, '{\"id\":\"1739006075060912129\",\"name\":\"xuesheng11\",\"course_name\":\"高等数学\",\"teacher_nick_name\":\"张三\",\"time\":\"1-8周 周三 9:40-11:50\",\"reason\":\"身体不舒服\",\"createDate\":\"2023-12-24T19:32:12.000+00:00\",\"status\":1,\"createDateStr\":\"2023-12-25 03:32:12\",\"statusStr\":\"待提交\"}', 'java.util.LinkedHashMap');
INSERT INTO `act_hi_detail` VALUES ('a6064bae-a3c1-11ee-aaa2-6e6a773b7536', 'VariableUpdate', '266b6a44-a293-11ee-b602-6e6a773b7536', '266b6a44-a293-11ee-b602-6e6a773b7536', NULL, NULL, 'formName', 'string', 1, '2023-12-26 15:37:40.451', NULL, NULL, NULL, 'LeaveForm', NULL);
INSERT INTO `act_hi_detail` VALUES ('a60b54c2-a3c1-11ee-aaa2-6e6a773b7536', 'VariableUpdate', '266b6a44-a293-11ee-b602-6e6a773b7536', '266c54aa-a293-11ee-b602-6e6a773b7536', 'a60a9170-a3c1-11ee-aaa2-6e6a773b7536', NULL, 'formName', 'string', 0, '2023-12-26 15:37:40.484', NULL, NULL, NULL, 'LeaveForm', NULL);
INSERT INTO `act_hi_detail` VALUES ('a60b7bd4-a3c1-11ee-aaa2-6e6a773b7536', 'VariableUpdate', '266b6a44-a293-11ee-b602-6e6a773b7536', '266c54aa-a293-11ee-b602-6e6a773b7536', 'a60a9170-a3c1-11ee-aaa2-6e6a773b7536', NULL, 'entity', 'json', 0, '2023-12-26 15:37:40.485', NULL, NULL, NULL, '{\"id\":\"1739006075060912129\",\"name\":\"xuesheng11\",\"course_name\":\"高等数学\",\"teacher_nick_name\":\"张三\",\"time\":\"1-8周 周三 9:40-11:50\",\"reason\":\"身体不舒服\",\"createDate\":\"2023-12-24T19:32:12.000+00:00\",\"status\":1,\"createDateStr\":\"2023-12-25 03:32:12\",\"statusStr\":\"待提交\"}', 'java.util.LinkedHashMap');
INSERT INTO `act_hi_detail` VALUES ('a78bb337-a3c1-11ee-aaa2-6e6a773b7536', 'VariableUpdate', '65e59029-9f44-11ee-bdc4-6e6a773b7536', '65e59029-9f44-11ee-bdc4-6e6a773b7536', NULL, NULL, 'entity', 'json', 1, '2023-12-26 15:37:43.003', NULL, NULL, NULL, '{\"id\":\"1731230868057403394\",\"username\":\"admin\",\"leaveType\":1,\"title\":\"1\",\"leaveReason\":\"1123\",\"startDate\":\"2024-01-20T16:00:00.000+00:00\",\"endDate\":\"2024-01-23T15:59:59.000+00:00\",\"duration\":3,\"principal\":\"2\",\"contactPhone\":\"2\",\"createDate\":\"2023-12-03T08:36:18.000+00:00\",\"updateDate\":\"2023-12-03T08:36:18.000+00:00\",\"status\":1,\"createDateStr\":\"2023-12-03 16:36:18\",\"updateDateStr\":\"2023-12-03 16:36:18\",\"startDateStr\":\"2024-01-21 00:00:00\",\"endDateStr\":\"2024-01-23 23:59:59\",\"statusStr\":\"待提交\",\"leaveTypeStr\":\"病假\"}', 'java.util.LinkedHashMap');
INSERT INTO `act_hi_detail` VALUES ('a78bda48-a3c1-11ee-aaa2-6e6a773b7536', 'VariableUpdate', '65e59029-9f44-11ee-bdc4-6e6a773b7536', '65e59029-9f44-11ee-bdc4-6e6a773b7536', NULL, NULL, 'formName', 'string', 1, '2023-12-26 15:37:43.004', NULL, NULL, NULL, 'LeaveForm', NULL);
INSERT INTO `act_hi_detail` VALUES ('a78cc4ac-a3c1-11ee-aaa2-6e6a773b7536', 'VariableUpdate', '65e59029-9f44-11ee-bdc4-6e6a773b7536', '65e6537f-9f44-11ee-bdc4-6e6a773b7536', 'a78c4f7a-a3c1-11ee-aaa2-6e6a773b7536', NULL, 'formName', 'string', 0, '2023-12-26 15:37:43.010', NULL, NULL, NULL, 'LeaveForm', NULL);
INSERT INTO `act_hi_detail` VALUES ('a78cc4ae-a3c1-11ee-aaa2-6e6a773b7536', 'VariableUpdate', '65e59029-9f44-11ee-bdc4-6e6a773b7536', '65e6537f-9f44-11ee-bdc4-6e6a773b7536', 'a78c4f7a-a3c1-11ee-aaa2-6e6a773b7536', NULL, 'entity', 'json', 0, '2023-12-26 15:37:43.010', NULL, NULL, NULL, '{\"id\":\"1731230868057403394\",\"username\":\"admin\",\"leaveType\":1,\"title\":\"1\",\"leaveReason\":\"1123\",\"startDate\":\"2024-01-20T16:00:00.000+00:00\",\"endDate\":\"2024-01-23T15:59:59.000+00:00\",\"duration\":3,\"principal\":\"2\",\"contactPhone\":\"2\",\"createDate\":\"2023-12-03T08:36:18.000+00:00\",\"updateDate\":\"2023-12-03T08:36:18.000+00:00\",\"status\":1,\"createDateStr\":\"2023-12-03 16:36:18\",\"updateDateStr\":\"2023-12-03 16:36:18\",\"startDateStr\":\"2024-01-21 00:00:00\",\"endDateStr\":\"2024-01-23 23:59:59\",\"statusStr\":\"待提交\",\"leaveTypeStr\":\"病假\"}', 'java.util.LinkedHashMap');
INSERT INTO `act_hi_detail` VALUES ('a8e74ba1-a3c1-11ee-aaa2-6e6a773b7536', 'VariableUpdate', '266b6a44-a293-11ee-b602-6e6a773b7536', '266b6a44-a293-11ee-b602-6e6a773b7536', NULL, NULL, 'entity', 'json', 1, '2023-12-26 15:37:45.281', NULL, NULL, NULL, '{\"id\":\"1739006075060912129\",\"name\":\"xuesheng11\",\"course_name\":\"高等数学\",\"teacher_nick_name\":\"张三\",\"time\":\"1-8周 周三 9:40-11:50\",\"reason\":\"身体不舒服\",\"createDate\":\"2023-12-24T19:32:12.000+00:00\",\"status\":1,\"createDateStr\":\"2023-12-25 03:32:12\",\"statusStr\":\"待提交\"}', 'java.util.LinkedHashMap');
INSERT INTO `act_hi_detail` VALUES ('a8e772b2-a3c1-11ee-aaa2-6e6a773b7536', 'VariableUpdate', '266b6a44-a293-11ee-b602-6e6a773b7536', '266b6a44-a293-11ee-b602-6e6a773b7536', NULL, NULL, 'formName', 'string', 1, '2023-12-26 15:37:45.282', NULL, NULL, NULL, 'LeaveForm', NULL);
INSERT INTO `act_hi_detail` VALUES ('a8e83606-a3c1-11ee-aaa2-6e6a773b7536', 'VariableUpdate', '266b6a44-a293-11ee-b602-6e6a773b7536', '266c54aa-a293-11ee-b602-6e6a773b7536', 'a8e7e7e4-a3c1-11ee-aaa2-6e6a773b7536', NULL, 'formName', 'string', 0, '2023-12-26 15:37:45.287', NULL, NULL, NULL, 'LeaveForm', NULL);
INSERT INTO `act_hi_detail` VALUES ('a8e83608-a3c1-11ee-aaa2-6e6a773b7536', 'VariableUpdate', '266b6a44-a293-11ee-b602-6e6a773b7536', '266c54aa-a293-11ee-b602-6e6a773b7536', 'a8e7e7e4-a3c1-11ee-aaa2-6e6a773b7536', NULL, 'entity', 'json', 0, '2023-12-26 15:37:45.287', NULL, NULL, NULL, '{\"id\":\"1739006075060912129\",\"name\":\"xuesheng11\",\"course_name\":\"高等数学\",\"teacher_nick_name\":\"张三\",\"time\":\"1-8周 周三 9:40-11:50\",\"reason\":\"身体不舒服\",\"createDate\":\"2023-12-24T19:32:12.000+00:00\",\"status\":1,\"createDateStr\":\"2023-12-25 03:32:12\",\"statusStr\":\"待提交\"}', 'java.util.LinkedHashMap');
INSERT INTO `act_hi_detail` VALUES ('aa14810b-a3c1-11ee-aaa2-6e6a773b7536', 'VariableUpdate', '266b6a44-a293-11ee-b602-6e6a773b7536', '266b6a44-a293-11ee-b602-6e6a773b7536', NULL, NULL, 'entity', 'json', 1, '2023-12-26 15:37:47.255', NULL, NULL, NULL, '{\"id\":\"1739006075060912129\",\"name\":\"xuesheng11\",\"course_name\":\"高等数学\",\"teacher_nick_name\":\"张三\",\"time\":\"1-8周 周三 9:40-11:50\",\"reason\":\"身体不舒服\",\"createDate\":\"2023-12-24T19:32:12.000+00:00\",\"status\":1,\"createDateStr\":\"2023-12-25 03:32:12\",\"statusStr\":\"待提交\"}', 'java.util.LinkedHashMap');
INSERT INTO `act_hi_detail` VALUES ('aa14a81c-a3c1-11ee-aaa2-6e6a773b7536', 'VariableUpdate', '266b6a44-a293-11ee-b602-6e6a773b7536', '266b6a44-a293-11ee-b602-6e6a773b7536', NULL, NULL, 'formName', 'string', 1, '2023-12-26 15:37:47.256', NULL, NULL, NULL, 'LeaveForm', NULL);
INSERT INTO `act_hi_detail` VALUES ('aa156b70-a3c1-11ee-aaa2-6e6a773b7536', 'VariableUpdate', '266b6a44-a293-11ee-b602-6e6a773b7536', '266c54aa-a293-11ee-b602-6e6a773b7536', 'aa151d4e-a3c1-11ee-aaa2-6e6a773b7536', NULL, 'formName', 'string', 0, '2023-12-26 15:37:47.261', NULL, NULL, NULL, 'LeaveForm', NULL);
INSERT INTO `act_hi_detail` VALUES ('aa159282-a3c1-11ee-aaa2-6e6a773b7536', 'VariableUpdate', '266b6a44-a293-11ee-b602-6e6a773b7536', '266c54aa-a293-11ee-b602-6e6a773b7536', 'aa151d4e-a3c1-11ee-aaa2-6e6a773b7536', NULL, 'entity', 'json', 0, '2023-12-26 15:37:47.262', NULL, NULL, NULL, '{\"id\":\"1739006075060912129\",\"name\":\"xuesheng11\",\"course_name\":\"高等数学\",\"teacher_nick_name\":\"张三\",\"time\":\"1-8周 周三 9:40-11:50\",\"reason\":\"身体不舒服\",\"createDate\":\"2023-12-24T19:32:12.000+00:00\",\"status\":1,\"createDateStr\":\"2023-12-25 03:32:12\",\"statusStr\":\"待提交\"}', 'java.util.LinkedHashMap');
INSERT INTO `act_hi_detail` VALUES ('ab45ee60-a3bc-11ee-81ba-6e6a773b7536', 'VariableUpdate', 'ab45521d-a3bc-11ee-81ba-6e6a773b7536', 'ab45521d-a3bc-11ee-81ba-6e6a773b7536', NULL, NULL, 'entity', 'json', 0, '2023-12-26 15:02:01.773', NULL, NULL, NULL, '{\"id\":\"5\",\"name\":\"汇编语言\",\"tchId\":\"xiaoming\",\"nick_name\":\"王五\",\"time\":\"1-8周 周三 15:10-16:35\",\"room\":\"C4-308\",\"classId\":\"202003203\",\"class_name\":\"20网安3班\",\"createDate\":\"2023-12-17T00:11:35.000+00:00\",\"updateDate\":\"2023-12-17T00:11:35.000+00:00\",\"status\":1,\"createDateStr\":\"2023-12-17 08:11:35\",\"updateDateStr\":\"2023-12-17 08:11:35\",\"statusStr\":\"待提交\"}', 'java.util.LinkedHashMap');
INSERT INTO `act_hi_detail` VALUES ('ab466392-a3bc-11ee-81ba-6e6a773b7536', 'VariableUpdate', 'ab45521d-a3bc-11ee-81ba-6e6a773b7536', 'ab45521d-a3bc-11ee-81ba-6e6a773b7536', NULL, NULL, 'formName', 'string', 0, '2023-12-26 15:02:01.776', NULL, NULL, NULL, 'courseManagerForm', NULL);
INSERT INTO `act_hi_detail` VALUES ('ab4af778-a3bc-11ee-81ba-6e6a773b7536', 'VariableUpdate', 'ab45521d-a3bc-11ee-81ba-6e6a773b7536', 'ab466393-a3bc-11ee-81ba-6e6a773b7536', 'ab49e606-a3bc-11ee-81ba-6e6a773b7536', NULL, 'formName', 'string', 0, '2023-12-26 15:02:01.806', NULL, NULL, NULL, 'courseManagerForm', NULL);
INSERT INTO `act_hi_detail` VALUES ('ab4af77a-a3bc-11ee-81ba-6e6a773b7536', 'VariableUpdate', 'ab45521d-a3bc-11ee-81ba-6e6a773b7536', 'ab466393-a3bc-11ee-81ba-6e6a773b7536', 'ab49e606-a3bc-11ee-81ba-6e6a773b7536', NULL, 'entity', 'json', 0, '2023-12-26 15:02:01.806', NULL, NULL, NULL, '{\"id\":\"5\",\"name\":\"汇编语言\",\"tchId\":\"xiaoming\",\"nick_name\":\"王五\",\"time\":\"1-8周 周三 15:10-16:35\",\"room\":\"C4-308\",\"classId\":\"202003203\",\"class_name\":\"20网安3班\",\"createDate\":\"2023-12-17T00:11:35.000+00:00\",\"updateDate\":\"2023-12-17T00:11:35.000+00:00\",\"status\":1,\"createDateStr\":\"2023-12-17 08:11:35\",\"updateDateStr\":\"2023-12-17 08:11:35\",\"statusStr\":\"待提交\"}', 'java.util.LinkedHashMap');
INSERT INTO `act_hi_detail` VALUES ('abe01955-a3c1-11ee-aaa2-6e6a773b7536', 'VariableUpdate', '266b6a44-a293-11ee-b602-6e6a773b7536', '266b6a44-a293-11ee-b602-6e6a773b7536', NULL, NULL, 'entity', 'json', 1, '2023-12-26 15:37:50.267', NULL, NULL, NULL, '{\"id\":\"1739006075060912129\",\"name\":\"xuesheng11\",\"course_name\":\"高等数学\",\"teacher_nick_name\":\"张三\",\"time\":\"1-8周 周三 9:40-11:50\",\"reason\":\"身体不舒服\",\"createDate\":\"2023-12-24T19:32:12.000+00:00\",\"status\":1,\"createDateStr\":\"2023-12-25 03:32:12\",\"statusStr\":\"待提交\"}', 'java.util.LinkedHashMap');
INSERT INTO `act_hi_detail` VALUES ('abe04066-a3c1-11ee-aaa2-6e6a773b7536', 'VariableUpdate', '266b6a44-a293-11ee-b602-6e6a773b7536', '266b6a44-a293-11ee-b602-6e6a773b7536', NULL, NULL, 'formName', 'string', 1, '2023-12-26 15:37:50.268', NULL, NULL, NULL, 'LeaveForm', NULL);
INSERT INTO `act_hi_detail` VALUES ('abe0dcaa-a3c1-11ee-aaa2-6e6a773b7536', 'VariableUpdate', '266b6a44-a293-11ee-b602-6e6a773b7536', '266c54aa-a293-11ee-b602-6e6a773b7536', 'abe08e88-a3c1-11ee-aaa2-6e6a773b7536', NULL, 'formName', 'string', 0, '2023-12-26 15:37:50.272', NULL, NULL, NULL, 'LeaveForm', NULL);
INSERT INTO `act_hi_detail` VALUES ('abe0dcac-a3c1-11ee-aaa2-6e6a773b7536', 'VariableUpdate', '266b6a44-a293-11ee-b602-6e6a773b7536', '266c54aa-a293-11ee-b602-6e6a773b7536', 'abe08e88-a3c1-11ee-aaa2-6e6a773b7536', NULL, 'entity', 'json', 0, '2023-12-26 15:37:50.272', NULL, NULL, NULL, '{\"id\":\"1739006075060912129\",\"name\":\"xuesheng11\",\"course_name\":\"高等数学\",\"teacher_nick_name\":\"张三\",\"time\":\"1-8周 周三 9:40-11:50\",\"reason\":\"身体不舒服\",\"createDate\":\"2023-12-24T19:32:12.000+00:00\",\"status\":1,\"createDateStr\":\"2023-12-25 03:32:12\",\"statusStr\":\"待提交\"}', 'java.util.LinkedHashMap');
INSERT INTO `act_hi_detail` VALUES ('ad33c27f-a3c1-11ee-aaa2-6e6a773b7536', 'VariableUpdate', '266b6a44-a293-11ee-b602-6e6a773b7536', '266b6a44-a293-11ee-b602-6e6a773b7536', NULL, NULL, 'entity', 'json', 1, '2023-12-26 15:37:52.493', NULL, NULL, NULL, '{\"id\":\"1739006075060912129\",\"name\":\"xuesheng11\",\"course_name\":\"高等数学\",\"teacher_nick_name\":\"张三\",\"time\":\"1-8周 周三 9:40-11:50\",\"reason\":\"身体不舒服\",\"createDate\":\"2023-12-24T19:32:12.000+00:00\",\"status\":1,\"createDateStr\":\"2023-12-25 03:32:12\",\"statusStr\":\"待提交\"}', 'java.util.LinkedHashMap');
INSERT INTO `act_hi_detail` VALUES ('ad3410a0-a3c1-11ee-aaa2-6e6a773b7536', 'VariableUpdate', '266b6a44-a293-11ee-b602-6e6a773b7536', '266b6a44-a293-11ee-b602-6e6a773b7536', NULL, NULL, 'formName', 'string', 1, '2023-12-26 15:37:52.495', NULL, NULL, NULL, 'LeaveForm', NULL);
INSERT INTO `act_hi_detail` VALUES ('aed58ba3-a3c1-11ee-aaa2-6e6a773b7536', 'VariableUpdate', '65e59029-9f44-11ee-bdc4-6e6a773b7536', '65e59029-9f44-11ee-bdc4-6e6a773b7536', NULL, NULL, 'entity', 'json', 1, '2023-12-26 15:37:55.231', NULL, NULL, NULL, '{\"id\":\"1731230868057403394\",\"username\":\"admin\",\"leaveType\":1,\"title\":\"1\",\"leaveReason\":\"1123\",\"startDate\":\"2024-01-20T16:00:00.000+00:00\",\"endDate\":\"2024-01-23T15:59:59.000+00:00\",\"duration\":3,\"principal\":\"2\",\"contactPhone\":\"2\",\"createDate\":\"2023-12-03T08:36:18.000+00:00\",\"updateDate\":\"2023-12-03T08:36:18.000+00:00\",\"status\":1,\"createDateStr\":\"2023-12-03 16:36:18\",\"updateDateStr\":\"2023-12-03 16:36:18\",\"startDateStr\":\"2024-01-21 00:00:00\",\"endDateStr\":\"2024-01-23 23:59:59\",\"statusStr\":\"待提交\",\"leaveTypeStr\":\"病假\"}', 'java.util.LinkedHashMap');
INSERT INTO `act_hi_detail` VALUES ('aed5d9c4-a3c1-11ee-aaa2-6e6a773b7536', 'VariableUpdate', '65e59029-9f44-11ee-bdc4-6e6a773b7536', '65e59029-9f44-11ee-bdc4-6e6a773b7536', NULL, NULL, 'formName', 'string', 1, '2023-12-26 15:37:55.233', NULL, NULL, NULL, 'LeaveForm', NULL);
INSERT INTO `act_hi_detail` VALUES ('aed64ef8-a3c1-11ee-aaa2-6e6a773b7536', 'VariableUpdate', '65e59029-9f44-11ee-bdc4-6e6a773b7536', '65e6537f-9f44-11ee-bdc4-6e6a773b7536', 'aed627e6-a3c1-11ee-aaa2-6e6a773b7536', NULL, 'formName', 'string', 0, '2023-12-26 15:37:55.236', NULL, NULL, NULL, 'LeaveForm', NULL);
INSERT INTO `act_hi_detail` VALUES ('aed64efa-a3c1-11ee-aaa2-6e6a773b7536', 'VariableUpdate', '65e59029-9f44-11ee-bdc4-6e6a773b7536', '65e6537f-9f44-11ee-bdc4-6e6a773b7536', 'aed627e6-a3c1-11ee-aaa2-6e6a773b7536', NULL, 'entity', 'json', 0, '2023-12-26 15:37:55.236', NULL, NULL, NULL, '{\"id\":\"1731230868057403394\",\"username\":\"admin\",\"leaveType\":1,\"title\":\"1\",\"leaveReason\":\"1123\",\"startDate\":\"2024-01-20T16:00:00.000+00:00\",\"endDate\":\"2024-01-23T15:59:59.000+00:00\",\"duration\":3,\"principal\":\"2\",\"contactPhone\":\"2\",\"createDate\":\"2023-12-03T08:36:18.000+00:00\",\"updateDate\":\"2023-12-03T08:36:18.000+00:00\",\"status\":1,\"createDateStr\":\"2023-12-03 16:36:18\",\"updateDateStr\":\"2023-12-03 16:36:18\",\"startDateStr\":\"2024-01-21 00:00:00\",\"endDateStr\":\"2024-01-23 23:59:59\",\"statusStr\":\"待提交\",\"leaveTypeStr\":\"病假\"}', 'java.util.LinkedHashMap');
INSERT INTO `act_hi_detail` VALUES ('b071d68d-a3c1-11ee-aaa2-6e6a773b7536', 'VariableUpdate', '65e59029-9f44-11ee-bdc4-6e6a773b7536', '65e59029-9f44-11ee-bdc4-6e6a773b7536', NULL, NULL, 'entity', 'json', 1, '2023-12-26 15:37:57.933', NULL, NULL, NULL, '{\"id\":\"1731230868057403394\",\"username\":\"admin\",\"leaveType\":1,\"title\":\"1\",\"leaveReason\":\"1123\",\"startDate\":\"2024-01-20T16:00:00.000+00:00\",\"endDate\":\"2024-01-23T15:59:59.000+00:00\",\"duration\":3,\"principal\":\"2\",\"contactPhone\":\"2\",\"createDate\":\"2023-12-03T08:36:18.000+00:00\",\"updateDate\":\"2023-12-03T08:36:18.000+00:00\",\"status\":1,\"createDateStr\":\"2023-12-03 16:36:18\",\"updateDateStr\":\"2023-12-03 16:36:18\",\"startDateStr\":\"2024-01-21 00:00:00\",\"endDateStr\":\"2024-01-23 23:59:59\",\"statusStr\":\"待提交\",\"leaveTypeStr\":\"病假\"}', 'java.util.LinkedHashMap');
INSERT INTO `act_hi_detail` VALUES ('b07224ae-a3c1-11ee-aaa2-6e6a773b7536', 'VariableUpdate', '65e59029-9f44-11ee-bdc4-6e6a773b7536', '65e59029-9f44-11ee-bdc4-6e6a773b7536', NULL, NULL, 'formName', 'string', 1, '2023-12-26 15:37:57.935', NULL, NULL, NULL, 'LeaveForm', NULL);
INSERT INTO `act_hi_detail` VALUES ('b0735d32-a3c1-11ee-aaa2-6e6a773b7536', 'VariableUpdate', '65e59029-9f44-11ee-bdc4-6e6a773b7536', '65e6537f-9f44-11ee-bdc4-6e6a773b7536', 'b072e800-a3c1-11ee-aaa2-6e6a773b7536', NULL, 'formName', 'string', 0, '2023-12-26 15:37:57.943', NULL, NULL, NULL, 'LeaveForm', NULL);
INSERT INTO `act_hi_detail` VALUES ('b0738444-a3c1-11ee-aaa2-6e6a773b7536', 'VariableUpdate', '65e59029-9f44-11ee-bdc4-6e6a773b7536', '65e6537f-9f44-11ee-bdc4-6e6a773b7536', 'b072e800-a3c1-11ee-aaa2-6e6a773b7536', NULL, 'entity', 'json', 0, '2023-12-26 15:37:57.944', NULL, NULL, NULL, '{\"id\":\"1731230868057403394\",\"username\":\"admin\",\"leaveType\":1,\"title\":\"1\",\"leaveReason\":\"1123\",\"startDate\":\"2024-01-20T16:00:00.000+00:00\",\"endDate\":\"2024-01-23T15:59:59.000+00:00\",\"duration\":3,\"principal\":\"2\",\"contactPhone\":\"2\",\"createDate\":\"2023-12-03T08:36:18.000+00:00\",\"updateDate\":\"2023-12-03T08:36:18.000+00:00\",\"status\":1,\"createDateStr\":\"2023-12-03 16:36:18\",\"updateDateStr\":\"2023-12-03 16:36:18\",\"startDateStr\":\"2024-01-21 00:00:00\",\"endDateStr\":\"2024-01-23 23:59:59\",\"statusStr\":\"待提交\",\"leaveTypeStr\":\"病假\"}', 'java.util.LinkedHashMap');
INSERT INTO `act_hi_detail` VALUES ('b2372d47-a3c1-11ee-aaa2-6e6a773b7536', 'VariableUpdate', '65e59029-9f44-11ee-bdc4-6e6a773b7536', '65e59029-9f44-11ee-bdc4-6e6a773b7536', NULL, NULL, 'entity', 'json', 1, '2023-12-26 15:38:00.904', NULL, NULL, NULL, '{\"id\":\"1731230868057403394\",\"username\":\"admin\",\"leaveType\":1,\"title\":\"1\",\"leaveReason\":\"1123\",\"startDate\":\"2024-01-20T16:00:00.000+00:00\",\"endDate\":\"2024-01-23T15:59:59.000+00:00\",\"duration\":3,\"principal\":\"2\",\"contactPhone\":\"2\",\"createDate\":\"2023-12-03T08:36:18.000+00:00\",\"updateDate\":\"2023-12-03T08:36:18.000+00:00\",\"status\":1,\"createDateStr\":\"2023-12-03 16:36:18\",\"updateDateStr\":\"2023-12-03 16:36:18\",\"startDateStr\":\"2024-01-21 00:00:00\",\"endDateStr\":\"2024-01-23 23:59:59\",\"statusStr\":\"待提交\",\"leaveTypeStr\":\"病假\"}', 'java.util.LinkedHashMap');
INSERT INTO `act_hi_detail` VALUES ('b2377b68-a3c1-11ee-aaa2-6e6a773b7536', 'VariableUpdate', '65e59029-9f44-11ee-bdc4-6e6a773b7536', '65e59029-9f44-11ee-bdc4-6e6a773b7536', NULL, NULL, 'formName', 'string', 1, '2023-12-26 15:38:00.906', NULL, NULL, NULL, 'LeaveForm', NULL);
INSERT INTO `act_hi_detail` VALUES ('b23865cc-a3c1-11ee-aaa2-6e6a773b7536', 'VariableUpdate', '65e59029-9f44-11ee-bdc4-6e6a773b7536', '65e6537f-9f44-11ee-bdc4-6e6a773b7536', 'b237f09a-a3c1-11ee-aaa2-6e6a773b7536', NULL, 'formName', 'string', 0, '2023-12-26 15:38:00.912', NULL, NULL, NULL, 'LeaveForm', NULL);
INSERT INTO `act_hi_detail` VALUES ('b2388cde-a3c1-11ee-aaa2-6e6a773b7536', 'VariableUpdate', '65e59029-9f44-11ee-bdc4-6e6a773b7536', '65e6537f-9f44-11ee-bdc4-6e6a773b7536', 'b237f09a-a3c1-11ee-aaa2-6e6a773b7536', NULL, 'entity', 'json', 0, '2023-12-26 15:38:00.913', NULL, NULL, NULL, '{\"id\":\"1731230868057403394\",\"username\":\"admin\",\"leaveType\":1,\"title\":\"1\",\"leaveReason\":\"1123\",\"startDate\":\"2024-01-20T16:00:00.000+00:00\",\"endDate\":\"2024-01-23T15:59:59.000+00:00\",\"duration\":3,\"principal\":\"2\",\"contactPhone\":\"2\",\"createDate\":\"2023-12-03T08:36:18.000+00:00\",\"updateDate\":\"2023-12-03T08:36:18.000+00:00\",\"status\":1,\"createDateStr\":\"2023-12-03 16:36:18\",\"updateDateStr\":\"2023-12-03 16:36:18\",\"startDateStr\":\"2024-01-21 00:00:00\",\"endDateStr\":\"2024-01-23 23:59:59\",\"statusStr\":\"待提交\",\"leaveTypeStr\":\"病假\"}', 'java.util.LinkedHashMap');
INSERT INTO `act_hi_detail` VALUES ('b33f7591-a3c1-11ee-aaa2-6e6a773b7536', 'VariableUpdate', '65e59029-9f44-11ee-bdc4-6e6a773b7536', '65e59029-9f44-11ee-bdc4-6e6a773b7536', NULL, NULL, 'entity', 'json', 1, '2023-12-26 15:38:02.636', NULL, NULL, NULL, '{\"id\":\"1731230868057403394\",\"username\":\"admin\",\"leaveType\":1,\"title\":\"1\",\"leaveReason\":\"1123\",\"startDate\":\"2024-01-20T16:00:00.000+00:00\",\"endDate\":\"2024-01-23T15:59:59.000+00:00\",\"duration\":3,\"principal\":\"2\",\"contactPhone\":\"2\",\"createDate\":\"2023-12-03T08:36:18.000+00:00\",\"updateDate\":\"2023-12-03T08:36:18.000+00:00\",\"status\":1,\"createDateStr\":\"2023-12-03 16:36:18\",\"updateDateStr\":\"2023-12-03 16:36:18\",\"startDateStr\":\"2024-01-21 00:00:00\",\"endDateStr\":\"2024-01-23 23:59:59\",\"statusStr\":\"待提交\",\"leaveTypeStr\":\"病假\"}', 'java.util.LinkedHashMap');
INSERT INTO `act_hi_detail` VALUES ('b33f9ca2-a3c1-11ee-aaa2-6e6a773b7536', 'VariableUpdate', '65e59029-9f44-11ee-bdc4-6e6a773b7536', '65e59029-9f44-11ee-bdc4-6e6a773b7536', NULL, NULL, 'formName', 'string', 1, '2023-12-26 15:38:02.637', NULL, NULL, NULL, 'LeaveForm', NULL);
INSERT INTO `act_hi_detail` VALUES ('b4b2dbb5-a3c1-11ee-aaa2-6e6a773b7536', 'VariableUpdate', '27f3a1a0-91da-11ee-a869-6e6a773b7536', '27f3a1a0-91da-11ee-a869-6e6a773b7536', NULL, NULL, 'entity', 'json', 1, '2023-12-26 15:38:05.070', NULL, NULL, NULL, '{\"id\":\"1701485834856890369\",\"username\":\"admin\",\"leaveType\":1,\"title\":\"测试1\",\"leaveReason\":\"233\",\"startDate\":\"2023-09-19T16:00:00.000+00:00\",\"endDate\":\"2023-09-23T15:59:59.000+00:00\",\"duration\":4,\"principal\":\"\",\"contactPhone\":\"\",\"createDate\":\"2023-09-12T06:40:09.000+00:00\",\"updateDate\":\"2023-09-12T06:41:37.000+00:00\",\"processInstanceId\":\"\",\"status\":0,\"endDateStr\":\"2023-09-23 23:59:59\",\"updateDateStr\":\"2023-09-12 14:41:37\",\"statusStr\":\"已撤回\",\"createDateStr\":\"2023-09-12 14:40:09\",\"leaveTypeStr\":\"病假\",\"startDateStr\":\"2023-09-20 00:00:00\"}', 'java.util.LinkedHashMap');
INSERT INTO `act_hi_detail` VALUES ('b4b302c6-a3c1-11ee-aaa2-6e6a773b7536', 'VariableUpdate', '27f3a1a0-91da-11ee-a869-6e6a773b7536', '27f3a1a0-91da-11ee-a869-6e6a773b7536', NULL, NULL, 'formName', 'string', 1, '2023-12-26 15:38:05.071', NULL, NULL, NULL, 'LeaveForm', NULL);
INSERT INTO `act_hi_detail` VALUES ('b4b3c61a-a3c1-11ee-aaa2-6e6a773b7536', 'VariableUpdate', '27f3a1a0-91da-11ee-a869-6e6a773b7536', '27f7c056-91da-11ee-a869-6e6a773b7536', 'b4b377f8-a3c1-11ee-aaa2-6e6a773b7536', NULL, 'formName', 'string', 0, '2023-12-26 15:38:05.076', NULL, NULL, NULL, 'LeaveForm', NULL);
INSERT INTO `act_hi_detail` VALUES ('b4b3ed2c-a3c1-11ee-aaa2-6e6a773b7536', 'VariableUpdate', '27f3a1a0-91da-11ee-a869-6e6a773b7536', '27f7c056-91da-11ee-a869-6e6a773b7536', 'b4b377f8-a3c1-11ee-aaa2-6e6a773b7536', NULL, 'entity', 'json', 0, '2023-12-26 15:38:05.076', NULL, NULL, NULL, '{\"id\":\"1701485834856890369\",\"username\":\"admin\",\"leaveType\":1,\"title\":\"测试1\",\"leaveReason\":\"233\",\"startDate\":\"2023-09-19T16:00:00.000+00:00\",\"endDate\":\"2023-09-23T15:59:59.000+00:00\",\"duration\":4,\"principal\":\"\",\"contactPhone\":\"\",\"createDate\":\"2023-09-12T06:40:09.000+00:00\",\"updateDate\":\"2023-09-12T06:41:37.000+00:00\",\"processInstanceId\":\"\",\"status\":0,\"endDateStr\":\"2023-09-23 23:59:59\",\"updateDateStr\":\"2023-09-12 14:41:37\",\"statusStr\":\"已撤回\",\"createDateStr\":\"2023-09-12 14:40:09\",\"leaveTypeStr\":\"病假\",\"startDateStr\":\"2023-09-20 00:00:00\"}', 'java.util.LinkedHashMap');
INSERT INTO `act_hi_detail` VALUES ('b5b97aad-91af-11ee-9fdf-6e6a773b7536', 'VariableUpdate', 'a3b0a08d-91af-11ee-9fdf-6e6a773b7536', 'a3b0a08d-91af-11ee-9fdf-6e6a773b7536', NULL, NULL, 'entity', 'json', 1, '2023-12-03 15:43:54.920', NULL, NULL, NULL, '{\"id\":\"1702564795787620354\",\"userId\":\"admin\",\"money\":23,\"loanDate\":\"2023-09-05T16:00:00.000+00:00\",\"createDate\":\"2023-09-15T06:07:34.000+00:00\",\"updateDate\":\"2023-09-15T06:07:34.000+00:00\",\"processInstanceId\":\"\",\"status\":0,\"statusStr\":\"已撤回\",\"createDateStr\":\"2023-09-15 14:07:34\",\"updateDateStr\":\"2023-09-15 14:07:34\",\"loanDateStr\":\"2023-09-06\"}', 'java.util.LinkedHashMap');
INSERT INTO `act_hi_detail` VALUES ('b5b9efde-91af-11ee-9fdf-6e6a773b7536', 'VariableUpdate', 'a3b0a08d-91af-11ee-9fdf-6e6a773b7536', 'a3b0a08d-91af-11ee-9fdf-6e6a773b7536', NULL, NULL, 'formName', 'string', 1, '2023-12-03 15:43:54.923', NULL, NULL, NULL, 'LoanForm', NULL);
INSERT INTO `act_hi_detail` VALUES ('b5bada42-91af-11ee-9fdf-6e6a773b7536', 'VariableUpdate', 'a3b0a08d-91af-11ee-9fdf-6e6a773b7536', 'a3b22733-91af-11ee-9fdf-6e6a773b7536', 'b5ba6510-91af-11ee-9fdf-6e6a773b7536', NULL, 'formName', 'string', 0, '2023-12-03 15:43:54.929', NULL, NULL, NULL, 'LoanForm', NULL);
INSERT INTO `act_hi_detail` VALUES ('b5bada44-91af-11ee-9fdf-6e6a773b7536', 'VariableUpdate', 'a3b0a08d-91af-11ee-9fdf-6e6a773b7536', 'a3b22733-91af-11ee-9fdf-6e6a773b7536', 'b5ba6510-91af-11ee-9fdf-6e6a773b7536', NULL, 'entity', 'json', 0, '2023-12-03 15:43:54.929', NULL, NULL, NULL, '{\"id\":\"1702564795787620354\",\"userId\":\"admin\",\"money\":23,\"loanDate\":\"2023-09-05T16:00:00.000+00:00\",\"createDate\":\"2023-09-15T06:07:34.000+00:00\",\"updateDate\":\"2023-09-15T06:07:34.000+00:00\",\"processInstanceId\":\"\",\"status\":0,\"statusStr\":\"已撤回\",\"createDateStr\":\"2023-09-15 14:07:34\",\"updateDateStr\":\"2023-09-15 14:07:34\",\"loanDateStr\":\"2023-09-06\"}', 'java.util.LinkedHashMap');
INSERT INTO `act_hi_detail` VALUES ('b622714f-a3c1-11ee-aaa2-6e6a773b7536', 'VariableUpdate', '27f3a1a0-91da-11ee-a869-6e6a773b7536', '27f3a1a0-91da-11ee-a869-6e6a773b7536', NULL, NULL, 'entity', 'json', 1, '2023-12-26 15:38:07.479', NULL, NULL, NULL, '{\"id\":\"1701485834856890369\",\"username\":\"admin\",\"leaveType\":1,\"title\":\"测试1\",\"leaveReason\":\"233\",\"startDate\":\"2023-09-19T16:00:00.000+00:00\",\"endDate\":\"2023-09-23T15:59:59.000+00:00\",\"duration\":4,\"principal\":\"\",\"contactPhone\":\"\",\"createDate\":\"2023-09-12T06:40:09.000+00:00\",\"updateDate\":\"2023-09-12T06:41:37.000+00:00\",\"processInstanceId\":\"\",\"status\":0,\"endDateStr\":\"2023-09-23 23:59:59\",\"updateDateStr\":\"2023-09-12 14:41:37\",\"statusStr\":\"已撤回\",\"createDateStr\":\"2023-09-12 14:40:09\",\"leaveTypeStr\":\"病假\",\"startDateStr\":\"2023-09-20 00:00:00\"}', 'java.util.LinkedHashMap');
INSERT INTO `act_hi_detail` VALUES ('b622e680-a3c1-11ee-aaa2-6e6a773b7536', 'VariableUpdate', '27f3a1a0-91da-11ee-a869-6e6a773b7536', '27f3a1a0-91da-11ee-a869-6e6a773b7536', NULL, NULL, 'formName', 'string', 1, '2023-12-26 15:38:07.482', NULL, NULL, NULL, 'LeaveForm', NULL);
INSERT INTO `act_hi_detail` VALUES ('b6244614-a3c1-11ee-aaa2-6e6a773b7536', 'VariableUpdate', '27f3a1a0-91da-11ee-a869-6e6a773b7536', '27f7c056-91da-11ee-a869-6e6a773b7536', 'b623a9d2-a3c1-11ee-aaa2-6e6a773b7536', NULL, 'formName', 'string', 0, '2023-12-26 15:38:07.491', NULL, NULL, NULL, 'LeaveForm', NULL);
INSERT INTO `act_hi_detail` VALUES ('b6244616-a3c1-11ee-aaa2-6e6a773b7536', 'VariableUpdate', '27f3a1a0-91da-11ee-a869-6e6a773b7536', '27f7c056-91da-11ee-a869-6e6a773b7536', 'b623a9d2-a3c1-11ee-aaa2-6e6a773b7536', NULL, 'entity', 'json', 0, '2023-12-26 15:38:07.491', NULL, NULL, NULL, '{\"id\":\"1701485834856890369\",\"username\":\"admin\",\"leaveType\":1,\"title\":\"测试1\",\"leaveReason\":\"233\",\"startDate\":\"2023-09-19T16:00:00.000+00:00\",\"endDate\":\"2023-09-23T15:59:59.000+00:00\",\"duration\":4,\"principal\":\"\",\"contactPhone\":\"\",\"createDate\":\"2023-09-12T06:40:09.000+00:00\",\"updateDate\":\"2023-09-12T06:41:37.000+00:00\",\"processInstanceId\":\"\",\"status\":0,\"endDateStr\":\"2023-09-23 23:59:59\",\"updateDateStr\":\"2023-09-12 14:41:37\",\"statusStr\":\"已撤回\",\"createDateStr\":\"2023-09-12 14:40:09\",\"leaveTypeStr\":\"病假\",\"startDateStr\":\"2023-09-20 00:00:00\"}', 'java.util.LinkedHashMap');
INSERT INTO `act_hi_detail` VALUES ('b78a65c9-a3c1-11ee-aaa2-6e6a773b7536', 'VariableUpdate', '27f3a1a0-91da-11ee-a869-6e6a773b7536', '27f3a1a0-91da-11ee-a869-6e6a773b7536', NULL, NULL, 'entity', 'json', 1, '2023-12-26 15:38:09.838', NULL, NULL, NULL, '{\"id\":\"1701485834856890369\",\"username\":\"admin\",\"leaveType\":1,\"title\":\"测试1\",\"leaveReason\":\"233\",\"startDate\":\"2023-09-19T16:00:00.000+00:00\",\"endDate\":\"2023-09-23T15:59:59.000+00:00\",\"duration\":4,\"principal\":\"\",\"contactPhone\":\"\",\"createDate\":\"2023-09-12T06:40:09.000+00:00\",\"updateDate\":\"2023-09-12T06:41:37.000+00:00\",\"processInstanceId\":\"\",\"status\":0,\"endDateStr\":\"2023-09-23 23:59:59\",\"updateDateStr\":\"2023-09-12 14:41:37\",\"statusStr\":\"已撤回\",\"createDateStr\":\"2023-09-12 14:40:09\",\"leaveTypeStr\":\"病假\",\"startDateStr\":\"2023-09-20 00:00:00\"}', 'java.util.LinkedHashMap');
INSERT INTO `act_hi_detail` VALUES ('b78a8cda-a3c1-11ee-aaa2-6e6a773b7536', 'VariableUpdate', '27f3a1a0-91da-11ee-a869-6e6a773b7536', '27f3a1a0-91da-11ee-a869-6e6a773b7536', NULL, NULL, 'formName', 'string', 1, '2023-12-26 15:38:09.839', NULL, NULL, NULL, 'LeaveForm', NULL);
INSERT INTO `act_hi_detail` VALUES ('b78b291e-a3c1-11ee-aaa2-6e6a773b7536', 'VariableUpdate', '27f3a1a0-91da-11ee-a869-6e6a773b7536', '27f7c056-91da-11ee-a869-6e6a773b7536', 'b78adafc-a3c1-11ee-aaa2-6e6a773b7536', NULL, 'formName', 'string', 0, '2023-12-26 15:38:09.843', NULL, NULL, NULL, 'LeaveForm', NULL);
INSERT INTO `act_hi_detail` VALUES ('b78b5030-a3c1-11ee-aaa2-6e6a773b7536', 'VariableUpdate', '27f3a1a0-91da-11ee-a869-6e6a773b7536', '27f7c056-91da-11ee-a869-6e6a773b7536', 'b78adafc-a3c1-11ee-aaa2-6e6a773b7536', NULL, 'entity', 'json', 0, '2023-12-26 15:38:09.844', NULL, NULL, NULL, '{\"id\":\"1701485834856890369\",\"username\":\"admin\",\"leaveType\":1,\"title\":\"测试1\",\"leaveReason\":\"233\",\"startDate\":\"2023-09-19T16:00:00.000+00:00\",\"endDate\":\"2023-09-23T15:59:59.000+00:00\",\"duration\":4,\"principal\":\"\",\"contactPhone\":\"\",\"createDate\":\"2023-09-12T06:40:09.000+00:00\",\"updateDate\":\"2023-09-12T06:41:37.000+00:00\",\"processInstanceId\":\"\",\"status\":0,\"endDateStr\":\"2023-09-23 23:59:59\",\"updateDateStr\":\"2023-09-12 14:41:37\",\"statusStr\":\"已撤回\",\"createDateStr\":\"2023-09-12 14:40:09\",\"leaveTypeStr\":\"病假\",\"startDateStr\":\"2023-09-20 00:00:00\"}', 'java.util.LinkedHashMap');
INSERT INTO `act_hi_detail` VALUES ('b7b81e7e-a3bc-11ee-81ba-6e6a773b7536', 'VariableUpdate', 'ab45521d-a3bc-11ee-81ba-6e6a773b7536', 'ab45521d-a3bc-11ee-81ba-6e6a773b7536', NULL, NULL, 'entity', 'json', 1, '2023-12-26 15:02:22.654', NULL, NULL, NULL, '{\"id\":\"5\",\"name\":\"汇编语言\",\"tchId\":\"xiaoming\",\"nick_name\":\"王五\",\"time\":\"1-8周 周三 15:10-16:35\",\"room\":\"C4-308\",\"classId\":\"202003203\",\"class_name\":\"20网安3班\",\"createDate\":\"2023-12-17T00:11:35.000+00:00\",\"updateDate\":\"2023-12-17T00:11:35.000+00:00\",\"status\":1,\"createDateStr\":\"2023-12-17 08:11:35\",\"updateDateStr\":\"2023-12-17 08:11:35\",\"statusStr\":\"待提交\"}', 'java.util.LinkedHashMap');
INSERT INTO `act_hi_detail` VALUES ('b7b8babf-a3bc-11ee-81ba-6e6a773b7536', 'VariableUpdate', 'ab45521d-a3bc-11ee-81ba-6e6a773b7536', 'ab45521d-a3bc-11ee-81ba-6e6a773b7536', NULL, NULL, 'formName', 'string', 1, '2023-12-26 15:02:22.657', NULL, NULL, NULL, 'courseManagerForm', NULL);
INSERT INTO `act_hi_detail` VALUES ('b90238c3-a3c1-11ee-aaa2-6e6a773b7536', 'VariableUpdate', '27f3a1a0-91da-11ee-a869-6e6a773b7536', '27f3a1a0-91da-11ee-a869-6e6a773b7536', NULL, NULL, 'entity', 'json', 1, '2023-12-26 15:38:12.301', NULL, NULL, NULL, '{\"id\":\"1701485834856890369\",\"username\":\"admin\",\"leaveType\":1,\"title\":\"测试1\",\"leaveReason\":\"233\",\"startDate\":\"2023-09-19T16:00:00.000+00:00\",\"endDate\":\"2023-09-23T15:59:59.000+00:00\",\"duration\":4,\"principal\":\"\",\"contactPhone\":\"\",\"createDate\":\"2023-09-12T06:40:09.000+00:00\",\"updateDate\":\"2023-09-12T06:41:37.000+00:00\",\"processInstanceId\":\"\",\"status\":0,\"endDateStr\":\"2023-09-23 23:59:59\",\"updateDateStr\":\"2023-09-12 14:41:37\",\"statusStr\":\"已撤回\",\"createDateStr\":\"2023-09-12 14:40:09\",\"leaveTypeStr\":\"病假\",\"startDateStr\":\"2023-09-20 00:00:00\"}', 'java.util.LinkedHashMap');
INSERT INTO `act_hi_detail` VALUES ('b90286e4-a3c1-11ee-aaa2-6e6a773b7536', 'VariableUpdate', '27f3a1a0-91da-11ee-a869-6e6a773b7536', '27f3a1a0-91da-11ee-a869-6e6a773b7536', NULL, NULL, 'formName', 'string', 1, '2023-12-26 15:38:12.303', NULL, NULL, NULL, 'LeaveForm', NULL);
INSERT INTO `act_hi_detail` VALUES ('b9039858-a3c1-11ee-aaa2-6e6a773b7536', 'VariableUpdate', '27f3a1a0-91da-11ee-a869-6e6a773b7536', '27f7c056-91da-11ee-a869-6e6a773b7536', 'b9032326-a3c1-11ee-aaa2-6e6a773b7536', NULL, 'formName', 'string', 0, '2023-12-26 15:38:12.310', NULL, NULL, NULL, 'LeaveForm', NULL);
INSERT INTO `act_hi_detail` VALUES ('b903bf6a-a3c1-11ee-aaa2-6e6a773b7536', 'VariableUpdate', '27f3a1a0-91da-11ee-a869-6e6a773b7536', '27f7c056-91da-11ee-a869-6e6a773b7536', 'b9032326-a3c1-11ee-aaa2-6e6a773b7536', NULL, 'entity', 'json', 0, '2023-12-26 15:38:12.311', NULL, NULL, NULL, '{\"id\":\"1701485834856890369\",\"username\":\"admin\",\"leaveType\":1,\"title\":\"测试1\",\"leaveReason\":\"233\",\"startDate\":\"2023-09-19T16:00:00.000+00:00\",\"endDate\":\"2023-09-23T15:59:59.000+00:00\",\"duration\":4,\"principal\":\"\",\"contactPhone\":\"\",\"createDate\":\"2023-09-12T06:40:09.000+00:00\",\"updateDate\":\"2023-09-12T06:41:37.000+00:00\",\"processInstanceId\":\"\",\"status\":0,\"endDateStr\":\"2023-09-23 23:59:59\",\"updateDateStr\":\"2023-09-12 14:41:37\",\"statusStr\":\"已撤回\",\"createDateStr\":\"2023-09-12 14:40:09\",\"leaveTypeStr\":\"病假\",\"startDateStr\":\"2023-09-20 00:00:00\"}', 'java.util.LinkedHashMap');
INSERT INTO `act_hi_detail` VALUES ('b98bc539-34a0-11ed-a5e5-283a4d3b4979', 'VariableUpdate', 'b98a3e96-34a0-11ed-a5e5-283a4d3b4979', 'b98a3e96-34a0-11ed-a5e5-283a4d3b4979', NULL, NULL, 'entity', 'json', 0, '2022-09-15 10:47:23.071', NULL, NULL, NULL, '{\"id\":\"1567777623949111297\",\"username\":\"admin\",\"leaveType\":2,\"title\":\"12345\",\"leaveReason\":\"4567\",\"startDate\":\"2022-09-07T16:00:00.000+00:00\",\"endDate\":\"2022-09-16T15:59:59.000+00:00\",\"duration\":9,\"principal\":\"2\",\"contactPhone\":\"1\",\"createDate\":\"2022-09-08T07:31:28.000+00:00\",\"updateDate\":\"2022-09-08T07:31:28.000+00:00\",\"processInstanceId\":\"\",\"status\":0,\"createDateStr\":\"2022-09-08 15:31:28\",\"leaveTypeStr\":\"事假\",\"startDateStr\":\"2022-09-08 00:00:00\",\"statusStr\":\"已撤回\",\"endDateStr\":\"2022-09-16 23:59:59\",\"updateDateStr\":\"2022-09-08 15:31:28\"}', 'java.util.LinkedHashMap');
INSERT INTO `act_hi_detail` VALUES ('b98c3a6b-34a0-11ed-a5e5-283a4d3b4979', 'VariableUpdate', 'b98a3e96-34a0-11ed-a5e5-283a4d3b4979', 'b98a3e96-34a0-11ed-a5e5-283a4d3b4979', NULL, NULL, 'formName', 'string', 0, '2022-09-15 10:47:23.074', NULL, NULL, NULL, 'LeaveForm', NULL);
INSERT INTO `act_hi_detail` VALUES ('b9916a91-34a0-11ed-a5e5-283a4d3b4979', 'VariableUpdate', 'b98a3e96-34a0-11ed-a5e5-283a4d3b4979', 'b98c3a6c-34a0-11ed-a5e5-283a4d3b4979', 'b990a73f-34a0-11ed-a5e5-283a4d3b4979', NULL, 'formName', 'string', 0, '2022-09-15 10:47:23.108', NULL, NULL, NULL, 'LeaveForm', NULL);
INSERT INTO `act_hi_detail` VALUES ('b99191a3-34a0-11ed-a5e5-283a4d3b4979', 'VariableUpdate', 'b98a3e96-34a0-11ed-a5e5-283a4d3b4979', 'b98c3a6c-34a0-11ed-a5e5-283a4d3b4979', 'b990a73f-34a0-11ed-a5e5-283a4d3b4979', NULL, 'entity', 'json', 0, '2022-09-15 10:47:23.109', NULL, NULL, NULL, '{\"id\":\"1567777623949111297\",\"username\":\"admin\",\"leaveType\":2,\"title\":\"12345\",\"leaveReason\":\"4567\",\"startDate\":\"2022-09-07T16:00:00.000+00:00\",\"endDate\":\"2022-09-16T15:59:59.000+00:00\",\"duration\":9,\"principal\":\"2\",\"contactPhone\":\"1\",\"createDate\":\"2022-09-08T07:31:28.000+00:00\",\"updateDate\":\"2022-09-08T07:31:28.000+00:00\",\"processInstanceId\":\"\",\"status\":0,\"createDateStr\":\"2022-09-08 15:31:28\",\"leaveTypeStr\":\"事假\",\"startDateStr\":\"2022-09-08 00:00:00\",\"statusStr\":\"已撤回\",\"endDateStr\":\"2022-09-16 23:59:59\",\"updateDateStr\":\"2022-09-08 15:31:28\"}', 'java.util.LinkedHashMap');
INSERT INTO `act_hi_detail` VALUES ('ba12493d-a3c1-11ee-aaa2-6e6a773b7536', 'VariableUpdate', '27f3a1a0-91da-11ee-a869-6e6a773b7536', '27f3a1a0-91da-11ee-a869-6e6a773b7536', NULL, NULL, 'entity', 'json', 1, '2023-12-26 15:38:14.084', NULL, NULL, NULL, '{\"id\":\"1701485834856890369\",\"username\":\"admin\",\"leaveType\":1,\"title\":\"测试1\",\"leaveReason\":\"233\",\"startDate\":\"2023-09-19T16:00:00.000+00:00\",\"endDate\":\"2023-09-23T15:59:59.000+00:00\",\"duration\":4,\"principal\":\"\",\"contactPhone\":\"\",\"createDate\":\"2023-09-12T06:40:09.000+00:00\",\"updateDate\":\"2023-09-12T06:41:37.000+00:00\",\"processInstanceId\":\"\",\"status\":0,\"endDateStr\":\"2023-09-23 23:59:59\",\"updateDateStr\":\"2023-09-12 14:41:37\",\"statusStr\":\"已撤回\",\"createDateStr\":\"2023-09-12 14:40:09\",\"leaveTypeStr\":\"病假\",\"startDateStr\":\"2023-09-20 00:00:00\"}', 'java.util.LinkedHashMap');
INSERT INTO `act_hi_detail` VALUES ('ba12975e-a3c1-11ee-aaa2-6e6a773b7536', 'VariableUpdate', '27f3a1a0-91da-11ee-a869-6e6a773b7536', '27f3a1a0-91da-11ee-a869-6e6a773b7536', NULL, NULL, 'formName', 'string', 1, '2023-12-26 15:38:14.086', NULL, NULL, NULL, 'LeaveForm', NULL);
INSERT INTO `act_hi_detail` VALUES ('bb356b81-a3c1-11ee-aaa2-6e6a773b7536', 'VariableUpdate', 'a3b0a08d-91af-11ee-9fdf-6e6a773b7536', 'a3b0a08d-91af-11ee-9fdf-6e6a773b7536', NULL, NULL, 'entity', 'json', 1, '2023-12-26 15:38:15.992', NULL, NULL, NULL, '{\"id\":\"1702564795787620354\",\"userId\":\"admin\",\"money\":23,\"loanDate\":\"2023-09-05T16:00:00.000+00:00\",\"createDate\":\"2023-09-15T06:07:34.000+00:00\",\"updateDate\":\"2023-09-15T06:07:34.000+00:00\",\"processInstanceId\":\"\",\"status\":0,\"statusStr\":\"已撤回\",\"createDateStr\":\"2023-09-15 14:07:34\",\"updateDateStr\":\"2023-09-15 14:07:34\",\"loanDateStr\":\"2023-09-06\"}', 'java.util.LinkedHashMap');
INSERT INTO `act_hi_detail` VALUES ('bb359292-a3c1-11ee-aaa2-6e6a773b7536', 'VariableUpdate', 'a3b0a08d-91af-11ee-9fdf-6e6a773b7536', 'a3b0a08d-91af-11ee-9fdf-6e6a773b7536', NULL, NULL, 'formName', 'string', 1, '2023-12-26 15:38:15.993', NULL, NULL, NULL, 'LoanForm', NULL);
INSERT INTO `act_hi_detail` VALUES ('bccd70a5-a3c1-11ee-aaa2-6e6a773b7536', 'VariableUpdate', '18eb947a-5ad5-11ee-bbd0-6e6a773b7536', '18eb947a-5ad5-11ee-bbd0-6e6a773b7536', NULL, NULL, 'entity', 'json', 1, '2023-12-26 15:38:18.666', NULL, NULL, NULL, '{\"id\":\"1702314547039215617\",\"username\":\"admin\",\"leaveType\":1,\"title\":\"测试3\",\"leaveReason\":\"121212\",\"startDate\":\"2023-09-13T16:00:00.000+00:00\",\"endDate\":\"2023-10-16T15:59:59.000+00:00\",\"duration\":33,\"createDate\":\"2023-09-14T13:33:10.000+00:00\",\"updateDate\":\"2023-09-14T13:33:40.000+00:00\",\"processInstanceId\":\"\",\"status\":0,\"endDateStr\":\"2023-10-16 23:59:59\",\"leaveTypeStr\":\"病假\",\"startDateStr\":\"2023-09-14 00:00:00\",\"updateDateStr\":\"2023-09-14 21:33:40\",\"createDateStr\":\"2023-09-14 21:33:10\",\"statusStr\":\"已撤回\"}', 'java.util.LinkedHashMap');
INSERT INTO `act_hi_detail` VALUES ('bccdbec6-a3c1-11ee-aaa2-6e6a773b7536', 'VariableUpdate', '18eb947a-5ad5-11ee-bbd0-6e6a773b7536', '18eb947a-5ad5-11ee-bbd0-6e6a773b7536', NULL, NULL, 'formName', 'string', 1, '2023-12-26 15:38:18.668', NULL, NULL, NULL, 'LeaveForm', NULL);
INSERT INTO `act_hi_detail` VALUES ('bccef74a-a3c1-11ee-aaa2-6e6a773b7536', 'VariableUpdate', '18eb947a-5ad5-11ee-bbd0-6e6a773b7536', '18ecf410-5ad5-11ee-bbd0-6e6a773b7536', 'bcce8218-a3c1-11ee-aaa2-6e6a773b7536', NULL, 'formName', 'string', 0, '2023-12-26 15:38:18.676', NULL, NULL, NULL, 'LeaveForm', NULL);
INSERT INTO `act_hi_detail` VALUES ('bccef74c-a3c1-11ee-aaa2-6e6a773b7536', 'VariableUpdate', '18eb947a-5ad5-11ee-bbd0-6e6a773b7536', '18ecf410-5ad5-11ee-bbd0-6e6a773b7536', 'bcce8218-a3c1-11ee-aaa2-6e6a773b7536', NULL, 'entity', 'json', 0, '2023-12-26 15:38:18.676', NULL, NULL, NULL, '{\"id\":\"1702314547039215617\",\"username\":\"admin\",\"leaveType\":1,\"title\":\"测试3\",\"leaveReason\":\"121212\",\"startDate\":\"2023-09-13T16:00:00.000+00:00\",\"endDate\":\"2023-10-16T15:59:59.000+00:00\",\"duration\":33,\"createDate\":\"2023-09-14T13:33:10.000+00:00\",\"updateDate\":\"2023-09-14T13:33:40.000+00:00\",\"processInstanceId\":\"\",\"status\":0,\"endDateStr\":\"2023-10-16 23:59:59\",\"leaveTypeStr\":\"病假\",\"startDateStr\":\"2023-09-14 00:00:00\",\"updateDateStr\":\"2023-09-14 21:33:40\",\"createDateStr\":\"2023-09-14 21:33:10\",\"statusStr\":\"已撤回\"}', 'java.util.LinkedHashMap');
INSERT INTO `act_hi_detail` VALUES ('c744b31b-33c7-11ed-86cc-283a4d3b4979', 'VariableUpdate', 'c7443de8-33c7-11ed-86cc-283a4d3b4979', 'c7443de8-33c7-11ed-86cc-283a4d3b4979', NULL, NULL, 'entity', 'json', 0, '2022-09-14 08:54:25.303', NULL, NULL, NULL, '{\"id\":\"1568112800827052034\",\"username\":\"admin\",\"leaveType\":2,\"title\":\"事假23\",\"leaveReason\":\"43254\",\"startDate\":\"2022-09-08T16:00:00.000+00:00\",\"endDate\":\"2022-09-16T15:59:59.000+00:00\",\"duration\":8,\"principal\":\"34\",\"contactPhone\":\"12\",\"createDate\":\"2022-09-09T05:43:20.000+00:00\",\"updateDate\":\"2022-09-09T05:43:20.000+00:00\",\"processInstanceId\":\"\",\"status\":0,\"endDateStr\":\"2022-09-16 23:59:59\",\"statusStr\":\"已撤回\",\"startDateStr\":\"2022-09-09 00:00:00\",\"createDateStr\":\"2022-09-09 13:43:20\",\"updateDateStr\":\"2022-09-09 13:43:20\",\"leaveTypeStr\":\"事假\"}', 'java.util.LinkedHashMap');
INSERT INTO `act_hi_detail` VALUES ('c745013d-33c7-11ed-86cc-283a4d3b4979', 'VariableUpdate', 'c7443de8-33c7-11ed-86cc-283a4d3b4979', 'c7443de8-33c7-11ed-86cc-283a4d3b4979', NULL, NULL, 'formName', 'string', 0, '2022-09-14 08:54:25.305', NULL, NULL, NULL, 'LeaveForm', NULL);
INSERT INTO `act_hi_detail` VALUES ('c749bc33-33c7-11ed-86cc-283a4d3b4979', 'VariableUpdate', 'c7443de8-33c7-11ed-86cc-283a4d3b4979', 'c745013e-33c7-11ed-86cc-283a4d3b4979', 'c7491ff1-33c7-11ed-86cc-283a4d3b4979', NULL, 'formName', 'string', 0, '2022-09-14 08:54:25.336', NULL, NULL, NULL, 'LeaveForm', NULL);
INSERT INTO `act_hi_detail` VALUES ('c749bc35-33c7-11ed-86cc-283a4d3b4979', 'VariableUpdate', 'c7443de8-33c7-11ed-86cc-283a4d3b4979', 'c745013e-33c7-11ed-86cc-283a4d3b4979', 'c7491ff1-33c7-11ed-86cc-283a4d3b4979', NULL, 'entity', 'json', 0, '2022-09-14 08:54:25.336', NULL, NULL, NULL, '{\"id\":\"1568112800827052034\",\"username\":\"admin\",\"leaveType\":2,\"title\":\"事假23\",\"leaveReason\":\"43254\",\"startDate\":\"2022-09-08T16:00:00.000+00:00\",\"endDate\":\"2022-09-16T15:59:59.000+00:00\",\"duration\":8,\"principal\":\"34\",\"contactPhone\":\"12\",\"createDate\":\"2022-09-09T05:43:20.000+00:00\",\"updateDate\":\"2022-09-09T05:43:20.000+00:00\",\"processInstanceId\":\"\",\"status\":0,\"endDateStr\":\"2022-09-16 23:59:59\",\"statusStr\":\"已撤回\",\"startDateStr\":\"2022-09-09 00:00:00\",\"createDateStr\":\"2022-09-09 13:43:20\",\"updateDateStr\":\"2022-09-09 13:43:20\",\"leaveTypeStr\":\"事假\"}', 'java.util.LinkedHashMap');
INSERT INTO `act_hi_detail` VALUES ('cdbb6486-a3f1-11ee-98e3-6e6a773b7536', 'VariableUpdate', 'cdb8f383-a3f1-11ee-98e3-6e6a773b7536', 'cdb8f383-a3f1-11ee-98e3-6e6a773b7536', NULL, NULL, 'entity', 'json', 0, '2023-12-26 21:22:22.912', NULL, NULL, NULL, '{\"id\":\"1739637764573372418\",\"name\":\"高等数学\",\"tchId\":\"zhangsan\",\"nick_name\":\"张三\",\"time\":\"1-8周 周三 9:40-11:50\",\"room\":\"C4-116\",\"classId\":\"202003203\",\"class_name\":\"20网安3班\",\"createDate\":\"2023-12-26T13:22:18.000+00:00\",\"updateDate\":\"2023-12-26T13:22:18.000+00:00\",\"status\":1,\"createDateStr\":\"2023-12-26 21:22:18\",\"updateDateStr\":\"2023-12-26 21:22:18\",\"statusStr\":\"待提交\"}', 'java.util.LinkedHashMap');
INSERT INTO `act_hi_detail` VALUES ('cdbc27d8-a3f1-11ee-98e3-6e6a773b7536', 'VariableUpdate', 'cdb8f383-a3f1-11ee-98e3-6e6a773b7536', 'cdb8f383-a3f1-11ee-98e3-6e6a773b7536', NULL, NULL, 'formName', 'string', 0, '2023-12-26 21:22:22.917', NULL, NULL, NULL, 'courseManagerForm', NULL);
INSERT INTO `act_hi_detail` VALUES ('cdc5017e-a3f1-11ee-98e3-6e6a773b7536', 'VariableUpdate', 'cdb8f383-a3f1-11ee-98e3-6e6a773b7536', 'cdbc4ee9-a3f1-11ee-98e3-6e6a773b7536', 'cdc3c8fc-a3f1-11ee-98e3-6e6a773b7536', NULL, 'formName', 'string', 0, '2023-12-26 21:22:22.975', NULL, NULL, NULL, 'courseManagerForm', NULL);
INSERT INTO `act_hi_detail` VALUES ('cdc50180-a3f1-11ee-98e3-6e6a773b7536', 'VariableUpdate', 'cdb8f383-a3f1-11ee-98e3-6e6a773b7536', 'cdbc4ee9-a3f1-11ee-98e3-6e6a773b7536', 'cdc3c8fc-a3f1-11ee-98e3-6e6a773b7536', NULL, 'entity', 'json', 0, '2023-12-26 21:22:22.975', NULL, NULL, NULL, '{\"id\":\"1739637764573372418\",\"name\":\"高等数学\",\"tchId\":\"zhangsan\",\"nick_name\":\"张三\",\"time\":\"1-8周 周三 9:40-11:50\",\"room\":\"C4-116\",\"classId\":\"202003203\",\"class_name\":\"20网安3班\",\"createDate\":\"2023-12-26T13:22:18.000+00:00\",\"updateDate\":\"2023-12-26T13:22:18.000+00:00\",\"status\":1,\"createDateStr\":\"2023-12-26 21:22:18\",\"updateDateStr\":\"2023-12-26 21:22:18\",\"statusStr\":\"待提交\"}', 'java.util.LinkedHashMap');
INSERT INTO `act_hi_detail` VALUES ('cdc83f6f-6c20-11ee-a512-6e6a773b7536', 'VariableUpdate', '18eb947a-5ad5-11ee-bbd0-6e6a773b7536', '18eb947a-5ad5-11ee-bbd0-6e6a773b7536', NULL, NULL, 'entity', 'json', 1, '2023-10-16 20:37:44.227', NULL, NULL, NULL, '{\"id\":\"1702314547039215617\",\"username\":\"admin\",\"leaveType\":1,\"title\":\"测试3\",\"leaveReason\":\"121212\",\"startDate\":\"2023-09-13T16:00:00.000+00:00\",\"endDate\":\"2023-10-16T15:59:59.000+00:00\",\"duration\":33,\"createDate\":\"2023-09-14T13:33:10.000+00:00\",\"updateDate\":\"2023-09-14T13:33:40.000+00:00\",\"processInstanceId\":\"\",\"status\":0,\"endDateStr\":\"2023-10-16 23:59:59\",\"leaveTypeStr\":\"病假\",\"startDateStr\":\"2023-09-14 00:00:00\",\"updateDateStr\":\"2023-09-14 21:33:40\",\"createDateStr\":\"2023-09-14 21:33:10\",\"statusStr\":\"已撤回\"}', 'java.util.LinkedHashMap');
INSERT INTO `act_hi_detail` VALUES ('cdc88d90-6c20-11ee-a512-6e6a773b7536', 'VariableUpdate', '18eb947a-5ad5-11ee-bbd0-6e6a773b7536', '18eb947a-5ad5-11ee-bbd0-6e6a773b7536', NULL, NULL, 'formName', 'string', 1, '2023-10-16 20:37:44.229', NULL, NULL, NULL, 'LeaveForm', NULL);
INSERT INTO `act_hi_detail` VALUES ('cdc929d4-6c20-11ee-a512-6e6a773b7536', 'VariableUpdate', '18eb947a-5ad5-11ee-bbd0-6e6a773b7536', '18ecf410-5ad5-11ee-bbd0-6e6a773b7536', 'cdc8dbb2-6c20-11ee-a512-6e6a773b7536', NULL, 'formName', 'string', 0, '2023-10-16 20:37:44.233', NULL, NULL, NULL, 'LeaveForm', NULL);
INSERT INTO `act_hi_detail` VALUES ('cdc929d6-6c20-11ee-a512-6e6a773b7536', 'VariableUpdate', '18eb947a-5ad5-11ee-bbd0-6e6a773b7536', '18ecf410-5ad5-11ee-bbd0-6e6a773b7536', 'cdc8dbb2-6c20-11ee-a512-6e6a773b7536', NULL, 'entity', 'json', 0, '2023-10-16 20:37:44.233', NULL, NULL, NULL, '{\"id\":\"1702314547039215617\",\"username\":\"admin\",\"leaveType\":1,\"title\":\"测试3\",\"leaveReason\":\"121212\",\"startDate\":\"2023-09-13T16:00:00.000+00:00\",\"endDate\":\"2023-10-16T15:59:59.000+00:00\",\"duration\":33,\"createDate\":\"2023-09-14T13:33:10.000+00:00\",\"updateDate\":\"2023-09-14T13:33:40.000+00:00\",\"processInstanceId\":\"\",\"status\":0,\"endDateStr\":\"2023-10-16 23:59:59\",\"leaveTypeStr\":\"病假\",\"startDateStr\":\"2023-09-14 00:00:00\",\"updateDateStr\":\"2023-09-14 21:33:40\",\"createDateStr\":\"2023-09-14 21:33:10\",\"statusStr\":\"已撤回\"}', 'java.util.LinkedHashMap');
INSERT INTO `act_hi_detail` VALUES ('d07937d5-a320-11ee-ade9-6e6a773b7536', 'VariableUpdate', 'd077ff52-a320-11ee-ade9-6e6a773b7536', 'd077ff52-a320-11ee-ade9-6e6a773b7536', NULL, NULL, 'entity', 'json', 0, '2023-12-25 20:26:22.694', NULL, NULL, NULL, '{\"id\":\"1738962708247666690\",\"name\":\"计算机网络\",\"tchId\":\"zhangsan\",\"nick_name\":\"张三\",\"time\":\"1-8周 周四 9:40-11:50\",\"room\":\"C4-216\",\"classId\":\"202003101\",\"class_name\":\"20计科1班\",\"createDate\":\"2023-12-24T16:39:52.000+00:00\",\"updateDate\":\"2023-12-24T16:39:52.000+00:00\",\"status\":1,\"updateDateStr\":\"2023-12-25 00:39:52\",\"createDateStr\":\"2023-12-25 00:39:52\",\"statusStr\":\"待提交\"}', 'java.util.LinkedHashMap');
INSERT INTO `act_hi_detail` VALUES ('d079ad07-a320-11ee-ade9-6e6a773b7536', 'VariableUpdate', 'd077ff52-a320-11ee-ade9-6e6a773b7536', 'd077ff52-a320-11ee-ade9-6e6a773b7536', NULL, NULL, 'formName', 'string', 0, '2023-12-25 20:26:22.698', NULL, NULL, NULL, 'courseManagerForm', NULL);
INSERT INTO `act_hi_detail` VALUES ('d080b1ed-a320-11ee-ade9-6e6a773b7536', 'VariableUpdate', 'd077ff52-a320-11ee-ade9-6e6a773b7536', 'd079d418-a320-11ee-ade9-6e6a773b7536', 'd07f796b-a320-11ee-ade9-6e6a773b7536', NULL, 'formName', 'string', 0, '2023-12-25 20:26:22.744', NULL, NULL, NULL, 'courseManagerForm', NULL);
INSERT INTO `act_hi_detail` VALUES ('d080d8ff-a320-11ee-ade9-6e6a773b7536', 'VariableUpdate', 'd077ff52-a320-11ee-ade9-6e6a773b7536', 'd079d418-a320-11ee-ade9-6e6a773b7536', 'd07f796b-a320-11ee-ade9-6e6a773b7536', NULL, 'entity', 'json', 0, '2023-12-25 20:26:22.745', NULL, NULL, NULL, '{\"id\":\"1738962708247666690\",\"name\":\"计算机网络\",\"tchId\":\"zhangsan\",\"nick_name\":\"张三\",\"time\":\"1-8周 周四 9:40-11:50\",\"room\":\"C4-216\",\"classId\":\"202003101\",\"class_name\":\"20计科1班\",\"createDate\":\"2023-12-24T16:39:52.000+00:00\",\"updateDate\":\"2023-12-24T16:39:52.000+00:00\",\"status\":1,\"updateDateStr\":\"2023-12-25 00:39:52\",\"createDateStr\":\"2023-12-25 00:39:52\",\"statusStr\":\"待提交\"}', 'java.util.LinkedHashMap');
INSERT INTO `act_hi_detail` VALUES ('d17b02c5-a343-11ee-ade9-6e6a773b7536', 'VariableUpdate', 'd17adbb2-a343-11ee-ade9-6e6a773b7536', 'd17adbb2-a343-11ee-ade9-6e6a773b7536', NULL, NULL, 'entity', 'json', 0, '2023-12-26 00:36:56.770', NULL, NULL, NULL, '{\"id\":\"1739324325053382658\",\"name\":\"xuesheng11\",\"course_name\":\"创新思维训练\",\"teacher_nick_name\":\"张三\",\"time\":\"1-8周 周三 9:40-11:50\",\"reason\":\"请假\",\"createDate\":\"2023-12-25T16:36:49.000+00:00\",\"status\":1,\"createDateStr\":\"2023-12-26 00:36:49\",\"statusStr\":\"待提交\"}', 'java.util.LinkedHashMap');
INSERT INTO `act_hi_detail` VALUES ('d17b02c7-a343-11ee-ade9-6e6a773b7536', 'VariableUpdate', 'd17adbb2-a343-11ee-ade9-6e6a773b7536', 'd17adbb2-a343-11ee-ade9-6e6a773b7536', NULL, NULL, 'formName', 'string', 0, '2023-12-26 00:36:56.770', NULL, NULL, NULL, 'StudentLeaveForm', NULL);
INSERT INTO `act_hi_detail` VALUES ('d17b50ed-a343-11ee-ade9-6e6a773b7536', 'VariableUpdate', 'd17adbb2-a343-11ee-ade9-6e6a773b7536', 'd17b02c8-a343-11ee-ade9-6e6a773b7536', 'd17b29db-a343-11ee-ade9-6e6a773b7536', NULL, 'formName', 'string', 0, '2023-12-26 00:36:56.772', NULL, NULL, NULL, 'StudentLeaveForm', NULL);
INSERT INTO `act_hi_detail` VALUES ('d17b50ef-a343-11ee-ade9-6e6a773b7536', 'VariableUpdate', 'd17adbb2-a343-11ee-ade9-6e6a773b7536', 'd17b02c8-a343-11ee-ade9-6e6a773b7536', 'd17b29db-a343-11ee-ade9-6e6a773b7536', NULL, 'entity', 'json', 0, '2023-12-26 00:36:56.772', NULL, NULL, NULL, '{\"id\":\"1739324325053382658\",\"name\":\"xuesheng11\",\"course_name\":\"创新思维训练\",\"teacher_nick_name\":\"张三\",\"time\":\"1-8周 周三 9:40-11:50\",\"reason\":\"请假\",\"createDate\":\"2023-12-25T16:36:49.000+00:00\",\"status\":1,\"createDateStr\":\"2023-12-26 00:36:49\",\"statusStr\":\"待提交\"}', 'java.util.LinkedHashMap');
INSERT INTO `act_hi_detail` VALUES ('d7e6bfbb-332a-11ed-be56-283a4d3b4979', 'VariableUpdate', '029458f3-32fb-11ed-9c60-283a4d3b4979', '029458f3-32fb-11ed-9c60-283a4d3b4979', NULL, NULL, 'entity', 'json', 1, '2022-09-13 14:11:02.222', NULL, NULL, NULL, '{\"id\":\"1569483068132782082\",\"username\":\"admin\",\"leaveType\":2,\"title\":\"事假123\",\"leaveReason\":\"事假123\",\"startDate\":\"2022-09-12T16:00:00.000+00:00\",\"endDate\":\"2022-09-23T15:59:59.000+00:00\",\"duration\":11,\"principal\":\"2\",\"contactPhone\":\"1\",\"createDate\":\"2022-09-13T00:28:17.000+00:00\",\"updateDate\":\"2022-09-13T00:28:17.000+00:00\",\"status\":1,\"statusStr\":\"待提交\",\"startDateStr\":\"2022-09-13 00:00:00\",\"endDateStr\":\"2022-09-23 23:59:59\",\"createDateStr\":\"2022-09-13 08:28:17\",\"leaveTypeStr\":\"事假\",\"updateDateStr\":\"2022-09-13 08:28:17\"}', 'java.util.LinkedHashMap');
INSERT INTO `act_hi_detail` VALUES ('d7e734ec-332a-11ed-be56-283a4d3b4979', 'VariableUpdate', '029458f3-32fb-11ed-9c60-283a4d3b4979', '029458f3-32fb-11ed-9c60-283a4d3b4979', NULL, NULL, 'formName', 'string', 1, '2022-09-13 14:11:02.225', NULL, NULL, NULL, 'LeaveForm', NULL);
INSERT INTO `act_hi_detail` VALUES ('d7ebefe0-332a-11ed-be56-283a4d3b4979', 'VariableUpdate', '029458f3-32fb-11ed-9c60-283a4d3b4979', '02951c49-32fb-11ed-9c60-283a4d3b4979', 'd7eb539e-332a-11ed-be56-283a4d3b4979', NULL, 'formName', 'string', 0, '2022-09-13 14:11:02.256', NULL, NULL, NULL, 'LeaveForm', NULL);
INSERT INTO `act_hi_detail` VALUES ('d7ec3e02-332a-11ed-be56-283a4d3b4979', 'VariableUpdate', '029458f3-32fb-11ed-9c60-283a4d3b4979', '02951c49-32fb-11ed-9c60-283a4d3b4979', 'd7eb539e-332a-11ed-be56-283a4d3b4979', NULL, 'entity', 'json', 0, '2022-09-13 14:11:02.258', NULL, NULL, NULL, '{\"id\":\"1569483068132782082\",\"username\":\"admin\",\"leaveType\":2,\"title\":\"事假123\",\"leaveReason\":\"事假123\",\"startDate\":\"2022-09-12T16:00:00.000+00:00\",\"endDate\":\"2022-09-23T15:59:59.000+00:00\",\"duration\":11,\"principal\":\"2\",\"contactPhone\":\"1\",\"createDate\":\"2022-09-13T00:28:17.000+00:00\",\"updateDate\":\"2022-09-13T00:28:17.000+00:00\",\"status\":1,\"statusStr\":\"待提交\",\"startDateStr\":\"2022-09-13 00:00:00\",\"endDateStr\":\"2022-09-23 23:59:59\",\"createDateStr\":\"2022-09-13 08:28:17\",\"leaveTypeStr\":\"事假\",\"updateDateStr\":\"2022-09-13 08:28:17\"}', 'java.util.LinkedHashMap');
INSERT INTO `act_hi_detail` VALUES ('da24d355-a294-11ee-b602-6e6a773b7536', 'VariableUpdate', '9b1fb9b1-9fd2-11ee-9ff6-6e6a773b7536', '9b1fb9b1-9fd2-11ee-9ff6-6e6a773b7536', NULL, NULL, 'entity', 'json', 1, '2023-12-25 03:44:29.377', NULL, NULL, NULL, '{\"id\":\"2\",\"name\":\"线性代数\",\"tchId\":\"zhangsan\",\"nick_name\":\"张三\",\"time\":\"1-8周 周三 8:00-9:25\",\"room\":\"C4-116\",\"classId\":\"202003102\",\"class_name\":\"20计科2班\",\"createDate\":\"2023-12-17T00:11:35.000+00:00\",\"updateDate\":\"2023-12-21T07:28:56.000+00:00\",\"processInstanceId\":\"\",\"status\":0,\"createDateStr\":\"2023-12-17 08:11:35\",\"updateDateStr\":\"2023-12-21 15:28:56\",\"statusStr\":\"已撤回\"}', 'java.util.LinkedHashMap');
INSERT INTO `act_hi_detail` VALUES ('da252176-a294-11ee-b602-6e6a773b7536', 'VariableUpdate', '9b1fb9b1-9fd2-11ee-9ff6-6e6a773b7536', '9b1fb9b1-9fd2-11ee-9ff6-6e6a773b7536', NULL, NULL, 'formName', 'string', 1, '2023-12-25 03:44:29.379', NULL, NULL, NULL, 'courseManagerForm', NULL);
INSERT INTO `act_hi_detail` VALUES ('da7b1693-a343-11ee-ade9-6e6a773b7536', 'VariableUpdate', 'd17adbb2-a343-11ee-ade9-6e6a773b7536', 'd17adbb2-a343-11ee-ade9-6e6a773b7536', NULL, NULL, 'entity', 'json', 1, '2023-12-26 00:37:11.870', NULL, NULL, NULL, '{\"id\":\"1739324325053382658\",\"name\":\"xuesheng11\",\"course_name\":\"创新思维训练\",\"teacher_nick_name\":\"张三\",\"time\":\"1-8周 周三 9:40-11:50\",\"reason\":\"请假\",\"createDate\":\"2023-12-25T16:36:49.000+00:00\",\"status\":1,\"createDateStr\":\"2023-12-26 00:36:49\",\"statusStr\":\"待提交\"}', 'java.util.LinkedHashMap');
INSERT INTO `act_hi_detail` VALUES ('da7b64b4-a343-11ee-ade9-6e6a773b7536', 'VariableUpdate', 'd17adbb2-a343-11ee-ade9-6e6a773b7536', 'd17adbb2-a343-11ee-ade9-6e6a773b7536', NULL, NULL, 'formName', 'string', 1, '2023-12-26 00:37:11.872', NULL, NULL, NULL, 'StudentLeaveForm', NULL);
INSERT INTO `act_hi_detail` VALUES ('e01cdb3b-533a-11ee-863f-6e6a773b7536', 'VariableUpdate', 'b98a3e96-34a0-11ed-a5e5-283a4d3b4979', 'b98a3e96-34a0-11ed-a5e5-283a4d3b4979', NULL, NULL, 'entity', 'json', 1, '2023-09-15 04:11:22.826', NULL, NULL, NULL, '{\"id\":\"1567777623949111297\",\"username\":\"admin\",\"leaveType\":2,\"title\":\"12345\",\"leaveReason\":\"4567\",\"startDate\":\"2022-09-07T16:00:00.000+00:00\",\"endDate\":\"2022-09-16T15:59:59.000+00:00\",\"duration\":9,\"principal\":\"2\",\"contactPhone\":\"1\",\"createDate\":\"2022-09-08T07:31:28.000+00:00\",\"updateDate\":\"2022-09-08T07:31:28.000+00:00\",\"processInstanceId\":\"\",\"status\":0,\"createDateStr\":\"2022-09-08 15:31:28\",\"leaveTypeStr\":\"事假\",\"startDateStr\":\"2022-09-08 00:00:00\",\"statusStr\":\"已撤回\",\"endDateStr\":\"2022-09-16 23:59:59\",\"updateDateStr\":\"2022-09-08 15:31:28\"}', 'java.util.LinkedHashMap');
INSERT INTO `act_hi_detail` VALUES ('e01d024c-533a-11ee-863f-6e6a773b7536', 'VariableUpdate', 'b98a3e96-34a0-11ed-a5e5-283a4d3b4979', 'b98a3e96-34a0-11ed-a5e5-283a4d3b4979', NULL, NULL, 'formName', 'string', 1, '2023-09-15 04:11:22.827', NULL, NULL, NULL, 'LeaveForm', NULL);
INSERT INTO `act_hi_detail` VALUES ('e63f0549-a343-11ee-ade9-6e6a773b7536', 'VariableUpdate', 'e63f0546-a343-11ee-ade9-6e6a773b7536', 'e63f0546-a343-11ee-ade9-6e6a773b7536', NULL, NULL, 'entity', 'json', 0, '2023-12-26 00:37:31.609', NULL, NULL, NULL, '{\"id\":\"11\",\"name\":\"xuesheng11\",\"course_name\":\"高等数学\",\"teacher_nick_name\":\"张三\",\"time\":\"9-16周 周四 9:40-11:50\",\"reason\":\"头痛\",\"createDate\":\"2023-12-16T23:49:28.000+00:00\",\"status\":1,\"createDateStr\":\"2023-12-17 07:49:28\",\"statusStr\":\"待提交\"}', 'java.util.LinkedHashMap');
INSERT INTO `act_hi_detail` VALUES ('e63f054b-a343-11ee-ade9-6e6a773b7536', 'VariableUpdate', 'e63f0546-a343-11ee-ade9-6e6a773b7536', 'e63f0546-a343-11ee-ade9-6e6a773b7536', NULL, NULL, 'formName', 'string', 0, '2023-12-26 00:37:31.609', NULL, NULL, NULL, 'StudentLeaveForm', NULL);
INSERT INTO `act_hi_detail` VALUES ('e63f5371-a343-11ee-ade9-6e6a773b7536', 'VariableUpdate', 'e63f0546-a343-11ee-ade9-6e6a773b7536', 'e63f054c-a343-11ee-ade9-6e6a773b7536', 'e63f2c5f-a343-11ee-ade9-6e6a773b7536', NULL, 'formName', 'string', 0, '2023-12-26 00:37:31.611', NULL, NULL, NULL, 'StudentLeaveForm', NULL);
INSERT INTO `act_hi_detail` VALUES ('e63f5373-a343-11ee-ade9-6e6a773b7536', 'VariableUpdate', 'e63f0546-a343-11ee-ade9-6e6a773b7536', 'e63f054c-a343-11ee-ade9-6e6a773b7536', 'e63f2c5f-a343-11ee-ade9-6e6a773b7536', NULL, 'entity', 'json', 0, '2023-12-26 00:37:31.611', NULL, NULL, NULL, '{\"id\":\"11\",\"name\":\"xuesheng11\",\"course_name\":\"高等数学\",\"teacher_nick_name\":\"张三\",\"time\":\"9-16周 周四 9:40-11:50\",\"reason\":\"头痛\",\"createDate\":\"2023-12-16T23:49:28.000+00:00\",\"status\":1,\"createDateStr\":\"2023-12-17 07:49:28\",\"statusStr\":\"待提交\"}', 'java.util.LinkedHashMap');
INSERT INTO `act_hi_detail` VALUES ('e8cd7867-a343-11ee-ade9-6e6a773b7536', 'VariableUpdate', 'e63f0546-a343-11ee-ade9-6e6a773b7536', 'e63f0546-a343-11ee-ade9-6e6a773b7536', NULL, NULL, 'entity', 'json', 1, '2023-12-26 00:37:35.898', NULL, NULL, NULL, '{\"id\":\"11\",\"name\":\"xuesheng11\",\"course_name\":\"高等数学\",\"teacher_nick_name\":\"张三\",\"time\":\"9-16周 周四 9:40-11:50\",\"reason\":\"头痛\",\"createDate\":\"2023-12-16T23:49:28.000+00:00\",\"status\":1,\"createDateStr\":\"2023-12-17 07:49:28\",\"statusStr\":\"待提交\"}', 'java.util.LinkedHashMap');
INSERT INTO `act_hi_detail` VALUES ('e8cd9f78-a343-11ee-ade9-6e6a773b7536', 'VariableUpdate', 'e63f0546-a343-11ee-ade9-6e6a773b7536', 'e63f0546-a343-11ee-ade9-6e6a773b7536', NULL, NULL, 'formName', 'string', 1, '2023-12-26 00:37:35.899', NULL, NULL, NULL, 'StudentLeaveForm', NULL);
INSERT INTO `act_hi_detail` VALUES ('eabe4da6-a3f1-11ee-98e3-6e6a773b7536', 'VariableUpdate', 'eabe4da3-a3f1-11ee-98e3-6e6a773b7536', 'eabe4da3-a3f1-11ee-98e3-6e6a773b7536', NULL, NULL, 'entity', 'json', 0, '2023-12-26 21:23:11.585', NULL, NULL, NULL, '{\"id\":\"1739637963047837698\",\"name\":\"高等数学\",\"tchId\":\"zhangsan\",\"nick_name\":\"张三\",\"time\":\"9-16周 周四 9:40-11:50\",\"room\":\"C4-116\",\"classId\":\"202003203\",\"class_name\":\"20网安3班\",\"createDate\":\"2023-12-26T13:23:05.000+00:00\",\"updateDate\":\"2023-12-26T13:23:05.000+00:00\",\"status\":1,\"createDateStr\":\"2023-12-26 21:23:05\",\"updateDateStr\":\"2023-12-26 21:23:05\",\"statusStr\":\"待提交\"}', 'java.util.LinkedHashMap');
INSERT INTO `act_hi_detail` VALUES ('eabe4da8-a3f1-11ee-98e3-6e6a773b7536', 'VariableUpdate', 'eabe4da3-a3f1-11ee-98e3-6e6a773b7536', 'eabe4da3-a3f1-11ee-98e3-6e6a773b7536', NULL, NULL, 'formName', 'string', 0, '2023-12-26 21:23:11.585', NULL, NULL, NULL, 'courseManagerForm', NULL);
INSERT INTO `act_hi_detail` VALUES ('eabec2de-a3f1-11ee-98e3-6e6a773b7536', 'VariableUpdate', 'eabe4da3-a3f1-11ee-98e3-6e6a773b7536', 'eabe4da9-a3f1-11ee-98e3-6e6a773b7536', 'eabe74bc-a3f1-11ee-98e3-6e6a773b7536', NULL, 'formName', 'string', 0, '2023-12-26 21:23:11.588', NULL, NULL, NULL, 'courseManagerForm', NULL);
INSERT INTO `act_hi_detail` VALUES ('eabec2e0-a3f1-11ee-98e3-6e6a773b7536', 'VariableUpdate', 'eabe4da3-a3f1-11ee-98e3-6e6a773b7536', 'eabe4da9-a3f1-11ee-98e3-6e6a773b7536', 'eabe74bc-a3f1-11ee-98e3-6e6a773b7536', NULL, 'entity', 'json', 0, '2023-12-26 21:23:11.588', NULL, NULL, NULL, '{\"id\":\"1739637963047837698\",\"name\":\"高等数学\",\"tchId\":\"zhangsan\",\"nick_name\":\"张三\",\"time\":\"9-16周 周四 9:40-11:50\",\"room\":\"C4-116\",\"classId\":\"202003203\",\"class_name\":\"20网安3班\",\"createDate\":\"2023-12-26T13:23:05.000+00:00\",\"updateDate\":\"2023-12-26T13:23:05.000+00:00\",\"status\":1,\"createDateStr\":\"2023-12-26 21:23:05\",\"updateDateStr\":\"2023-12-26 21:23:05\",\"statusStr\":\"待提交\"}', 'java.util.LinkedHashMap');
INSERT INTO `act_hi_detail` VALUES ('f4045920-3327-11ed-8143-283a4d3b4979', 'VariableUpdate', '029458f3-32fb-11ed-9c60-283a4d3b4979', '029458f3-32fb-11ed-9c60-283a4d3b4979', NULL, NULL, 'entity', 'json', 1, '2022-09-13 13:50:20.902', NULL, NULL, NULL, '{\"id\":\"1569483068132782082\",\"username\":\"admin\",\"leaveType\":2,\"title\":\"事假123\",\"leaveReason\":\"事假123\",\"startDate\":\"2022-09-12T16:00:00.000+00:00\",\"endDate\":\"2022-09-23T15:59:59.000+00:00\",\"duration\":11,\"principal\":\"2\",\"contactPhone\":\"1\",\"createDate\":\"2022-09-13T00:28:17.000+00:00\",\"updateDate\":\"2022-09-13T00:28:17.000+00:00\",\"status\":1,\"statusStr\":\"待提交\",\"startDateStr\":\"2022-09-13 00:00:00\",\"endDateStr\":\"2022-09-23 23:59:59\",\"createDateStr\":\"2022-09-13 08:28:17\",\"leaveTypeStr\":\"事假\",\"updateDateStr\":\"2022-09-13 08:28:17\"}', 'java.util.LinkedHashMap');
INSERT INTO `act_hi_detail` VALUES ('f404f561-3327-11ed-8143-283a4d3b4979', 'VariableUpdate', '029458f3-32fb-11ed-9c60-283a4d3b4979', '029458f3-32fb-11ed-9c60-283a4d3b4979', NULL, NULL, 'formName', 'string', 1, '2022-09-13 13:50:20.906', NULL, NULL, NULL, 'LeaveForm', NULL);
INSERT INTO `act_hi_detail` VALUES ('f4096235-3327-11ed-8143-283a4d3b4979', 'VariableUpdate', '029458f3-32fb-11ed-9c60-283a4d3b4979', '02951c49-32fb-11ed-9c60-283a4d3b4979', 'f408c5f3-3327-11ed-8143-283a4d3b4979', NULL, 'formName', 'string', 0, '2022-09-13 13:50:20.935', NULL, NULL, NULL, 'LeaveForm', NULL);
INSERT INTO `act_hi_detail` VALUES ('f4098947-3327-11ed-8143-283a4d3b4979', 'VariableUpdate', '029458f3-32fb-11ed-9c60-283a4d3b4979', '02951c49-32fb-11ed-9c60-283a4d3b4979', 'f408c5f3-3327-11ed-8143-283a4d3b4979', NULL, 'entity', 'json', 0, '2022-09-13 13:50:20.936', NULL, NULL, NULL, '{\"id\":\"1569483068132782082\",\"username\":\"admin\",\"leaveType\":2,\"title\":\"事假123\",\"leaveReason\":\"事假123\",\"startDate\":\"2022-09-12T16:00:00.000+00:00\",\"endDate\":\"2022-09-23T15:59:59.000+00:00\",\"duration\":11,\"principal\":\"2\",\"contactPhone\":\"1\",\"createDate\":\"2022-09-13T00:28:17.000+00:00\",\"updateDate\":\"2022-09-13T00:28:17.000+00:00\",\"status\":1,\"statusStr\":\"待提交\",\"startDateStr\":\"2022-09-13 00:00:00\",\"endDateStr\":\"2022-09-23 23:59:59\",\"createDateStr\":\"2022-09-13 08:28:17\",\"leaveTypeStr\":\"事假\",\"updateDateStr\":\"2022-09-13 08:28:17\"}', 'java.util.LinkedHashMap');
INSERT INTO `act_hi_detail` VALUES ('f5a2bfa5-332a-11ed-be56-283a4d3b4979', 'VariableUpdate', '029458f3-32fb-11ed-9c60-283a4d3b4979', '029458f3-32fb-11ed-9c60-283a4d3b4979', NULL, NULL, 'entity', 'json', 1, '2022-09-13 14:11:52.108', NULL, NULL, NULL, '{\"id\":\"1569483068132782082\",\"username\":\"admin\",\"leaveType\":2,\"title\":\"事假123\",\"leaveReason\":\"事假123\",\"startDate\":\"2022-09-12T16:00:00.000+00:00\",\"endDate\":\"2022-09-23T15:59:59.000+00:00\",\"duration\":11,\"principal\":\"2\",\"contactPhone\":\"1\",\"createDate\":\"2022-09-13T00:28:17.000+00:00\",\"updateDate\":\"2022-09-13T00:28:17.000+00:00\",\"status\":1,\"statusStr\":\"待提交\",\"startDateStr\":\"2022-09-13 00:00:00\",\"endDateStr\":\"2022-09-23 23:59:59\",\"createDateStr\":\"2022-09-13 08:28:17\",\"leaveTypeStr\":\"事假\",\"updateDateStr\":\"2022-09-13 08:28:17\"}', 'java.util.LinkedHashMap');
INSERT INTO `act_hi_detail` VALUES ('f5a2e6b6-332a-11ed-be56-283a4d3b4979', 'VariableUpdate', '029458f3-32fb-11ed-9c60-283a4d3b4979', '029458f3-32fb-11ed-9c60-283a4d3b4979', NULL, NULL, 'formName', 'string', 1, '2022-09-13 14:11:52.109', NULL, NULL, NULL, 'LeaveForm', NULL);
INSERT INTO `act_hi_detail` VALUES ('f5a3d11a-332a-11ed-be56-283a4d3b4979', 'VariableUpdate', '029458f3-32fb-11ed-9c60-283a4d3b4979', '02951c49-32fb-11ed-9c60-283a4d3b4979', 'f5a35be8-332a-11ed-be56-283a4d3b4979', NULL, 'formName', 'string', 0, '2022-09-13 14:11:52.115', NULL, NULL, NULL, 'LeaveForm', NULL);
INSERT INTO `act_hi_detail` VALUES ('f5a3d11c-332a-11ed-be56-283a4d3b4979', 'VariableUpdate', '029458f3-32fb-11ed-9c60-283a4d3b4979', '02951c49-32fb-11ed-9c60-283a4d3b4979', 'f5a35be8-332a-11ed-be56-283a4d3b4979', NULL, 'entity', 'json', 0, '2022-09-13 14:11:52.115', NULL, NULL, NULL, '{\"id\":\"1569483068132782082\",\"username\":\"admin\",\"leaveType\":2,\"title\":\"事假123\",\"leaveReason\":\"事假123\",\"startDate\":\"2022-09-12T16:00:00.000+00:00\",\"endDate\":\"2022-09-23T15:59:59.000+00:00\",\"duration\":11,\"principal\":\"2\",\"contactPhone\":\"1\",\"createDate\":\"2022-09-13T00:28:17.000+00:00\",\"updateDate\":\"2022-09-13T00:28:17.000+00:00\",\"status\":1,\"statusStr\":\"待提交\",\"startDateStr\":\"2022-09-13 00:00:00\",\"endDateStr\":\"2022-09-23 23:59:59\",\"createDateStr\":\"2022-09-13 08:28:17\",\"leaveTypeStr\":\"事假\",\"updateDateStr\":\"2022-09-13 08:28:17\"}', 'java.util.LinkedHashMap');
INSERT INTO `act_hi_detail` VALUES ('f5be5b2c-a3c2-11ee-aaa2-6e6a773b7536', 'VariableUpdate', 'f5be3419-a3c2-11ee-aaa2-6e6a773b7536', 'f5be3419-a3c2-11ee-aaa2-6e6a773b7536', NULL, NULL, 'entity', 'json', 0, '2023-12-26 15:47:03.694', NULL, NULL, NULL, '{\"id\":\"1739553229315776513\",\"name\":\"xuesheng11\",\"course_name\":\"高等数学\",\"teacher_nick_name\":\"张三\",\"time\":\"1-8周 周三 9:40-11:50\",\"reason\":\"不舒服\",\"createDate\":\"2023-12-26T07:46:24.000+00:00\",\"status\":1,\"createDateStr\":\"2023-12-26 15:46:24\",\"statusStr\":\"待提交\"}', 'java.util.LinkedHashMap');
INSERT INTO `act_hi_detail` VALUES ('f5be5b2e-a3c2-11ee-aaa2-6e6a773b7536', 'VariableUpdate', 'f5be3419-a3c2-11ee-aaa2-6e6a773b7536', 'f5be3419-a3c2-11ee-aaa2-6e6a773b7536', NULL, NULL, 'formName', 'string', 0, '2023-12-26 15:47:03.694', NULL, NULL, NULL, 'StudentLeaveForm', NULL);
INSERT INTO `act_hi_detail` VALUES ('f5bea954-a3c2-11ee-aaa2-6e6a773b7536', 'VariableUpdate', 'f5be3419-a3c2-11ee-aaa2-6e6a773b7536', 'f5be5b2f-a3c2-11ee-aaa2-6e6a773b7536', 'f5be5b32-a3c2-11ee-aaa2-6e6a773b7536', NULL, 'formName', 'string', 0, '2023-12-26 15:47:03.696', NULL, NULL, NULL, 'StudentLeaveForm', NULL);
INSERT INTO `act_hi_detail` VALUES ('f5bea956-a3c2-11ee-aaa2-6e6a773b7536', 'VariableUpdate', 'f5be3419-a3c2-11ee-aaa2-6e6a773b7536', 'f5be5b2f-a3c2-11ee-aaa2-6e6a773b7536', 'f5be5b32-a3c2-11ee-aaa2-6e6a773b7536', NULL, 'entity', 'json', 0, '2023-12-26 15:47:03.696', NULL, NULL, NULL, '{\"id\":\"1739553229315776513\",\"name\":\"xuesheng11\",\"course_name\":\"高等数学\",\"teacher_nick_name\":\"张三\",\"time\":\"1-8周 周三 9:40-11:50\",\"reason\":\"不舒服\",\"createDate\":\"2023-12-26T07:46:24.000+00:00\",\"status\":1,\"createDateStr\":\"2023-12-26 15:46:24\",\"statusStr\":\"待提交\"}', 'java.util.LinkedHashMap');
INSERT INTO `act_hi_detail` VALUES ('f8b04b0a-a3c2-11ee-aaa2-6e6a773b7536', 'VariableUpdate', 'f5be3419-a3c2-11ee-aaa2-6e6a773b7536', 'f5be3419-a3c2-11ee-aaa2-6e6a773b7536', NULL, NULL, 'entity', 'json', 1, '2023-12-26 15:47:08.635', NULL, NULL, NULL, '{\"id\":\"1739553229315776513\",\"name\":\"xuesheng11\",\"course_name\":\"高等数学\",\"teacher_nick_name\":\"张三\",\"time\":\"1-8周 周三 9:40-11:50\",\"reason\":\"不舒服\",\"createDate\":\"2023-12-26T07:46:24.000+00:00\",\"status\":1,\"createDateStr\":\"2023-12-26 15:46:24\",\"statusStr\":\"待提交\"}', 'java.util.LinkedHashMap');
INSERT INTO `act_hi_detail` VALUES ('f8b0721b-a3c2-11ee-aaa2-6e6a773b7536', 'VariableUpdate', 'f5be3419-a3c2-11ee-aaa2-6e6a773b7536', 'f5be3419-a3c2-11ee-aaa2-6e6a773b7536', NULL, NULL, 'formName', 'string', 1, '2023-12-26 15:47:08.636', NULL, NULL, NULL, 'StudentLeaveForm', NULL);

-- ----------------------------
-- Table structure for act_hi_identitylink
-- ----------------------------
DROP TABLE IF EXISTS `act_hi_identitylink`;
CREATE TABLE `act_hi_identitylink`  (
  `ID_` varchar(64) CHARACTER SET utf8 COLLATE utf8_bin NOT NULL,
  `GROUP_ID_` varchar(255) CHARACTER SET utf8 COLLATE utf8_bin NULL DEFAULT NULL,
  `TYPE_` varchar(255) CHARACTER SET utf8 COLLATE utf8_bin NULL DEFAULT NULL,
  `USER_ID_` varchar(255) CHARACTER SET utf8 COLLATE utf8_bin NULL DEFAULT NULL,
  `TASK_ID_` varchar(64) CHARACTER SET utf8 COLLATE utf8_bin NULL DEFAULT NULL,
  `PROC_INST_ID_` varchar(64) CHARACTER SET utf8 COLLATE utf8_bin NULL DEFAULT NULL,
  PRIMARY KEY (`ID_`) USING BTREE,
  INDEX `ACT_IDX_HI_IDENT_LNK_USER`(`USER_ID_`) USING BTREE,
  INDEX `ACT_IDX_HI_IDENT_LNK_TASK`(`TASK_ID_`) USING BTREE,
  INDEX `ACT_IDX_HI_IDENT_LNK_PROCINST`(`PROC_INST_ID_`) USING BTREE
) ENGINE = InnoDB CHARACTER SET = utf8 COLLATE = utf8_bin ROW_FORMAT = DYNAMIC;

-- ----------------------------
-- Records of act_hi_identitylink
-- ----------------------------
INSERT INTO `act_hi_identitylink` VALUES ('029458f4-32fb-11ed-9c60-283a4d3b4979', NULL, 'starter', 'admin', NULL, '029458f3-32fb-11ed-9c60-283a4d3b4979');
INSERT INTO `act_hi_identitylink` VALUES ('03b3ad96-a342-11ee-ade9-6e6a773b7536', NULL, 'starter', 'xuesheng11', NULL, '03b3ad95-a342-11ee-ade9-6e6a773b7536');
INSERT INTO `act_hi_identitylink` VALUES ('03bf9483-a342-11ee-ade9-6e6a773b7536', NULL, 'participant', 'admin', NULL, '03b3ad95-a342-11ee-ade9-6e6a773b7536');
INSERT INTO `act_hi_identitylink` VALUES ('05da0b4e-a3c3-11ee-aaa2-6e6a773b7536', NULL, 'starter', 'zhangsan', NULL, '05da0b4d-a3c3-11ee-aaa2-6e6a773b7536');
INSERT INTO `act_hi_identitylink` VALUES ('05df899b-a3c3-11ee-aaa2-6e6a773b7536', NULL, 'participant', 'admin', NULL, '05da0b4d-a3c3-11ee-aaa2-6e6a773b7536');
INSERT INTO `act_hi_identitylink` VALUES ('078179ce-a3c3-11ee-aaa2-6e6a773b7536', NULL, 'starter', 'zhangsan', NULL, '078179cd-a3c3-11ee-aaa2-6e6a773b7536');
INSERT INTO `act_hi_identitylink` VALUES ('07891afb-a3c3-11ee-aaa2-6e6a773b7536', NULL, 'participant', 'admin', NULL, '078179cd-a3c3-11ee-aaa2-6e6a773b7536');
INSERT INTO `act_hi_identitylink` VALUES ('18eb947b-5ad5-11ee-bbd0-6e6a773b7536', NULL, 'starter', 'admin', NULL, '18eb947a-5ad5-11ee-bbd0-6e6a773b7536');
INSERT INTO `act_hi_identitylink` VALUES ('266b6a45-a293-11ee-b602-6e6a773b7536', NULL, 'starter', 'xuesheng11', NULL, '266b6a44-a293-11ee-b602-6e6a773b7536');
INSERT INTO `act_hi_identitylink` VALUES ('267f1962-a293-11ee-b602-6e6a773b7536', NULL, 'participant', 'zhangsan', NULL, '266b6a44-a293-11ee-b602-6e6a773b7536');
INSERT INTO `act_hi_identitylink` VALUES ('27f3efc1-91da-11ee-a869-6e6a773b7536', NULL, 'starter', 'admin', NULL, '27f3a1a0-91da-11ee-a869-6e6a773b7536');
INSERT INTO `act_hi_identitylink` VALUES ('2deb7a8a-a342-11ee-ade9-6e6a773b7536', NULL, 'starter', 'xuesheng11', NULL, '2deb7a89-a342-11ee-ade9-6e6a773b7536');
INSERT INTO `act_hi_identitylink` VALUES ('2df4c967-a342-11ee-ade9-6e6a773b7536', NULL, 'participant', 'zhangsan', NULL, '2deb7a89-a342-11ee-ade9-6e6a773b7536');
INSERT INTO `act_hi_identitylink` VALUES ('30042277-32ff-11ed-87bc-283a4d3b4979', NULL, 'participant', 'zhangsan', NULL, '029458f3-32fb-11ed-9c60-283a4d3b4979');
INSERT INTO `act_hi_identitylink` VALUES ('3b4e252a-a342-11ee-ade9-6e6a773b7536', NULL, 'participant', 'xuesheng11', NULL, 'd077ff52-a320-11ee-ade9-6e6a773b7536');
INSERT INTO `act_hi_identitylink` VALUES ('4a8cd02d-a3be-11ee-8fe5-6e6a773b7536', NULL, 'starter', 'xuesheng51', NULL, '4a8ca91c-a3be-11ee-8fe5-6e6a773b7536');
INSERT INTO `act_hi_identitylink` VALUES ('4a9e0e4a-a3be-11ee-8fe5-6e6a773b7536', NULL, 'participant', 'xiaoming', NULL, '4a8ca91c-a3be-11ee-8fe5-6e6a773b7536');
INSERT INTO `act_hi_identitylink` VALUES ('568f6664-a3c4-11ee-9623-6e6a773b7536', NULL, 'starter', 'zhangsan', NULL, '568f3f53-a3c4-11ee-9623-6e6a773b7536');
INSERT INTO `act_hi_identitylink` VALUES ('56a7a961-a3c4-11ee-9623-6e6a773b7536', NULL, 'participant', 'admin', NULL, '568f3f53-a3c4-11ee-9623-6e6a773b7536');
INSERT INTO `act_hi_identitylink` VALUES ('57e4e454-a3c4-11ee-9623-6e6a773b7536', NULL, 'starter', 'zhangsan', NULL, '57e4e453-a3c4-11ee-9623-6e6a773b7536');
INSERT INTO `act_hi_identitylink` VALUES ('57f0cb41-a3c4-11ee-9623-6e6a773b7536', NULL, 'participant', 'admin', NULL, '57e4e453-a3c4-11ee-9623-6e6a773b7536');
INSERT INTO `act_hi_identitylink` VALUES ('6193c08e-a3c2-11ee-aaa2-6e6a773b7536', NULL, 'starter', 'xuesheng11', NULL, '6193c08d-a3c2-11ee-aaa2-6e6a773b7536');
INSERT INTO `act_hi_identitylink` VALUES ('619d367b-a3c2-11ee-aaa2-6e6a773b7536', NULL, 'participant', 'lisi', NULL, '6193c08d-a3c2-11ee-aaa2-6e6a773b7536');
INSERT INTO `act_hi_identitylink` VALUES ('65e5902a-9f44-11ee-bdc4-6e6a773b7536', NULL, 'starter', 'admin', NULL, '65e59029-9f44-11ee-bdc4-6e6a773b7536');
INSERT INTO `act_hi_identitylink` VALUES ('6f72ee32-a3c2-11ee-aaa2-6e6a773b7536', NULL, 'starter', 'lisi', NULL, '6f72ee31-a3c2-11ee-aaa2-6e6a773b7536');
INSERT INTO `act_hi_identitylink` VALUES ('6f7a413f-a3c2-11ee-aaa2-6e6a773b7536', NULL, 'participant', 'admin', NULL, '6f72ee31-a3c2-11ee-aaa2-6e6a773b7536');
INSERT INTO `act_hi_identitylink` VALUES ('70c4c2a2-a3c2-11ee-aaa2-6e6a773b7536', NULL, 'starter', 'lisi', NULL, '70c4c2a1-a3c2-11ee-aaa2-6e6a773b7536');
INSERT INTO `act_hi_identitylink` VALUES ('70cbee9f-a3c2-11ee-aaa2-6e6a773b7536', NULL, 'participant', 'admin', NULL, '70c4c2a1-a3c2-11ee-aaa2-6e6a773b7536');
INSERT INTO `act_hi_identitylink` VALUES ('7bd742be-9fd1-11ee-9ff6-6e6a773b7536', NULL, 'starter', 'zhangsan', NULL, '7bd742bd-9fd1-11ee-9ff6-6e6a773b7536');
INSERT INTO `act_hi_identitylink` VALUES ('7be8a7eb-9fd1-11ee-9ff6-6e6a773b7536', NULL, 'participant', 'admin', NULL, '7bd742bd-9fd1-11ee-9ff6-6e6a773b7536');
INSERT INTO `act_hi_identitylink` VALUES ('88de36f8-952f-11ee-95a1-6e6a773b7536', NULL, 'starter', 'admin', NULL, '88de36f7-952f-11ee-95a1-6e6a773b7536');
INSERT INTO `act_hi_identitylink` VALUES ('934b3899-a3c1-11ee-aaa2-6e6a773b7536', NULL, 'participant', 'admin', NULL, '266b6a44-a293-11ee-b602-6e6a773b7536');
INSERT INTO `act_hi_identitylink` VALUES ('9b1fb9b2-9fd2-11ee-9ff6-6e6a773b7536', NULL, 'starter', 'zhangsan', NULL, '9b1fb9b1-9fd2-11ee-9ff6-6e6a773b7536');
INSERT INTO `act_hi_identitylink` VALUES ('9b2537ff-9fd2-11ee-9ff6-6e6a773b7536', NULL, 'participant', 'admin', NULL, '9b1fb9b1-9fd2-11ee-9ff6-6e6a773b7536');
INSERT INTO `act_hi_identitylink` VALUES ('a0aa4111-a3be-11ee-8fe5-6e6a773b7536', NULL, 'starter', 'xuesheng51', NULL, 'a0aa4110-a3be-11ee-8fe5-6e6a773b7536');
INSERT INTO `act_hi_identitylink` VALUES ('a0b2305e-a3be-11ee-8fe5-6e6a773b7536', NULL, 'participant', 'xiaoming', NULL, 'a0aa4110-a3be-11ee-8fe5-6e6a773b7536');
INSERT INTO `act_hi_identitylink` VALUES ('a3b0a08e-91af-11ee-9fdf-6e6a773b7536', NULL, 'starter', 'admin', NULL, 'a3b0a08d-91af-11ee-9fdf-6e6a773b7536');
INSERT INTO `act_hi_identitylink` VALUES ('ab45521e-a3bc-11ee-81ba-6e6a773b7536', NULL, 'starter', 'xiaoming', NULL, 'ab45521d-a3bc-11ee-81ba-6e6a773b7536');
INSERT INTO `act_hi_identitylink` VALUES ('ab59eb9b-a3bc-11ee-81ba-6e6a773b7536', NULL, 'participant', 'admin', NULL, 'ab45521d-a3bc-11ee-81ba-6e6a773b7536');
INSERT INTO `act_hi_identitylink` VALUES ('b98a3e97-34a0-11ed-a5e5-283a4d3b4979', NULL, 'starter', 'admin', NULL, 'b98a3e96-34a0-11ed-a5e5-283a4d3b4979');
INSERT INTO `act_hi_identitylink` VALUES ('c7443de9-33c7-11ed-86cc-283a4d3b4979', NULL, 'starter', 'admin', NULL, 'c7443de8-33c7-11ed-86cc-283a4d3b4979');
INSERT INTO `act_hi_identitylink` VALUES ('cdb941a4-a3f1-11ee-98e3-6e6a773b7536', NULL, 'starter', 'zhangsan', NULL, 'cdb8f383-a3f1-11ee-98e3-6e6a773b7536');
INSERT INTO `act_hi_identitylink` VALUES ('cddaac61-a3f1-11ee-98e3-6e6a773b7536', NULL, 'participant', 'admin', NULL, 'cdb8f383-a3f1-11ee-98e3-6e6a773b7536');
INSERT INTO `act_hi_identitylink` VALUES ('d0782663-a320-11ee-ade9-6e6a773b7536', NULL, 'starter', 'zhangsan', NULL, 'd077ff52-a320-11ee-ade9-6e6a773b7536');
INSERT INTO `act_hi_identitylink` VALUES ('d17adbb3-a343-11ee-ade9-6e6a773b7536', NULL, 'starter', 'xuesheng11', NULL, 'd17adbb2-a343-11ee-ade9-6e6a773b7536');
INSERT INTO `act_hi_identitylink` VALUES ('d188be70-a343-11ee-ade9-6e6a773b7536', NULL, 'participant', 'zhangsan', NULL, 'd17adbb2-a343-11ee-ade9-6e6a773b7536');
INSERT INTO `act_hi_identitylink` VALUES ('e63f0547-a343-11ee-ade9-6e6a773b7536', NULL, 'starter', 'xuesheng11', NULL, 'e63f0546-a343-11ee-ade9-6e6a773b7536');
INSERT INTO `act_hi_identitylink` VALUES ('e6471ba4-a343-11ee-ade9-6e6a773b7536', NULL, 'participant', 'zhangsan', NULL, 'e63f0546-a343-11ee-ade9-6e6a773b7536');
INSERT INTO `act_hi_identitylink` VALUES ('eabe4da4-a3f1-11ee-98e3-6e6a773b7536', NULL, 'starter', 'zhangsan', NULL, 'eabe4da3-a3f1-11ee-98e3-6e6a773b7536');
INSERT INTO `act_hi_identitylink` VALUES ('eac70041-a3f1-11ee-98e3-6e6a773b7536', NULL, 'participant', 'admin', NULL, 'eabe4da3-a3f1-11ee-98e3-6e6a773b7536');
INSERT INTO `act_hi_identitylink` VALUES ('f5be341a-a3c2-11ee-aaa2-6e6a773b7536', NULL, 'starter', 'xuesheng11', NULL, 'f5be3419-a3c2-11ee-aaa2-6e6a773b7536');
INSERT INTO `act_hi_identitylink` VALUES ('f5c475b7-a3c2-11ee-aaa2-6e6a773b7536', NULL, 'participant', 'zhangsan', NULL, 'f5be3419-a3c2-11ee-aaa2-6e6a773b7536');

-- ----------------------------
-- Table structure for act_hi_procinst
-- ----------------------------
DROP TABLE IF EXISTS `act_hi_procinst`;
CREATE TABLE `act_hi_procinst`  (
  `ID_` varchar(64) CHARACTER SET utf8 COLLATE utf8_bin NOT NULL,
  `PROC_INST_ID_` varchar(64) CHARACTER SET utf8 COLLATE utf8_bin NOT NULL,
  `BUSINESS_KEY_` varchar(255) CHARACTER SET utf8 COLLATE utf8_bin NULL DEFAULT NULL,
  `PROC_DEF_ID_` varchar(64) CHARACTER SET utf8 COLLATE utf8_bin NOT NULL,
  `START_TIME_` datetime(3) NOT NULL,
  `END_TIME_` datetime(3) NULL DEFAULT NULL,
  `DURATION_` bigint NULL DEFAULT NULL,
  `START_USER_ID_` varchar(255) CHARACTER SET utf8 COLLATE utf8_bin NULL DEFAULT NULL,
  `START_ACT_ID_` varchar(255) CHARACTER SET utf8 COLLATE utf8_bin NULL DEFAULT NULL,
  `END_ACT_ID_` varchar(255) CHARACTER SET utf8 COLLATE utf8_bin NULL DEFAULT NULL,
  `SUPER_PROCESS_INSTANCE_ID_` varchar(64) CHARACTER SET utf8 COLLATE utf8_bin NULL DEFAULT NULL,
  `DELETE_REASON_` varchar(4000) CHARACTER SET utf8 COLLATE utf8_bin NULL DEFAULT NULL,
  `TENANT_ID_` varchar(255) CHARACTER SET utf8 COLLATE utf8_bin NULL DEFAULT '',
  `NAME_` varchar(255) CHARACTER SET utf8 COLLATE utf8_bin NULL DEFAULT NULL,
  PRIMARY KEY (`ID_`) USING BTREE,
  UNIQUE INDEX `PROC_INST_ID_`(`PROC_INST_ID_`) USING BTREE,
  INDEX `ACT_IDX_HI_PRO_INST_END`(`END_TIME_`) USING BTREE,
  INDEX `ACT_IDX_HI_PRO_I_BUSKEY`(`BUSINESS_KEY_`) USING BTREE
) ENGINE = InnoDB CHARACTER SET = utf8 COLLATE = utf8_bin ROW_FORMAT = DYNAMIC;

-- ----------------------------
-- Records of act_hi_procinst
-- ----------------------------
INSERT INTO `act_hi_procinst` VALUES ('029458f3-32fb-11ed-9c60-283a4d3b4979', '029458f3-32fb-11ed-9c60-283a4d3b4979', '1569483068132782082', 'Leave:1:ecc98b0e-2fe9-11ed-aa68-283a4d3b4979', '2022-09-13 08:28:37.981', '2022-09-14 08:53:03.269', 87865288, 'admin', 'sid-3AAF069C-9D1F-4109-B5D0-F6F48FD36F44', NULL, NULL, 'admin 作废了当前流程申请', '', '请假申请流程');
INSERT INTO `act_hi_procinst` VALUES ('03b3ad95-a342-11ee-ade9-6e6a773b7536', '03b3ad95-a342-11ee-ade9-6e6a773b7536', '1739262434855665665', 'StudentLeave:2:a4637154-a322-11ee-ade9-6e6a773b7536', '2023-12-26 00:24:02.033', '2023-12-26 00:24:50.117', 48084, 'xuesheng11', 'sid-27ADD384-943E-4C24-A4AB-8415F1095266', 'sid-2922AC1E-C639-47A1-B67C-B05F7E6B9129', NULL, NULL, '', NULL);
INSERT INTO `act_hi_procinst` VALUES ('05da0b4d-a3c3-11ee-aaa2-6e6a773b7536', '05da0b4d-a3c3-11ee-aaa2-6e6a773b7536', '6', 'courseManager:1:fc28f24c-91a4-11ee-9fdf-6e6a773b7536', '2023-12-26 15:47:30.719', '2023-12-26 15:57:18.222', 587503, 'zhangsan', 'sid-8E24BFE6-A0BA-4DDD-A99F-2D80F555522E', 'sid-DB70A998-59CE-40F0-9B9A-FD0D23196457', NULL, NULL, '', NULL);
INSERT INTO `act_hi_procinst` VALUES ('078179cd-a3c3-11ee-aaa2-6e6a773b7536', '078179cd-a3c3-11ee-aaa2-6e6a773b7536', '7', 'courseManager:1:fc28f24c-91a4-11ee-9fdf-6e6a773b7536', '2023-12-26 15:47:33.494', '2023-12-26 15:57:15.666', 582172, 'zhangsan', 'sid-8E24BFE6-A0BA-4DDD-A99F-2D80F555522E', 'sid-DB70A998-59CE-40F0-9B9A-FD0D23196457', NULL, NULL, '', NULL);
INSERT INTO `act_hi_procinst` VALUES ('18eb947a-5ad5-11ee-bbd0-6e6a773b7536', '18eb947a-5ad5-11ee-bbd0-6e6a773b7536', '1702314547039215617', 'Leave:1:ecc98b0e-2fe9-11ed-aa68-283a4d3b4979', '2023-09-24 20:22:58.769', '2023-12-26 16:53:15.564', 8022616795, 'admin', 'sid-3AAF069C-9D1F-4109-B5D0-F6F48FD36F44', NULL, NULL, 'admin 作废了当前流程申请', '', '请假申请流程');
INSERT INTO `act_hi_procinst` VALUES ('266b6a44-a293-11ee-b602-6e6a773b7536', '266b6a44-a293-11ee-b602-6e6a773b7536', '1739006075060912129', 'Leave:1:ecc98b0e-2fe9-11ed-aa68-283a4d3b4979', '2023-12-25 03:32:18.353', '2023-12-26 15:37:52.534', 129934181, 'xuesheng11', 'sid-3AAF069C-9D1F-4109-B5D0-F6F48FD36F44', 'sid-C9AF2295-51A5-44C8-AF20-AA44B6446843', NULL, NULL, '', '请假申请流程');
INSERT INTO `act_hi_procinst` VALUES ('27f3a1a0-91da-11ee-a869-6e6a773b7536', '27f3a1a0-91da-11ee-a869-6e6a773b7536', '1701485834856890369', 'Leave:1:ecc98b0e-2fe9-11ed-aa68-283a4d3b4979', '2023-12-03 20:47:45.423', '2023-12-26 15:38:14.108', 1968628685, 'admin', 'sid-3AAF069C-9D1F-4109-B5D0-F6F48FD36F44', 'sid-C9AF2295-51A5-44C8-AF20-AA44B6446843', NULL, NULL, '', '请假申请流程');
INSERT INTO `act_hi_procinst` VALUES ('2deb7a89-a342-11ee-ade9-6e6a773b7536', '2deb7a89-a342-11ee-ade9-6e6a773b7536', '1739223919455494145', 'StudentLeave:2:a4637154-a322-11ee-ade9-6e6a773b7536', '2023-12-26 00:25:12.864', '2023-12-26 00:25:37.930', 25066, 'xuesheng11', 'sid-27ADD384-943E-4C24-A4AB-8415F1095266', 'sid-2922AC1E-C639-47A1-B67C-B05F7E6B9129', NULL, NULL, '', NULL);
INSERT INTO `act_hi_procinst` VALUES ('4a8ca91c-a3be-11ee-8fe5-6e6a773b7536', '4a8ca91c-a3be-11ee-8fe5-6e6a773b7536', '1739543859785990146', 'StudentLeave:2:a4637154-a322-11ee-ade9-6e6a773b7536', '2023-12-26 15:13:38.491', '2023-12-26 15:13:55.069', 16578, 'xuesheng51', 'sid-27ADD384-943E-4C24-A4AB-8415F1095266', 'sid-2922AC1E-C639-47A1-B67C-B05F7E6B9129', NULL, NULL, '', NULL);
INSERT INTO `act_hi_procinst` VALUES ('568f3f53-a3c4-11ee-9623-6e6a773b7536', '568f3f53-a3c4-11ee-9623-6e6a773b7536', '1739555247233269762', 'courseManager:1:fc28f24c-91a4-11ee-9fdf-6e6a773b7536', '2023-12-26 15:56:55.621', '2023-12-26 15:57:16.920', 21299, 'zhangsan', 'sid-8E24BFE6-A0BA-4DDD-A99F-2D80F555522E', 'sid-DB70A998-59CE-40F0-9B9A-FD0D23196457', NULL, NULL, '', NULL);
INSERT INTO `act_hi_procinst` VALUES ('57e4e453-a3c4-11ee-9623-6e6a773b7536', '57e4e453-a3c4-11ee-9623-6e6a773b7536', '1739553951688171522', 'courseManager:1:fc28f24c-91a4-11ee-9fdf-6e6a773b7536', '2023-12-26 15:56:57.860', '2023-12-26 15:57:14.409', 16549, 'zhangsan', 'sid-8E24BFE6-A0BA-4DDD-A99F-2D80F555522E', 'sid-DB70A998-59CE-40F0-9B9A-FD0D23196457', NULL, NULL, '', NULL);
INSERT INTO `act_hi_procinst` VALUES ('6193c08d-a3c2-11ee-aaa2-6e6a773b7536', '6193c08d-a3c2-11ee-aaa2-6e6a773b7536', '1739552246976225282', 'StudentLeave:2:a4637154-a322-11ee-ade9-6e6a773b7536', '2023-12-26 15:42:55.112', '2023-12-26 15:42:59.297', 4185, 'xuesheng11', 'sid-27ADD384-943E-4C24-A4AB-8415F1095266', 'sid-2922AC1E-C639-47A1-B67C-B05F7E6B9129', NULL, NULL, '', NULL);
INSERT INTO `act_hi_procinst` VALUES ('65e59029-9f44-11ee-bdc4-6e6a773b7536', '65e59029-9f44-11ee-bdc4-6e6a773b7536', '1731230868057403394', 'Leave:1:ecc98b0e-2fe9-11ed-aa68-283a4d3b4979', '2023-12-20 22:31:01.120', '2023-12-26 15:38:02.655', 493621535, 'admin', 'sid-3AAF069C-9D1F-4109-B5D0-F6F48FD36F44', 'sid-C9AF2295-51A5-44C8-AF20-AA44B6446843', NULL, NULL, '', '请假申请流程');
INSERT INTO `act_hi_procinst` VALUES ('6f72ee31-a3c2-11ee-aaa2-6e6a773b7536', '6f72ee31-a3c2-11ee-aaa2-6e6a773b7536', '4', 'courseManager:1:fc28f24c-91a4-11ee-9fdf-6e6a773b7536', '2023-12-26 15:43:18.385', '2023-12-26 15:43:34.702', 16317, 'lisi', 'sid-8E24BFE6-A0BA-4DDD-A99F-2D80F555522E', 'sid-DB70A998-59CE-40F0-9B9A-FD0D23196457', NULL, NULL, '', NULL);
INSERT INTO `act_hi_procinst` VALUES ('70c4c2a1-a3c2-11ee-aaa2-6e6a773b7536', '70c4c2a1-a3c2-11ee-aaa2-6e6a773b7536', '3', 'courseManager:1:fc28f24c-91a4-11ee-9fdf-6e6a773b7536', '2023-12-26 15:43:20.599', '2023-12-26 15:43:32.279', 11680, 'lisi', 'sid-8E24BFE6-A0BA-4DDD-A99F-2D80F555522E', 'sid-DB70A998-59CE-40F0-9B9A-FD0D23196457', NULL, NULL, '', NULL);
INSERT INTO `act_hi_procinst` VALUES ('7bd742bd-9fd1-11ee-9ff6-6e6a773b7536', '7bd742bd-9fd1-11ee-9ff6-6e6a773b7536', '1', 'courseManager:1:fc28f24c-91a4-11ee-9fdf-6e6a773b7536', '2023-12-21 15:20:56.975', '2023-12-21 15:21:11.741', 14766, 'zhangsan', 'sid-8E24BFE6-A0BA-4DDD-A99F-2D80F555522E', 'sid-DB70A998-59CE-40F0-9B9A-FD0D23196457', NULL, NULL, '', NULL);
INSERT INTO `act_hi_procinst` VALUES ('88de36f7-952f-11ee-95a1-6e6a773b7536', '88de36f7-952f-11ee-95a1-6e6a773b7536', '1702319186837008386', 'Loan:1:1dfeff68-34bc-11ed-bd8b-283a4d3b4979', '2023-12-08 02:36:28.733', '2023-12-08 02:36:47.108', 18375, 'admin', 'sid-73C00F4B-1CEC-411F-A3D0-D8C73DEA2372', 'sid-431CD5BC-26BB-427E-BC8A-4DCC343D6B79', NULL, NULL, '', '借款流程');
INSERT INTO `act_hi_procinst` VALUES ('9b1fb9b1-9fd2-11ee-9ff6-6e6a773b7536', '9b1fb9b1-9fd2-11ee-9ff6-6e6a773b7536', '2', 'courseManager:1:fc28f24c-91a4-11ee-9fdf-6e6a773b7536', '2023-12-21 15:28:58.956', '2023-12-25 03:44:29.403', 303330447, 'zhangsan', 'sid-8E24BFE6-A0BA-4DDD-A99F-2D80F555522E', 'sid-DB70A998-59CE-40F0-9B9A-FD0D23196457', NULL, NULL, '', NULL);
INSERT INTO `act_hi_procinst` VALUES ('a0aa4110-a3be-11ee-8fe5-6e6a773b7536', 'a0aa4110-a3be-11ee-8fe5-6e6a773b7536', '1739545428619198465', 'StudentLeave:2:a4637154-a322-11ee-ade9-6e6a773b7536', '2023-12-26 15:16:02.969', '2023-12-26 15:16:08.890', 5921, 'xuesheng51', 'sid-27ADD384-943E-4C24-A4AB-8415F1095266', 'sid-2922AC1E-C639-47A1-B67C-B05F7E6B9129', NULL, NULL, '', NULL);
INSERT INTO `act_hi_procinst` VALUES ('a3b0a08d-91af-11ee-9fdf-6e6a773b7536', 'a3b0a08d-91af-11ee-9fdf-6e6a773b7536', '1702564795787620354', 'Loan:1:1dfeff68-34bc-11ed-bd8b-283a4d3b4979', '2023-12-03 15:43:24.663', '2023-12-26 15:38:16.016', 1986891353, 'admin', 'sid-73C00F4B-1CEC-411F-A3D0-D8C73DEA2372', 'sid-431CD5BC-26BB-427E-BC8A-4DCC343D6B79', NULL, NULL, '', '借款流程');
INSERT INTO `act_hi_procinst` VALUES ('ab45521d-a3bc-11ee-81ba-6e6a773b7536', 'ab45521d-a3bc-11ee-81ba-6e6a773b7536', '5', 'courseManager:1:fc28f24c-91a4-11ee-9fdf-6e6a773b7536', '2023-12-26 15:02:01.769', '2023-12-26 15:02:22.691', 20922, 'xiaoming', 'sid-8E24BFE6-A0BA-4DDD-A99F-2D80F555522E', 'sid-DB70A998-59CE-40F0-9B9A-FD0D23196457', NULL, NULL, '', NULL);
INSERT INTO `act_hi_procinst` VALUES ('b98a3e96-34a0-11ed-a5e5-283a4d3b4979', 'b98a3e96-34a0-11ed-a5e5-283a4d3b4979', '1567777623949111297', 'Leave:1:ecc98b0e-2fe9-11ed-aa68-283a4d3b4979', '2022-09-15 10:47:23.061', '2023-09-15 04:11:22.843', 31512239782, 'admin', 'sid-3AAF069C-9D1F-4109-B5D0-F6F48FD36F44', 'sid-C9AF2295-51A5-44C8-AF20-AA44B6446843', NULL, NULL, '', '请假申请流程');
INSERT INTO `act_hi_procinst` VALUES ('c7443de8-33c7-11ed-86cc-283a4d3b4979', 'c7443de8-33c7-11ed-86cc-283a4d3b4979', '1568112800827052034', 'Leave:1:ecc98b0e-2fe9-11ed-aa68-283a4d3b4979', '2022-09-14 08:54:25.300', '2022-09-15 11:41:35.804', 96430504, 'admin', 'sid-3AAF069C-9D1F-4109-B5D0-F6F48FD36F44', 'sid-C9AF2295-51A5-44C8-AF20-AA44B6446843', NULL, NULL, '', '请假申请流程');
INSERT INTO `act_hi_procinst` VALUES ('cdb8f383-a3f1-11ee-98e3-6e6a773b7536', 'cdb8f383-a3f1-11ee-98e3-6e6a773b7536', '1739637764573372418', 'courseManager:1:fc28f24c-91a4-11ee-9fdf-6e6a773b7536', '2023-12-26 21:22:22.895', NULL, NULL, 'zhangsan', 'sid-8E24BFE6-A0BA-4DDD-A99F-2D80F555522E', NULL, NULL, NULL, '', NULL);
INSERT INTO `act_hi_procinst` VALUES ('d077ff52-a320-11ee-ade9-6e6a773b7536', 'd077ff52-a320-11ee-ade9-6e6a773b7536', '1738962708247666690', 'courseManager:1:fc28f24c-91a4-11ee-9fdf-6e6a773b7536', '2023-12-25 20:26:22.687', '2023-12-26 00:25:35.351', 14352664, 'zhangsan', 'sid-8E24BFE6-A0BA-4DDD-A99F-2D80F555522E', 'sid-DB70A998-59CE-40F0-9B9A-FD0D23196457', NULL, NULL, '', NULL);
INSERT INTO `act_hi_procinst` VALUES ('d17adbb2-a343-11ee-ade9-6e6a773b7536', 'd17adbb2-a343-11ee-ade9-6e6a773b7536', '1739324325053382658', 'StudentLeave:2:a4637154-a322-11ee-ade9-6e6a773b7536', '2023-12-26 00:36:56.769', '2023-12-26 00:37:11.893', 15124, 'xuesheng11', 'sid-27ADD384-943E-4C24-A4AB-8415F1095266', 'sid-2922AC1E-C639-47A1-B67C-B05F7E6B9129', NULL, NULL, '', NULL);
INSERT INTO `act_hi_procinst` VALUES ('e63f0546-a343-11ee-ade9-6e6a773b7536', 'e63f0546-a343-11ee-ade9-6e6a773b7536', '11', 'StudentLeave:2:a4637154-a322-11ee-ade9-6e6a773b7536', '2023-12-26 00:37:31.609', '2023-12-26 00:37:35.919', 4310, 'xuesheng11', 'sid-27ADD384-943E-4C24-A4AB-8415F1095266', 'sid-2922AC1E-C639-47A1-B67C-B05F7E6B9129', NULL, NULL, '', NULL);
INSERT INTO `act_hi_procinst` VALUES ('eabe4da3-a3f1-11ee-98e3-6e6a773b7536', 'eabe4da3-a3f1-11ee-98e3-6e6a773b7536', '1739637963047837698', 'courseManager:1:fc28f24c-91a4-11ee-9fdf-6e6a773b7536', '2023-12-26 21:23:11.585', NULL, NULL, 'zhangsan', 'sid-8E24BFE6-A0BA-4DDD-A99F-2D80F555522E', NULL, NULL, NULL, '', NULL);
INSERT INTO `act_hi_procinst` VALUES ('f5be3419-a3c2-11ee-aaa2-6e6a773b7536', 'f5be3419-a3c2-11ee-aaa2-6e6a773b7536', '1739553229315776513', 'StudentLeave:2:a4637154-a322-11ee-ade9-6e6a773b7536', '2023-12-26 15:47:03.693', '2023-12-26 15:47:08.655', 4962, 'xuesheng11', 'sid-27ADD384-943E-4C24-A4AB-8415F1095266', 'sid-2922AC1E-C639-47A1-B67C-B05F7E6B9129', NULL, NULL, '', NULL);

-- ----------------------------
-- Table structure for act_hi_taskinst
-- ----------------------------
DROP TABLE IF EXISTS `act_hi_taskinst`;
CREATE TABLE `act_hi_taskinst`  (
  `ID_` varchar(64) CHARACTER SET utf8 COLLATE utf8_bin NOT NULL,
  `PROC_DEF_ID_` varchar(64) CHARACTER SET utf8 COLLATE utf8_bin NULL DEFAULT NULL,
  `TASK_DEF_KEY_` varchar(255) CHARACTER SET utf8 COLLATE utf8_bin NULL DEFAULT NULL,
  `PROC_INST_ID_` varchar(64) CHARACTER SET utf8 COLLATE utf8_bin NULL DEFAULT NULL,
  `EXECUTION_ID_` varchar(64) CHARACTER SET utf8 COLLATE utf8_bin NULL DEFAULT NULL,
  `NAME_` varchar(255) CHARACTER SET utf8 COLLATE utf8_bin NULL DEFAULT NULL,
  `PARENT_TASK_ID_` varchar(64) CHARACTER SET utf8 COLLATE utf8_bin NULL DEFAULT NULL,
  `DESCRIPTION_` varchar(4000) CHARACTER SET utf8 COLLATE utf8_bin NULL DEFAULT NULL,
  `OWNER_` varchar(255) CHARACTER SET utf8 COLLATE utf8_bin NULL DEFAULT NULL,
  `ASSIGNEE_` varchar(255) CHARACTER SET utf8 COLLATE utf8_bin NULL DEFAULT NULL,
  `START_TIME_` datetime(3) NOT NULL,
  `CLAIM_TIME_` datetime(3) NULL DEFAULT NULL,
  `END_TIME_` datetime(3) NULL DEFAULT NULL,
  `DURATION_` bigint NULL DEFAULT NULL,
  `DELETE_REASON_` varchar(4000) CHARACTER SET utf8 COLLATE utf8_bin NULL DEFAULT NULL,
  `PRIORITY_` int NULL DEFAULT NULL,
  `DUE_DATE_` datetime(3) NULL DEFAULT NULL,
  `FORM_KEY_` varchar(255) CHARACTER SET utf8 COLLATE utf8_bin NULL DEFAULT NULL,
  `CATEGORY_` varchar(255) CHARACTER SET utf8 COLLATE utf8_bin NULL DEFAULT NULL,
  `TENANT_ID_` varchar(255) CHARACTER SET utf8 COLLATE utf8_bin NULL DEFAULT '',
  PRIMARY KEY (`ID_`) USING BTREE,
  INDEX `ACT_IDX_HI_TASK_INST_PROCINST`(`PROC_INST_ID_`) USING BTREE
) ENGINE = InnoDB CHARACTER SET = utf8 COLLATE = utf8_bin ROW_FORMAT = DYNAMIC;

-- ----------------------------
-- Records of act_hi_taskinst
-- ----------------------------
INSERT INTO `act_hi_taskinst` VALUES ('02989ebc-32fb-11ed-9c60-283a4d3b4979', 'Leave:1:ecc98b0e-2fe9-11ed-aa68-283a4d3b4979', 'sid-B9B9B816-D9E3-4A0D-97A2-C504074C7DF7', '029458f3-32fb-11ed-9c60-283a4d3b4979', '02951c49-32fb-11ed-9c60-283a4d3b4979', '直属领导审批', NULL, NULL, NULL, 'admin', '2022-09-13 08:28:38.009', NULL, '2022-09-13 08:58:32.101', 1794092, NULL, 50, NULL, NULL, NULL, '');
INSERT INTO `act_hi_taskinst` VALUES ('03b497fe-a342-11ee-ade9-6e6a773b7536', 'StudentLeave:2:a4637154-a322-11ee-ade9-6e6a773b7536', 'sid-088C0AE6-B15D-40B6-ABB3-27BA429EC5C5', '03b3ad95-a342-11ee-ade9-6e6a773b7536', '03b422cb-a342-11ee-ade9-6e6a773b7536', '辅导员审批', NULL, NULL, NULL, 'admin', '2023-12-26 00:24:02.040', NULL, '2023-12-26 00:24:50.067', 48027, NULL, 50, NULL, NULL, NULL, '');
INSERT INTO `act_hi_taskinst` VALUES ('05da3266-a3c3-11ee-aaa2-6e6a773b7536', 'courseManager:1:fc28f24c-91a4-11ee-9fdf-6e6a773b7536', 'sid-F0F2FA55-89B4-4A31-8F82-6A9C79487DFC', '05da0b4d-a3c3-11ee-aaa2-6e6a773b7536', '05da3263-a3c3-11ee-aaa2-6e6a773b7536', '教务处审批', NULL, NULL, NULL, 'admin', '2023-12-26 15:47:30.720', NULL, '2023-12-26 15:57:18.189', 587469, NULL, 50, NULL, NULL, NULL, '');
INSERT INTO `act_hi_taskinst` VALUES ('0781a0e6-a3c3-11ee-aaa2-6e6a773b7536', 'courseManager:1:fc28f24c-91a4-11ee-9fdf-6e6a773b7536', 'sid-F0F2FA55-89B4-4A31-8F82-6A9C79487DFC', '078179cd-a3c3-11ee-aaa2-6e6a773b7536', '0781a0e3-a3c3-11ee-aaa2-6e6a773b7536', '教务处审批', NULL, NULL, NULL, 'admin', '2023-12-26 15:47:33.495', NULL, '2023-12-26 15:57:15.625', 582130, NULL, 50, NULL, NULL, NULL, '');
INSERT INTO `act_hi_taskinst` VALUES ('0bb2a371-34a8-11ed-a5e5-283a4d3b4979', 'Leave:1:ecc98b0e-2fe9-11ed-aa68-283a4d3b4979', 'sid-2DCAD4A9-FAE9-4044-B7B5-BBADCA437929', 'b98a3e96-34a0-11ed-a5e5-283a4d3b4979', 'b98c3a6c-34a0-11ed-a5e5-283a4d3b4979', '部门经理审批', NULL, NULL, NULL, 'admin', '2022-09-15 11:39:47.377', NULL, '2022-09-15 11:40:31.144', 43767, NULL, 50, NULL, NULL, NULL, '');
INSERT INTO `act_hi_taskinst` VALUES ('18f0ebb3-5ad5-11ee-bbd0-6e6a773b7536', 'Leave:1:ecc98b0e-2fe9-11ed-aa68-283a4d3b4979', 'sid-B9B9B816-D9E3-4A0D-97A2-C504074C7DF7', '18eb947a-5ad5-11ee-bbd0-6e6a773b7536', '18ecf410-5ad5-11ee-bbd0-6e6a773b7536', '直属领导审批', NULL, NULL, NULL, 'admin', '2023-09-24 20:22:58.804', NULL, '2023-10-16 20:37:44.224', 1901685420, NULL, 50, NULL, NULL, NULL, '');
INSERT INTO `act_hi_taskinst` VALUES ('25ca055b-34a8-11ed-a5e5-283a4d3b4979', 'Leave:1:ecc98b0e-2fe9-11ed-aa68-283a4d3b4979', 'sid-95041659-921C-4647-AA7E-007DD53297BA', 'b98a3e96-34a0-11ed-a5e5-283a4d3b4979', 'b98c3a6c-34a0-11ed-a5e5-283a4d3b4979', '人事专员审批', NULL, NULL, NULL, 'admin', '2022-09-15 11:40:31.150', NULL, '2022-09-15 11:40:43.183', 12033, NULL, 50, NULL, NULL, NULL, '');
INSERT INTO `act_hi_taskinst` VALUES ('26709a6d-a293-11ee-b602-6e6a773b7536', 'Leave:1:ecc98b0e-2fe9-11ed-aa68-283a4d3b4979', 'sid-B9B9B816-D9E3-4A0D-97A2-C504074C7DF7', '266b6a44-a293-11ee-b602-6e6a773b7536', '266c54aa-a293-11ee-b602-6e6a773b7536', '直属领导审批', NULL, NULL, NULL, 'admin', '2023-12-25 03:32:18.388', NULL, '2023-12-26 15:37:40.431', 129922043, NULL, 50, NULL, NULL, NULL, '');
INSERT INTO `act_hi_taskinst` VALUES ('28013639-91da-11ee-a869-6e6a773b7536', 'Leave:1:ecc98b0e-2fe9-11ed-aa68-283a4d3b4979', 'sid-B9B9B816-D9E3-4A0D-97A2-C504074C7DF7', '27f3a1a0-91da-11ee-a869-6e6a773b7536', '27f7c056-91da-11ee-a869-6e6a773b7536', '直属领导审批', NULL, NULL, NULL, 'admin', '2023-12-03 20:47:45.514', NULL, '2023-12-26 15:38:05.066', 1968619552, NULL, 50, NULL, NULL, NULL, '');
INSERT INTO `act_hi_taskinst` VALUES ('2cf6dfc5-34a8-11ed-a5e5-283a4d3b4979', 'Leave:1:ecc98b0e-2fe9-11ed-aa68-283a4d3b4979', 'sid-E6384472-DFD1-4776-83CB-1F8733961BEE', 'b98a3e96-34a0-11ed-a5e5-283a4d3b4979', 'b98c3a6c-34a0-11ed-a5e5-283a4d3b4979', '人事经理审批', NULL, NULL, NULL, 'admin', '2022-09-15 11:40:43.188', NULL, '2022-09-15 11:41:58.945', 75757, NULL, 50, NULL, NULL, NULL, '');
INSERT INTO `act_hi_taskinst` VALUES ('2deba1a2-a342-11ee-ade9-6e6a773b7536', 'StudentLeave:2:a4637154-a322-11ee-ade9-6e6a773b7536', 'sid-088C0AE6-B15D-40B6-ABB3-27BA429EC5C5', '2deb7a89-a342-11ee-ade9-6e6a773b7536', '2deb7a8f-a342-11ee-ade9-6e6a773b7536', '辅导员审批', NULL, NULL, NULL, 'zhangsan', '2023-12-26 00:25:12.865', NULL, '2023-12-26 00:25:37.905', 25040, NULL, 50, NULL, NULL, NULL, '');
INSERT INTO `act_hi_taskinst` VALUES ('2ffb21c2-32ff-11ed-87bc-283a4d3b4979', 'Leave:1:ecc98b0e-2fe9-11ed-aa68-283a4d3b4979', 'sid-2DCAD4A9-FAE9-4044-B7B5-BBADCA437929', '029458f3-32fb-11ed-9c60-283a4d3b4979', '02951c49-32fb-11ed-9c60-283a4d3b4979', '部门经理审批', NULL, NULL, NULL, 'zhangsan', '2022-09-13 08:58:32.139', NULL, '2022-09-13 09:01:07.100', 154961, NULL, 50, NULL, NULL, NULL, '');
INSERT INTO `act_hi_taskinst` VALUES ('3d31898f-34a8-11ed-a5e5-283a4d3b4979', 'Leave:1:ecc98b0e-2fe9-11ed-aa68-283a4d3b4979', 'sid-2DCAD4A9-FAE9-4044-B7B5-BBADCA437929', 'c7443de8-33c7-11ed-86cc-283a4d3b4979', 'c745013e-33c7-11ed-86cc-283a4d3b4979', '部门经理审批', NULL, NULL, NULL, 'admin', '2022-09-15 11:41:10.416', NULL, '2022-09-15 11:41:17.053', 6637, NULL, 50, NULL, NULL, NULL, '');
INSERT INTO `act_hi_taskinst` VALUES ('4126dfa9-34a8-11ed-a5e5-283a4d3b4979', 'Leave:1:ecc98b0e-2fe9-11ed-aa68-283a4d3b4979', 'sid-95041659-921C-4647-AA7E-007DD53297BA', 'c7443de8-33c7-11ed-86cc-283a4d3b4979', 'c745013e-33c7-11ed-86cc-283a4d3b4979', '人事专员审批', NULL, NULL, NULL, 'admin', '2022-09-15 11:41:17.057', NULL, '2022-09-15 11:41:22.696', 5639, NULL, 50, NULL, NULL, NULL, '');
INSERT INTO `act_hi_taskinst` VALUES ('4483ed63-34a8-11ed-a5e5-283a4d3b4979', 'Leave:1:ecc98b0e-2fe9-11ed-aa68-283a4d3b4979', 'sid-E6384472-DFD1-4776-83CB-1F8733961BEE', 'c7443de8-33c7-11ed-86cc-283a4d3b4979', 'c745013e-33c7-11ed-86cc-283a4d3b4979', '人事经理审批', NULL, NULL, NULL, 'admin', '2022-09-15 11:41:22.700', NULL, '2022-09-15 11:41:28.240', 5540, NULL, 50, NULL, NULL, NULL, '');
INSERT INTO `act_hi_taskinst` VALUES ('47d22e0d-34a8-11ed-a5e5-283a4d3b4979', 'Leave:1:ecc98b0e-2fe9-11ed-aa68-283a4d3b4979', 'sid-2B5363F4-D5A0-41C4-B626-E497657D21E4', 'c7443de8-33c7-11ed-86cc-283a4d3b4979', 'c745013e-33c7-11ed-86cc-283a4d3b4979', '总经理审批', NULL, NULL, NULL, 'admin', '2022-09-15 11:41:28.246', NULL, '2022-09-15 11:41:35.780', 7534, NULL, 50, NULL, NULL, NULL, '');
INSERT INTO `act_hi_taskinst` VALUES ('4a916415-a3be-11ee-8fe5-6e6a773b7536', 'StudentLeave:2:a4637154-a322-11ee-ade9-6e6a773b7536', 'sid-088C0AE6-B15D-40B6-ABB3-27BA429EC5C5', '4a8ca91c-a3be-11ee-8fe5-6e6a773b7536', '4a8e08b2-a3be-11ee-8fe5-6e6a773b7536', '辅导员审批', NULL, NULL, NULL, 'xiaoming', '2023-12-26 15:13:38.523', NULL, '2023-12-26 15:13:55.032', 16509, NULL, 50, NULL, NULL, NULL, '');
INSERT INTO `act_hi_taskinst` VALUES ('5694bd9c-a3c4-11ee-9623-6e6a773b7536', 'courseManager:1:fc28f24c-91a4-11ee-9fdf-6e6a773b7536', 'sid-F0F2FA55-89B4-4A31-8F82-6A9C79487DFC', '568f3f53-a3c4-11ee-9623-6e6a773b7536', '5690ed09-a3c4-11ee-9623-6e6a773b7536', '教务处审批', NULL, NULL, NULL, 'admin', '2023-12-26 15:56:55.657', NULL, '2023-12-26 15:57:16.888', 21231, NULL, 50, NULL, NULL, NULL, '');
INSERT INTO `act_hi_taskinst` VALUES ('57e5327c-a3c4-11ee-9623-6e6a773b7536', 'courseManager:1:fc28f24c-91a4-11ee-9fdf-6e6a773b7536', 'sid-F0F2FA55-89B4-4A31-8F82-6A9C79487DFC', '57e4e453-a3c4-11ee-9623-6e6a773b7536', '57e50b69-a3c4-11ee-9623-6e6a773b7536', '教务处审批', NULL, NULL, NULL, 'admin', '2023-12-26 15:56:57.862', NULL, '2023-12-26 15:57:14.363', 16501, NULL, 50, NULL, NULL, NULL, '');
INSERT INTO `act_hi_taskinst` VALUES ('5a1f160b-34a8-11ed-a5e5-283a4d3b4979', 'Leave:1:ecc98b0e-2fe9-11ed-aa68-283a4d3b4979', 'sid-2B5363F4-D5A0-41C4-B626-E497657D21E4', 'b98a3e96-34a0-11ed-a5e5-283a4d3b4979', 'b98c3a6c-34a0-11ed-a5e5-283a4d3b4979', '总经理审批', NULL, NULL, NULL, 'admin', '2022-09-15 11:41:58.949', NULL, '2023-09-15 04:11:22.824', 31508963875, NULL, 50, NULL, NULL, NULL, '');
INSERT INTO `act_hi_taskinst` VALUES ('6194aaf6-a3c2-11ee-aaa2-6e6a773b7536', 'StudentLeave:2:a4637154-a322-11ee-ade9-6e6a773b7536', 'sid-088C0AE6-B15D-40B6-ABB3-27BA429EC5C5', '6193c08d-a3c2-11ee-aaa2-6e6a773b7536', '619435c3-a3c2-11ee-aaa2-6e6a773b7536', '辅导员审批', NULL, NULL, NULL, 'lisi', '2023-12-26 15:42:55.118', NULL, '2023-12-26 15:42:59.275', 4157, NULL, 50, NULL, NULL, NULL, '');
INSERT INTO `act_hi_taskinst` VALUES ('65ea2412-9f44-11ee-bdc4-6e6a773b7536', 'Leave:1:ecc98b0e-2fe9-11ed-aa68-283a4d3b4979', 'sid-B9B9B816-D9E3-4A0D-97A2-C504074C7DF7', '65e59029-9f44-11ee-bdc4-6e6a773b7536', '65e6537f-9f44-11ee-bdc4-6e6a773b7536', '直属领导审批', NULL, NULL, NULL, 'admin', '2023-12-20 22:31:01.150', NULL, '2023-12-26 15:37:42.998', 493601848, NULL, 50, NULL, NULL, NULL, '');
INSERT INTO `act_hi_taskinst` VALUES ('6f73154a-a3c2-11ee-aaa2-6e6a773b7536', 'courseManager:1:fc28f24c-91a4-11ee-9fdf-6e6a773b7536', 'sid-F0F2FA55-89B4-4A31-8F82-6A9C79487DFC', '6f72ee31-a3c2-11ee-aaa2-6e6a773b7536', '6f731547-a3c2-11ee-aaa2-6e6a773b7536', '教务处审批', NULL, NULL, NULL, 'admin', '2023-12-26 15:43:18.386', NULL, '2023-12-26 15:43:34.676', 16290, NULL, 50, NULL, NULL, NULL, '');
INSERT INTO `act_hi_taskinst` VALUES ('70c4e9ba-a3c2-11ee-aaa2-6e6a773b7536', 'courseManager:1:fc28f24c-91a4-11ee-9fdf-6e6a773b7536', 'sid-F0F2FA55-89B4-4A31-8F82-6A9C79487DFC', '70c4c2a1-a3c2-11ee-aaa2-6e6a773b7536', '70c4c2a7-a3c2-11ee-aaa2-6e6a773b7536', '教务处审批', NULL, NULL, NULL, 'admin', '2023-12-26 15:43:20.600', NULL, '2023-12-26 15:43:32.253', 11653, NULL, 50, NULL, NULL, NULL, '');
INSERT INTO `act_hi_taskinst` VALUES ('7bdb1356-9fd1-11ee-9ff6-6e6a773b7536', 'courseManager:1:fc28f24c-91a4-11ee-9fdf-6e6a773b7536', 'sid-F0F2FA55-89B4-4A31-8F82-6A9C79487DFC', '7bd742bd-9fd1-11ee-9ff6-6e6a773b7536', '7bd7df03-9fd1-11ee-9ff6-6e6a773b7536', '教务处审批', NULL, NULL, NULL, 'admin', '2023-12-21 15:20:57.000', NULL, '2023-12-21 15:21:11.711', 14711, NULL, 50, NULL, NULL, NULL, '');
INSERT INTO `act_hi_taskinst` VALUES ('88de5e10-952f-11ee-95a1-6e6a773b7536', 'Loan:1:1dfeff68-34bc-11ed-bd8b-283a4d3b4979', 'sid-2D3F212C-34A1-4D90-8A74-1BB7BCABA4AF', '88de36f7-952f-11ee-95a1-6e6a773b7536', '88de5e0d-952f-11ee-95a1-6e6a773b7536', '部门经理审核', NULL, NULL, NULL, 'admin', '2023-12-08 02:36:28.734', NULL, '2023-12-08 02:36:41.637', 12903, NULL, 50, NULL, NULL, NULL, '');
INSERT INTO `act_hi_taskinst` VALUES ('8c59ad6d-32ff-11ed-87bc-283a4d3b4979', 'Leave:1:ecc98b0e-2fe9-11ed-aa68-283a4d3b4979', 'sid-95041659-921C-4647-AA7E-007DD53297BA', '029458f3-32fb-11ed-9c60-283a4d3b4979', '02951c49-32fb-11ed-9c60-283a4d3b4979', '人事专员审批', NULL, NULL, NULL, 'zhangsan', '2022-09-13 09:01:07.109', NULL, '2022-09-13 13:50:20.894', 17353785, NULL, 50, NULL, NULL, NULL, '');
INSERT INTO `act_hi_taskinst` VALUES ('90906e0a-952f-11ee-95a1-6e6a773b7536', 'Loan:1:1dfeff68-34bc-11ed-bd8b-283a4d3b4979', 'sid-FB386C0B-E0A6-4E6A-849B-5E1614A99665', '88de36f7-952f-11ee-95a1-6e6a773b7536', '88de5e0d-952f-11ee-95a1-6e6a773b7536', '财务审批', NULL, NULL, NULL, 'admin', '2023-12-08 02:36:41.645', NULL, '2023-12-08 02:36:47.090', 5445, NULL, 50, NULL, NULL, NULL, '');
INSERT INTO `act_hi_taskinst` VALUES ('9b1fe0ca-9fd2-11ee-9ff6-6e6a773b7536', 'courseManager:1:fc28f24c-91a4-11ee-9fdf-6e6a773b7536', 'sid-F0F2FA55-89B4-4A31-8F82-6A9C79487DFC', '9b1fb9b1-9fd2-11ee-9ff6-6e6a773b7536', '9b1fb9b7-9fd2-11ee-9ff6-6e6a773b7536', '教务处审批', NULL, NULL, NULL, 'admin', '2023-12-21 15:28:58.957', NULL, '2023-12-25 03:44:29.370', 303330413, NULL, 50, NULL, NULL, NULL, '');
INSERT INTO `act_hi_taskinst` VALUES ('a0aa6829-a3be-11ee-8fe5-6e6a773b7536', 'StudentLeave:2:a4637154-a322-11ee-ade9-6e6a773b7536', 'sid-088C0AE6-B15D-40B6-ABB3-27BA429EC5C5', 'a0aa4110-a3be-11ee-8fe5-6e6a773b7536', 'a0aa6826-a3be-11ee-8fe5-6e6a773b7536', '辅导员审批', NULL, NULL, NULL, 'xiaoming', '2023-12-26 15:16:02.970', NULL, '2023-12-26 15:16:08.848', 5878, NULL, 50, NULL, NULL, NULL, '');
INSERT INTO `act_hi_taskinst` VALUES ('a3b9c856-91af-11ee-9fdf-6e6a773b7536', 'Loan:1:1dfeff68-34bc-11ed-bd8b-283a4d3b4979', 'sid-2D3F212C-34A1-4D90-8A74-1BB7BCABA4AF', 'a3b0a08d-91af-11ee-9fdf-6e6a773b7536', 'a3b22733-91af-11ee-9fdf-6e6a773b7536', '部门经理审核', NULL, NULL, NULL, 'admin', '2023-12-03 15:43:24.723', NULL, '2023-12-03 15:43:54.915', 30192, NULL, 50, NULL, NULL, NULL, '');
INSERT INTO `act_hi_taskinst` VALUES ('a60a9170-a3c1-11ee-aaa2-6e6a773b7536', 'Leave:1:ecc98b0e-2fe9-11ed-aa68-283a4d3b4979', 'sid-2DCAD4A9-FAE9-4044-B7B5-BBADCA437929', '266b6a44-a293-11ee-b602-6e6a773b7536', '266c54aa-a293-11ee-b602-6e6a773b7536', '部门经理审批', NULL, NULL, NULL, 'admin', '2023-12-26 15:37:40.479', NULL, '2023-12-26 15:37:45.277', 4798, NULL, 50, NULL, NULL, NULL, '');
INSERT INTO `act_hi_taskinst` VALUES ('a78c4f7a-a3c1-11ee-aaa2-6e6a773b7536', 'Leave:1:ecc98b0e-2fe9-11ed-aa68-283a4d3b4979', 'sid-2DCAD4A9-FAE9-4044-B7B5-BBADCA437929', '65e59029-9f44-11ee-bdc4-6e6a773b7536', '65e6537f-9f44-11ee-bdc4-6e6a773b7536', '部门经理审批', NULL, NULL, NULL, 'admin', '2023-12-26 15:37:43.007', NULL, '2023-12-26 15:37:55.227', 12220, NULL, 50, NULL, NULL, NULL, '');
INSERT INTO `act_hi_taskinst` VALUES ('a8e7e7e4-a3c1-11ee-aaa2-6e6a773b7536', 'Leave:1:ecc98b0e-2fe9-11ed-aa68-283a4d3b4979', 'sid-95041659-921C-4647-AA7E-007DD53297BA', '266b6a44-a293-11ee-b602-6e6a773b7536', '266c54aa-a293-11ee-b602-6e6a773b7536', '人事专员审批', NULL, NULL, NULL, 'admin', '2023-12-26 15:37:45.285', NULL, '2023-12-26 15:37:47.250', 1965, NULL, 50, NULL, NULL, NULL, '');
INSERT INTO `act_hi_taskinst` VALUES ('aa151d4e-a3c1-11ee-aaa2-6e6a773b7536', 'Leave:1:ecc98b0e-2fe9-11ed-aa68-283a4d3b4979', 'sid-E6384472-DFD1-4776-83CB-1F8733961BEE', '266b6a44-a293-11ee-b602-6e6a773b7536', '266c54aa-a293-11ee-b602-6e6a773b7536', '人事经理审批', NULL, NULL, NULL, 'admin', '2023-12-26 15:37:47.259', NULL, '2023-12-26 15:37:50.263', 3004, NULL, 50, NULL, NULL, NULL, '');
INSERT INTO `act_hi_taskinst` VALUES ('ab49e606-a3bc-11ee-81ba-6e6a773b7536', 'courseManager:1:fc28f24c-91a4-11ee-9fdf-6e6a773b7536', 'sid-F0F2FA55-89B4-4A31-8F82-6A9C79487DFC', 'ab45521d-a3bc-11ee-81ba-6e6a773b7536', 'ab466393-a3bc-11ee-81ba-6e6a773b7536', '教务处审批', NULL, NULL, NULL, 'admin', '2023-12-26 15:02:01.799', NULL, '2023-12-26 15:02:22.648', 20849, NULL, 50, NULL, NULL, NULL, '');
INSERT INTO `act_hi_taskinst` VALUES ('abe08e88-a3c1-11ee-aaa2-6e6a773b7536', 'Leave:1:ecc98b0e-2fe9-11ed-aa68-283a4d3b4979', 'sid-2B5363F4-D5A0-41C4-B626-E497657D21E4', '266b6a44-a293-11ee-b602-6e6a773b7536', '266c54aa-a293-11ee-b602-6e6a773b7536', '总经理审批', NULL, NULL, NULL, 'admin', '2023-12-26 15:37:50.270', NULL, '2023-12-26 15:37:52.488', 2218, NULL, 50, NULL, NULL, NULL, '');
INSERT INTO `act_hi_taskinst` VALUES ('aed627e6-a3c1-11ee-aaa2-6e6a773b7536', 'Leave:1:ecc98b0e-2fe9-11ed-aa68-283a4d3b4979', 'sid-95041659-921C-4647-AA7E-007DD53297BA', '65e59029-9f44-11ee-bdc4-6e6a773b7536', '65e6537f-9f44-11ee-bdc4-6e6a773b7536', '人事专员审批', NULL, NULL, NULL, 'admin', '2023-12-26 15:37:55.235', NULL, '2023-12-26 15:37:57.928', 2693, NULL, 50, NULL, NULL, NULL, '');
INSERT INTO `act_hi_taskinst` VALUES ('b072e800-a3c1-11ee-aaa2-6e6a773b7536', 'Leave:1:ecc98b0e-2fe9-11ed-aa68-283a4d3b4979', 'sid-E6384472-DFD1-4776-83CB-1F8733961BEE', '65e59029-9f44-11ee-bdc4-6e6a773b7536', '65e6537f-9f44-11ee-bdc4-6e6a773b7536', '人事经理审批', NULL, NULL, NULL, 'admin', '2023-12-26 15:37:57.940', NULL, '2023-12-26 15:38:00.898', 2958, NULL, 50, NULL, NULL, NULL, '');
INSERT INTO `act_hi_taskinst` VALUES ('b237f09a-a3c1-11ee-aaa2-6e6a773b7536', 'Leave:1:ecc98b0e-2fe9-11ed-aa68-283a4d3b4979', 'sid-2B5363F4-D5A0-41C4-B626-E497657D21E4', '65e59029-9f44-11ee-bdc4-6e6a773b7536', '65e6537f-9f44-11ee-bdc4-6e6a773b7536', '总经理审批', NULL, NULL, NULL, 'admin', '2023-12-26 15:38:00.909', NULL, '2023-12-26 15:38:02.632', 1723, NULL, 50, NULL, NULL, NULL, '');
INSERT INTO `act_hi_taskinst` VALUES ('b4b377f8-a3c1-11ee-aaa2-6e6a773b7536', 'Leave:1:ecc98b0e-2fe9-11ed-aa68-283a4d3b4979', 'sid-2DCAD4A9-FAE9-4044-B7B5-BBADCA437929', '27f3a1a0-91da-11ee-a869-6e6a773b7536', '27f7c056-91da-11ee-a869-6e6a773b7536', '部门经理审批', NULL, NULL, NULL, 'admin', '2023-12-26 15:38:05.074', NULL, '2023-12-26 15:38:07.474', 2400, NULL, 50, NULL, NULL, NULL, '');
INSERT INTO `act_hi_taskinst` VALUES ('b5ba6510-91af-11ee-9fdf-6e6a773b7536', 'Loan:1:1dfeff68-34bc-11ed-bd8b-283a4d3b4979', 'sid-FB386C0B-E0A6-4E6A-849B-5E1614A99665', 'a3b0a08d-91af-11ee-9fdf-6e6a773b7536', 'a3b22733-91af-11ee-9fdf-6e6a773b7536', '财务审批', NULL, NULL, NULL, 'admin', '2023-12-03 15:43:54.926', NULL, '2023-12-26 15:38:15.986', 1986861060, NULL, 50, NULL, NULL, NULL, '');
INSERT INTO `act_hi_taskinst` VALUES ('b623a9d2-a3c1-11ee-aaa2-6e6a773b7536', 'Leave:1:ecc98b0e-2fe9-11ed-aa68-283a4d3b4979', 'sid-95041659-921C-4647-AA7E-007DD53297BA', '27f3a1a0-91da-11ee-a869-6e6a773b7536', '27f7c056-91da-11ee-a869-6e6a773b7536', '人事专员审批', NULL, NULL, NULL, 'admin', '2023-12-26 15:38:07.487', NULL, '2023-12-26 15:38:09.834', 2347, NULL, 50, NULL, NULL, NULL, '');
INSERT INTO `act_hi_taskinst` VALUES ('b78adafc-a3c1-11ee-aaa2-6e6a773b7536', 'Leave:1:ecc98b0e-2fe9-11ed-aa68-283a4d3b4979', 'sid-E6384472-DFD1-4776-83CB-1F8733961BEE', '27f3a1a0-91da-11ee-a869-6e6a773b7536', '27f7c056-91da-11ee-a869-6e6a773b7536', '人事经理审批', NULL, NULL, NULL, 'admin', '2023-12-26 15:38:09.841', NULL, '2023-12-26 15:38:12.297', 2456, NULL, 50, NULL, NULL, NULL, '');
INSERT INTO `act_hi_taskinst` VALUES ('b9032326-a3c1-11ee-aaa2-6e6a773b7536', 'Leave:1:ecc98b0e-2fe9-11ed-aa68-283a4d3b4979', 'sid-2B5363F4-D5A0-41C4-B626-E497657D21E4', '27f3a1a0-91da-11ee-a869-6e6a773b7536', '27f7c056-91da-11ee-a869-6e6a773b7536', '总经理审批', NULL, NULL, NULL, 'admin', '2023-12-26 15:38:12.307', NULL, '2023-12-26 15:38:14.080', 1773, NULL, 50, NULL, NULL, NULL, '');
INSERT INTO `act_hi_taskinst` VALUES ('b990a73f-34a0-11ed-a5e5-283a4d3b4979', 'Leave:1:ecc98b0e-2fe9-11ed-aa68-283a4d3b4979', 'sid-B9B9B816-D9E3-4A0D-97A2-C504074C7DF7', 'b98a3e96-34a0-11ed-a5e5-283a4d3b4979', 'b98c3a6c-34a0-11ed-a5e5-283a4d3b4979', '直属领导审批', NULL, NULL, NULL, 'admin', '2022-09-15 10:47:23.103', NULL, '2022-09-15 11:39:47.370', 3144267, NULL, 50, NULL, NULL, NULL, '');
INSERT INTO `act_hi_taskinst` VALUES ('bcce8218-a3c1-11ee-aaa2-6e6a773b7536', 'Leave:1:ecc98b0e-2fe9-11ed-aa68-283a4d3b4979', 'sid-95041659-921C-4647-AA7E-007DD53297BA', '18eb947a-5ad5-11ee-bbd0-6e6a773b7536', '18ecf410-5ad5-11ee-bbd0-6e6a773b7536', '人事专员审批', NULL, NULL, NULL, NULL, '2023-12-26 15:38:18.673', NULL, '2023-12-26 16:53:15.536', 4496863, 'admin 作废了当前流程申请', 50, NULL, NULL, NULL, '');
INSERT INTO `act_hi_taskinst` VALUES ('c7491ff1-33c7-11ed-86cc-283a4d3b4979', 'Leave:1:ecc98b0e-2fe9-11ed-aa68-283a4d3b4979', 'sid-B9B9B816-D9E3-4A0D-97A2-C504074C7DF7', 'c7443de8-33c7-11ed-86cc-283a4d3b4979', 'c745013e-33c7-11ed-86cc-283a4d3b4979', '直属领导审批', NULL, NULL, NULL, 'admin', '2022-09-14 08:54:25.332', NULL, '2022-09-15 11:41:10.411', 96405079, NULL, 50, NULL, NULL, NULL, '');
INSERT INTO `act_hi_taskinst` VALUES ('cdc3c8fc-a3f1-11ee-98e3-6e6a773b7536', 'courseManager:1:fc28f24c-91a4-11ee-9fdf-6e6a773b7536', 'sid-F0F2FA55-89B4-4A31-8F82-6A9C79487DFC', 'cdb8f383-a3f1-11ee-98e3-6e6a773b7536', 'cdbc4ee9-a3f1-11ee-98e3-6e6a773b7536', '教务处审批', NULL, NULL, NULL, 'admin', '2023-12-26 21:22:22.967', NULL, NULL, NULL, NULL, 50, NULL, NULL, NULL, '');
INSERT INTO `act_hi_taskinst` VALUES ('cdc8dbb2-6c20-11ee-a512-6e6a773b7536', 'Leave:1:ecc98b0e-2fe9-11ed-aa68-283a4d3b4979', 'sid-2DCAD4A9-FAE9-4044-B7B5-BBADCA437929', '18eb947a-5ad5-11ee-bbd0-6e6a773b7536', '18ecf410-5ad5-11ee-bbd0-6e6a773b7536', '部门经理审批', NULL, NULL, NULL, 'admin', '2023-10-16 20:37:44.231', NULL, '2023-12-26 15:38:18.661', 6116434430, NULL, 50, NULL, NULL, NULL, '');
INSERT INTO `act_hi_taskinst` VALUES ('d07f796b-a320-11ee-ade9-6e6a773b7536', 'courseManager:1:fc28f24c-91a4-11ee-9fdf-6e6a773b7536', 'sid-F0F2FA55-89B4-4A31-8F82-6A9C79487DFC', 'd077ff52-a320-11ee-ade9-6e6a773b7536', 'd079d418-a320-11ee-ade9-6e6a773b7536', '教务处审批', NULL, NULL, NULL, 'zhangsan', '2023-12-25 20:26:22.736', NULL, '2023-12-26 00:25:35.326', 14352590, NULL, 50, NULL, NULL, NULL, '');
INSERT INTO `act_hi_taskinst` VALUES ('d17b29db-a343-11ee-ade9-6e6a773b7536', 'StudentLeave:2:a4637154-a322-11ee-ade9-6e6a773b7536', 'sid-088C0AE6-B15D-40B6-ABB3-27BA429EC5C5', 'd17adbb2-a343-11ee-ade9-6e6a773b7536', 'd17b02c8-a343-11ee-ade9-6e6a773b7536', '辅导员审批', NULL, NULL, NULL, 'zhangsan', '2023-12-26 00:36:56.771', NULL, '2023-12-26 00:37:11.866', 15095, NULL, 50, NULL, NULL, NULL, '');
INSERT INTO `act_hi_taskinst` VALUES ('d7eb539e-332a-11ed-be56-283a4d3b4979', 'Leave:1:ecc98b0e-2fe9-11ed-aa68-283a4d3b4979', 'sid-B9B9B816-D9E3-4A0D-97A2-C504074C7DF7', '029458f3-32fb-11ed-9c60-283a4d3b4979', '02951c49-32fb-11ed-9c60-283a4d3b4979', '直属领导审批', NULL, NULL, NULL, 'admin', '2022-09-13 14:11:02.252', NULL, '2022-09-13 14:11:52.104', 49852, NULL, 50, NULL, NULL, NULL, '');
INSERT INTO `act_hi_taskinst` VALUES ('e63f2c5f-a343-11ee-ade9-6e6a773b7536', 'StudentLeave:2:a4637154-a322-11ee-ade9-6e6a773b7536', 'sid-088C0AE6-B15D-40B6-ABB3-27BA429EC5C5', 'e63f0546-a343-11ee-ade9-6e6a773b7536', 'e63f054c-a343-11ee-ade9-6e6a773b7536', '辅导员审批', NULL, NULL, NULL, 'zhangsan', '2023-12-26 00:37:31.610', NULL, '2023-12-26 00:37:35.894', 4284, NULL, 50, NULL, NULL, NULL, '');
INSERT INTO `act_hi_taskinst` VALUES ('eabe74bc-a3f1-11ee-98e3-6e6a773b7536', 'courseManager:1:fc28f24c-91a4-11ee-9fdf-6e6a773b7536', 'sid-F0F2FA55-89B4-4A31-8F82-6A9C79487DFC', 'eabe4da3-a3f1-11ee-98e3-6e6a773b7536', 'eabe4da9-a3f1-11ee-98e3-6e6a773b7536', '教务处审批', NULL, NULL, NULL, 'admin', '2023-12-26 21:23:11.586', NULL, NULL, NULL, NULL, 50, NULL, NULL, NULL, '');
INSERT INTO `act_hi_taskinst` VALUES ('f408c5f3-3327-11ed-8143-283a4d3b4979', 'Leave:1:ecc98b0e-2fe9-11ed-aa68-283a4d3b4979', 'sid-E6384472-DFD1-4776-83CB-1F8733961BEE', '029458f3-32fb-11ed-9c60-283a4d3b4979', '02951c49-32fb-11ed-9c60-283a4d3b4979', '人事经理审批', NULL, NULL, NULL, 'admin', '2022-09-13 13:50:20.931', NULL, '2022-09-13 14:11:02.210', 1241279, NULL, 50, NULL, NULL, NULL, '');
INSERT INTO `act_hi_taskinst` VALUES ('f5a35be8-332a-11ed-be56-283a4d3b4979', 'Leave:1:ecc98b0e-2fe9-11ed-aa68-283a4d3b4979', 'sid-2DCAD4A9-FAE9-4044-B7B5-BBADCA437929', '029458f3-32fb-11ed-9c60-283a4d3b4979', '02951c49-32fb-11ed-9c60-283a4d3b4979', '部门经理审批', NULL, NULL, NULL, 'admin', '2022-09-13 14:11:52.112', NULL, '2022-09-14 08:53:03.240', 67271128, 'admin 作废了当前流程申请', 50, NULL, NULL, NULL, '');
INSERT INTO `act_hi_taskinst` VALUES ('f5be5b32-a3c2-11ee-aaa2-6e6a773b7536', 'StudentLeave:2:a4637154-a322-11ee-ade9-6e6a773b7536', 'sid-088C0AE6-B15D-40B6-ABB3-27BA429EC5C5', 'f5be3419-a3c2-11ee-aaa2-6e6a773b7536', 'f5be5b2f-a3c2-11ee-aaa2-6e6a773b7536', '辅导员审批', NULL, NULL, NULL, 'zhangsan', '2023-12-26 15:47:03.694', NULL, '2023-12-26 15:47:08.631', 4937, NULL, 50, NULL, NULL, NULL, '');

-- ----------------------------
-- Table structure for act_hi_varinst
-- ----------------------------
DROP TABLE IF EXISTS `act_hi_varinst`;
CREATE TABLE `act_hi_varinst`  (
  `ID_` varchar(64) CHARACTER SET utf8 COLLATE utf8_bin NOT NULL,
  `PROC_INST_ID_` varchar(64) CHARACTER SET utf8 COLLATE utf8_bin NULL DEFAULT NULL,
  `EXECUTION_ID_` varchar(64) CHARACTER SET utf8 COLLATE utf8_bin NULL DEFAULT NULL,
  `TASK_ID_` varchar(64) CHARACTER SET utf8 COLLATE utf8_bin NULL DEFAULT NULL,
  `NAME_` varchar(255) CHARACTER SET utf8 COLLATE utf8_bin NOT NULL,
  `VAR_TYPE_` varchar(100) CHARACTER SET utf8 COLLATE utf8_bin NULL DEFAULT NULL,
  `REV_` int NULL DEFAULT NULL,
  `BYTEARRAY_ID_` varchar(64) CHARACTER SET utf8 COLLATE utf8_bin NULL DEFAULT NULL,
  `DOUBLE_` double NULL DEFAULT NULL,
  `LONG_` bigint NULL DEFAULT NULL,
  `TEXT_` varchar(4000) CHARACTER SET utf8 COLLATE utf8_bin NULL DEFAULT NULL,
  `TEXT2_` varchar(4000) CHARACTER SET utf8 COLLATE utf8_bin NULL DEFAULT NULL,
  `CREATE_TIME_` datetime(3) NULL DEFAULT NULL,
  `LAST_UPDATED_TIME_` datetime(3) NULL DEFAULT NULL,
  PRIMARY KEY (`ID_`) USING BTREE,
  INDEX `ACT_IDX_HI_PROCVAR_PROC_INST`(`PROC_INST_ID_`) USING BTREE,
  INDEX `ACT_IDX_HI_PROCVAR_NAME_TYPE`(`NAME_`, `VAR_TYPE_`) USING BTREE,
  INDEX `ACT_IDX_HI_PROCVAR_TASK_ID`(`TASK_ID_`) USING BTREE
) ENGINE = InnoDB CHARACTER SET = utf8 COLLATE = utf8_bin ROW_FORMAT = DYNAMIC;

-- ----------------------------
-- Records of act_hi_varinst
-- ----------------------------
INSERT INTO `act_hi_varinst` VALUES ('0294ce25-32fb-11ed-9c60-283a4d3b4979', '029458f3-32fb-11ed-9c60-283a4d3b4979', '029458f3-32fb-11ed-9c60-283a4d3b4979', NULL, 'entity', 'json', 5, NULL, NULL, NULL, '{\"id\":\"1569483068132782082\",\"username\":\"admin\",\"leaveType\":2,\"title\":\"事假123\",\"leaveReason\":\"事假123\",\"startDate\":\"2022-09-12T16:00:00.000+00:00\",\"endDate\":\"2022-09-23T15:59:59.000+00:00\",\"duration\":11,\"principal\":\"2\",\"contactPhone\":\"1\",\"createDate\":\"2022-09-13T00:28:17.000+00:00\",\"updateDate\":\"2022-09-13T00:28:17.000+00:00\",\"status\":1,\"statusStr\":\"待提交\",\"startDateStr\":\"2022-09-13 00:00:00\",\"endDateStr\":\"2022-09-23 23:59:59\",\"createDateStr\":\"2022-09-13 08:28:17\",\"leaveTypeStr\":\"事假\",\"updateDateStr\":\"2022-09-13 08:28:17\"}', 'java.util.LinkedHashMap', '2022-09-13 08:28:37.984', '2022-09-13 14:11:52.109');
INSERT INTO `act_hi_varinst` VALUES ('02951c47-32fb-11ed-9c60-283a4d3b4979', '029458f3-32fb-11ed-9c60-283a4d3b4979', '029458f3-32fb-11ed-9c60-283a4d3b4979', NULL, 'formName', 'string', 5, NULL, NULL, NULL, 'LeaveForm', NULL, '2022-09-13 08:28:37.986', '2022-09-13 14:11:52.110');
INSERT INTO `act_hi_varinst` VALUES ('0299620d-32fb-11ed-9c60-283a4d3b4979', '029458f3-32fb-11ed-9c60-283a4d3b4979', '02951c49-32fb-11ed-9c60-283a4d3b4979', '02989ebc-32fb-11ed-9c60-283a4d3b4979', 'formName', 'string', 0, NULL, NULL, NULL, 'LeaveForm', NULL, '2022-09-13 08:28:38.015', '2022-09-13 08:28:38.015');
INSERT INTO `act_hi_varinst` VALUES ('0299891f-32fb-11ed-9c60-283a4d3b4979', '029458f3-32fb-11ed-9c60-283a4d3b4979', '02951c49-32fb-11ed-9c60-283a4d3b4979', '02989ebc-32fb-11ed-9c60-283a4d3b4979', 'entity', 'json', 0, NULL, NULL, NULL, '{\"id\":\"1569483068132782082\",\"username\":\"admin\",\"leaveType\":2,\"title\":\"事假123\",\"leaveReason\":\"事假123\",\"startDate\":\"2022-09-12T16:00:00.000+00:00\",\"endDate\":\"2022-09-23T15:59:59.000+00:00\",\"duration\":11,\"principal\":\"2\",\"contactPhone\":\"1\",\"createDate\":\"2022-09-13T00:28:17.000+00:00\",\"updateDate\":\"2022-09-13T00:28:17.000+00:00\",\"status\":1,\"statusStr\":\"待提交\",\"startDateStr\":\"2022-09-13 00:00:00\",\"endDateStr\":\"2022-09-23 23:59:59\",\"createDateStr\":\"2022-09-13 08:28:17\",\"leaveTypeStr\":\"事假\",\"updateDateStr\":\"2022-09-13 08:28:17\"}', 'java.util.LinkedHashMap', '2022-09-13 08:28:38.015', '2022-09-13 08:28:38.015');
INSERT INTO `act_hi_varinst` VALUES ('03b3fbb7-a342-11ee-ade9-6e6a773b7536', '03b3ad95-a342-11ee-ade9-6e6a773b7536', '03b3ad95-a342-11ee-ade9-6e6a773b7536', NULL, 'entity', 'json', 1, NULL, NULL, NULL, '{\"id\":\"1739262434855665665\",\"name\":\"xuesheng11\",\"course_name\":\"计算机网络\",\"teacher_nick_name\":\"张三\",\"time\":\"1-8周 周三 9:40-11:50\",\"reason\":\"adsd\",\"createDate\":\"2023-12-25T12:30:53.000+00:00\",\"status\":1,\"createDateStr\":\"2023-12-25 20:30:53\",\"statusStr\":\"待提交\"}', 'java.util.LinkedHashMap', '2023-12-26 00:24:02.036', '2023-12-26 00:24:50.075');
INSERT INTO `act_hi_varinst` VALUES ('03b422c9-a342-11ee-ade9-6e6a773b7536', '03b3ad95-a342-11ee-ade9-6e6a773b7536', '03b3ad95-a342-11ee-ade9-6e6a773b7536', NULL, 'formName', 'string', 1, NULL, NULL, NULL, 'StudentLeaveForm', NULL, '2023-12-26 00:24:02.037', '2023-12-26 00:24:50.078');
INSERT INTO `act_hi_varinst` VALUES ('03b50d2f-a342-11ee-ade9-6e6a773b7536', '03b3ad95-a342-11ee-ade9-6e6a773b7536', '03b422cb-a342-11ee-ade9-6e6a773b7536', '03b497fe-a342-11ee-ade9-6e6a773b7536', 'formName', 'string', 0, NULL, NULL, NULL, 'StudentLeaveForm', NULL, '2023-12-26 00:24:02.043', '2023-12-26 00:24:02.043');
INSERT INTO `act_hi_varinst` VALUES ('03b50d31-a342-11ee-ade9-6e6a773b7536', '03b3ad95-a342-11ee-ade9-6e6a773b7536', '03b422cb-a342-11ee-ade9-6e6a773b7536', '03b497fe-a342-11ee-ade9-6e6a773b7536', 'entity', 'json', 0, NULL, NULL, NULL, '{\"id\":\"1739262434855665665\",\"name\":\"xuesheng11\",\"course_name\":\"计算机网络\",\"teacher_nick_name\":\"张三\",\"time\":\"1-8周 周三 9:40-11:50\",\"reason\":\"adsd\",\"createDate\":\"2023-12-25T12:30:53.000+00:00\",\"status\":1,\"createDateStr\":\"2023-12-25 20:30:53\",\"statusStr\":\"待提交\"}', 'java.util.LinkedHashMap', '2023-12-26 00:24:02.043', '2023-12-26 00:24:02.043');
INSERT INTO `act_hi_varinst` VALUES ('05da0b4f-a3c3-11ee-aaa2-6e6a773b7536', '05da0b4d-a3c3-11ee-aaa2-6e6a773b7536', '05da0b4d-a3c3-11ee-aaa2-6e6a773b7536', NULL, 'entity', 'json', 1, NULL, NULL, NULL, '{\"id\":\"6\",\"name\":\"高等数学\",\"tchId\":\"zhangsan\",\"nick_name\":\"张三\",\"time\":\"9-16周 周四 9:40-11:50\",\"room\":\"C4-116\",\"classId\":\"202003101\",\"class_name\":\"20计科1班\",\"createDate\":\"2023-12-17T00:11:35.000+00:00\",\"updateDate\":\"2023-12-17T00:11:35.000+00:00\",\"status\":1,\"createDateStr\":\"2023-12-17 08:11:35\",\"updateDateStr\":\"2023-12-17 08:11:35\",\"statusStr\":\"待提交\"}', 'java.util.LinkedHashMap', '2023-12-26 15:47:30.719', '2023-12-26 15:57:18.197');
INSERT INTO `act_hi_varinst` VALUES ('05da0b51-a3c3-11ee-aaa2-6e6a773b7536', '05da0b4d-a3c3-11ee-aaa2-6e6a773b7536', '05da0b4d-a3c3-11ee-aaa2-6e6a773b7536', NULL, 'formName', 'string', 1, NULL, NULL, NULL, 'courseManagerForm', NULL, '2023-12-26 15:47:30.720', '2023-12-26 15:57:18.198');
INSERT INTO `act_hi_varinst` VALUES ('05da5977-a3c3-11ee-aaa2-6e6a773b7536', '05da0b4d-a3c3-11ee-aaa2-6e6a773b7536', '05da3263-a3c3-11ee-aaa2-6e6a773b7536', '05da3266-a3c3-11ee-aaa2-6e6a773b7536', 'formName', 'string', 0, NULL, NULL, NULL, 'courseManagerForm', NULL, '2023-12-26 15:47:30.721', '2023-12-26 15:47:30.721');
INSERT INTO `act_hi_varinst` VALUES ('05da5979-a3c3-11ee-aaa2-6e6a773b7536', '05da0b4d-a3c3-11ee-aaa2-6e6a773b7536', '05da3263-a3c3-11ee-aaa2-6e6a773b7536', '05da3266-a3c3-11ee-aaa2-6e6a773b7536', 'entity', 'json', 0, NULL, NULL, NULL, '{\"id\":\"6\",\"name\":\"高等数学\",\"tchId\":\"zhangsan\",\"nick_name\":\"张三\",\"time\":\"9-16周 周四 9:40-11:50\",\"room\":\"C4-116\",\"classId\":\"202003101\",\"class_name\":\"20计科1班\",\"createDate\":\"2023-12-17T00:11:35.000+00:00\",\"updateDate\":\"2023-12-17T00:11:35.000+00:00\",\"status\":1,\"createDateStr\":\"2023-12-17 08:11:35\",\"updateDateStr\":\"2023-12-17 08:11:35\",\"statusStr\":\"待提交\"}', 'java.util.LinkedHashMap', '2023-12-26 15:47:30.721', '2023-12-26 15:47:30.721');
INSERT INTO `act_hi_varinst` VALUES ('0781a0df-a3c3-11ee-aaa2-6e6a773b7536', '078179cd-a3c3-11ee-aaa2-6e6a773b7536', '078179cd-a3c3-11ee-aaa2-6e6a773b7536', NULL, 'entity', 'json', 1, NULL, NULL, NULL, '{\"id\":\"7\",\"name\":\"线性代数\",\"tchId\":\"zhangsan\",\"nick_name\":\"张三\",\"time\":\"1-8周 周三 8:00-9:25\",\"room\":\"C4-116\",\"classId\":\"202003101\",\"class_name\":\"20计科1班\",\"createDate\":\"2023-12-17T00:11:35.000+00:00\",\"updateDate\":\"2023-12-17T00:11:35.000+00:00\",\"status\":1,\"createDateStr\":\"2023-12-17 08:11:35\",\"updateDateStr\":\"2023-12-17 08:11:35\",\"statusStr\":\"待提交\"}', 'java.util.LinkedHashMap', '2023-12-26 15:47:33.495', '2023-12-26 15:57:15.632');
INSERT INTO `act_hi_varinst` VALUES ('0781a0e1-a3c3-11ee-aaa2-6e6a773b7536', '078179cd-a3c3-11ee-aaa2-6e6a773b7536', '078179cd-a3c3-11ee-aaa2-6e6a773b7536', NULL, 'formName', 'string', 1, NULL, NULL, NULL, 'courseManagerForm', NULL, '2023-12-26 15:47:33.495', '2023-12-26 15:57:15.634');
INSERT INTO `act_hi_varinst` VALUES ('0781c7f7-a3c3-11ee-aaa2-6e6a773b7536', '078179cd-a3c3-11ee-aaa2-6e6a773b7536', '0781a0e3-a3c3-11ee-aaa2-6e6a773b7536', '0781a0e6-a3c3-11ee-aaa2-6e6a773b7536', 'formName', 'string', 0, NULL, NULL, NULL, 'courseManagerForm', NULL, '2023-12-26 15:47:33.496', '2023-12-26 15:47:33.496');
INSERT INTO `act_hi_varinst` VALUES ('0781c7f9-a3c3-11ee-aaa2-6e6a773b7536', '078179cd-a3c3-11ee-aaa2-6e6a773b7536', '0781a0e3-a3c3-11ee-aaa2-6e6a773b7536', '0781a0e6-a3c3-11ee-aaa2-6e6a773b7536', 'entity', 'json', 0, NULL, NULL, NULL, '{\"id\":\"7\",\"name\":\"线性代数\",\"tchId\":\"zhangsan\",\"nick_name\":\"张三\",\"time\":\"1-8周 周三 8:00-9:25\",\"room\":\"C4-116\",\"classId\":\"202003101\",\"class_name\":\"20计科1班\",\"createDate\":\"2023-12-17T00:11:35.000+00:00\",\"updateDate\":\"2023-12-17T00:11:35.000+00:00\",\"status\":1,\"createDateStr\":\"2023-12-17 08:11:35\",\"updateDateStr\":\"2023-12-17 08:11:35\",\"statusStr\":\"待提交\"}', 'java.util.LinkedHashMap', '2023-12-26 15:47:33.496', '2023-12-26 15:47:33.496');
INSERT INTO `act_hi_varinst` VALUES ('0bb2f192-34a8-11ed-a5e5-283a4d3b4979', 'b98a3e96-34a0-11ed-a5e5-283a4d3b4979', 'b98c3a6c-34a0-11ed-a5e5-283a4d3b4979', '0bb2a371-34a8-11ed-a5e5-283a4d3b4979', 'formName', 'string', 0, NULL, NULL, NULL, 'LeaveForm', NULL, '2022-09-15 11:39:47.378', '2022-09-15 11:39:47.378');
INSERT INTO `act_hi_varinst` VALUES ('0bb2f194-34a8-11ed-a5e5-283a4d3b4979', 'b98a3e96-34a0-11ed-a5e5-283a4d3b4979', 'b98c3a6c-34a0-11ed-a5e5-283a4d3b4979', '0bb2a371-34a8-11ed-a5e5-283a4d3b4979', 'entity', 'json', 0, NULL, NULL, NULL, '{\"id\":\"1567777623949111297\",\"username\":\"admin\",\"leaveType\":2,\"title\":\"12345\",\"leaveReason\":\"4567\",\"startDate\":\"2022-09-07T16:00:00.000+00:00\",\"endDate\":\"2022-09-16T15:59:59.000+00:00\",\"duration\":9,\"principal\":\"2\",\"contactPhone\":\"1\",\"createDate\":\"2022-09-08T07:31:28.000+00:00\",\"updateDate\":\"2022-09-08T07:31:28.000+00:00\",\"processInstanceId\":\"\",\"status\":0,\"createDateStr\":\"2022-09-08 15:31:28\",\"leaveTypeStr\":\"事假\",\"startDateStr\":\"2022-09-08 00:00:00\",\"statusStr\":\"已撤回\",\"endDateStr\":\"2022-09-16 23:59:59\",\"updateDateStr\":\"2022-09-08 15:31:28\"}', 'java.util.LinkedHashMap', '2022-09-15 11:39:47.378', '2022-09-15 11:39:47.378');
INSERT INTO `act_hi_varinst` VALUES ('18ec7edc-5ad5-11ee-bbd0-6e6a773b7536', '18eb947a-5ad5-11ee-bbd0-6e6a773b7536', '18eb947a-5ad5-11ee-bbd0-6e6a773b7536', NULL, 'entity', 'json', 2, NULL, NULL, NULL, '{\"id\":\"1702314547039215617\",\"username\":\"admin\",\"leaveType\":1,\"title\":\"测试3\",\"leaveReason\":\"121212\",\"startDate\":\"2023-09-13T16:00:00.000+00:00\",\"endDate\":\"2023-10-16T15:59:59.000+00:00\",\"duration\":33,\"createDate\":\"2023-09-14T13:33:10.000+00:00\",\"updateDate\":\"2023-09-14T13:33:40.000+00:00\",\"processInstanceId\":\"\",\"status\":0,\"endDateStr\":\"2023-10-16 23:59:59\",\"leaveTypeStr\":\"病假\",\"startDateStr\":\"2023-09-14 00:00:00\",\"updateDateStr\":\"2023-09-14 21:33:40\",\"createDateStr\":\"2023-09-14 21:33:10\",\"statusStr\":\"已撤回\"}', 'java.util.LinkedHashMap', '2023-09-24 20:22:58.775', '2023-12-26 15:38:18.668');
INSERT INTO `act_hi_varinst` VALUES ('18ecccfe-5ad5-11ee-bbd0-6e6a773b7536', '18eb947a-5ad5-11ee-bbd0-6e6a773b7536', '18eb947a-5ad5-11ee-bbd0-6e6a773b7536', NULL, 'formName', 'string', 2, NULL, NULL, NULL, 'LeaveForm', NULL, '2023-09-24 20:22:58.777', '2023-12-26 15:38:18.669');
INSERT INTO `act_hi_varinst` VALUES ('18f1d614-5ad5-11ee-bbd0-6e6a773b7536', '18eb947a-5ad5-11ee-bbd0-6e6a773b7536', '18ecf410-5ad5-11ee-bbd0-6e6a773b7536', '18f0ebb3-5ad5-11ee-bbd0-6e6a773b7536', 'formName', 'string', 0, NULL, NULL, NULL, 'LeaveForm', NULL, '2023-09-24 20:22:58.810', '2023-09-24 20:22:58.810');
INSERT INTO `act_hi_varinst` VALUES ('18f1fd26-5ad5-11ee-bbd0-6e6a773b7536', '18eb947a-5ad5-11ee-bbd0-6e6a773b7536', '18ecf410-5ad5-11ee-bbd0-6e6a773b7536', '18f0ebb3-5ad5-11ee-bbd0-6e6a773b7536', 'entity', 'json', 0, NULL, NULL, NULL, '{\"id\":\"1702314547039215617\",\"username\":\"admin\",\"leaveType\":1,\"title\":\"测试3\",\"leaveReason\":\"121212\",\"startDate\":\"2023-09-13T16:00:00.000+00:00\",\"endDate\":\"2023-10-16T15:59:59.000+00:00\",\"duration\":33,\"createDate\":\"2023-09-14T13:33:10.000+00:00\",\"updateDate\":\"2023-09-14T13:33:40.000+00:00\",\"processInstanceId\":\"\",\"status\":0,\"endDateStr\":\"2023-10-16 23:59:59\",\"leaveTypeStr\":\"病假\",\"startDateStr\":\"2023-09-14 00:00:00\",\"updateDateStr\":\"2023-09-14 21:33:40\",\"createDateStr\":\"2023-09-14 21:33:10\",\"statusStr\":\"已撤回\"}', 'java.util.LinkedHashMap', '2023-09-24 20:22:58.811', '2023-09-24 20:22:58.811');
INSERT INTO `act_hi_varinst` VALUES ('25ca537c-34a8-11ed-a5e5-283a4d3b4979', 'b98a3e96-34a0-11ed-a5e5-283a4d3b4979', 'b98c3a6c-34a0-11ed-a5e5-283a4d3b4979', '25ca055b-34a8-11ed-a5e5-283a4d3b4979', 'formName', 'string', 0, NULL, NULL, NULL, 'LeaveForm', NULL, '2022-09-15 11:40:31.152', '2022-09-15 11:40:31.152');
INSERT INTO `act_hi_varinst` VALUES ('25ca537e-34a8-11ed-a5e5-283a4d3b4979', 'b98a3e96-34a0-11ed-a5e5-283a4d3b4979', 'b98c3a6c-34a0-11ed-a5e5-283a4d3b4979', '25ca055b-34a8-11ed-a5e5-283a4d3b4979', 'entity', 'json', 0, NULL, NULL, NULL, '{\"id\":\"1567777623949111297\",\"username\":\"admin\",\"leaveType\":2,\"title\":\"12345\",\"leaveReason\":\"4567\",\"startDate\":\"2022-09-07T16:00:00.000+00:00\",\"endDate\":\"2022-09-16T15:59:59.000+00:00\",\"duration\":9,\"principal\":\"2\",\"contactPhone\":\"1\",\"createDate\":\"2022-09-08T07:31:28.000+00:00\",\"updateDate\":\"2022-09-08T07:31:28.000+00:00\",\"processInstanceId\":\"\",\"status\":0,\"createDateStr\":\"2022-09-08 15:31:28\",\"leaveTypeStr\":\"事假\",\"startDateStr\":\"2022-09-08 00:00:00\",\"statusStr\":\"已撤回\",\"endDateStr\":\"2022-09-16 23:59:59\",\"updateDateStr\":\"2022-09-08 15:31:28\"}', 'java.util.LinkedHashMap', '2022-09-15 11:40:31.152', '2022-09-15 11:40:31.152');
INSERT INTO `act_hi_varinst` VALUES ('266bdf76-a293-11ee-b602-6e6a773b7536', '266b6a44-a293-11ee-b602-6e6a773b7536', '266b6a44-a293-11ee-b602-6e6a773b7536', NULL, 'entity', 'json', 5, NULL, NULL, NULL, '{\"id\":\"1739006075060912129\",\"name\":\"xuesheng11\",\"course_name\":\"高等数学\",\"teacher_nick_name\":\"张三\",\"time\":\"1-8周 周三 9:40-11:50\",\"reason\":\"身体不舒服\",\"createDate\":\"2023-12-24T19:32:12.000+00:00\",\"status\":1,\"createDateStr\":\"2023-12-25 03:32:12\",\"statusStr\":\"待提交\"}', 'java.util.LinkedHashMap', '2023-12-25 03:32:18.356', '2023-12-26 15:37:52.494');
INSERT INTO `act_hi_varinst` VALUES ('266c2d98-a293-11ee-b602-6e6a773b7536', '266b6a44-a293-11ee-b602-6e6a773b7536', '266b6a44-a293-11ee-b602-6e6a773b7536', NULL, 'formName', 'string', 5, NULL, NULL, NULL, 'LeaveForm', NULL, '2023-12-25 03:32:18.358', '2023-12-26 15:37:52.497');
INSERT INTO `act_hi_varinst` VALUES ('26715dbe-a293-11ee-b602-6e6a773b7536', '266b6a44-a293-11ee-b602-6e6a773b7536', '266c54aa-a293-11ee-b602-6e6a773b7536', '26709a6d-a293-11ee-b602-6e6a773b7536', 'formName', 'string', 0, NULL, NULL, NULL, 'LeaveForm', NULL, '2023-12-25 03:32:18.392', '2023-12-25 03:32:18.392');
INSERT INTO `act_hi_varinst` VALUES ('26715dc0-a293-11ee-b602-6e6a773b7536', '266b6a44-a293-11ee-b602-6e6a773b7536', '266c54aa-a293-11ee-b602-6e6a773b7536', '26709a6d-a293-11ee-b602-6e6a773b7536', 'entity', 'json', 0, NULL, NULL, NULL, '{\"id\":\"1739006075060912129\",\"name\":\"xuesheng11\",\"course_name\":\"高等数学\",\"teacher_nick_name\":\"张三\",\"time\":\"1-8周 周三 9:40-11:50\",\"reason\":\"身体不舒服\",\"createDate\":\"2023-12-24T19:32:12.000+00:00\",\"status\":1,\"createDateStr\":\"2023-12-25 03:32:12\",\"statusStr\":\"待提交\"}', 'java.util.LinkedHashMap', '2023-12-25 03:32:18.392', '2023-12-25 03:32:18.392');
INSERT INTO `act_hi_varinst` VALUES ('27f6aee2-91da-11ee-a869-6e6a773b7536', '27f3a1a0-91da-11ee-a869-6e6a773b7536', '27f3a1a0-91da-11ee-a869-6e6a773b7536', NULL, 'entity', 'json', 5, NULL, NULL, NULL, '{\"id\":\"1701485834856890369\",\"username\":\"admin\",\"leaveType\":1,\"title\":\"测试1\",\"leaveReason\":\"233\",\"startDate\":\"2023-09-19T16:00:00.000+00:00\",\"endDate\":\"2023-09-23T15:59:59.000+00:00\",\"duration\":4,\"principal\":\"\",\"contactPhone\":\"\",\"createDate\":\"2023-09-12T06:40:09.000+00:00\",\"updateDate\":\"2023-09-12T06:41:37.000+00:00\",\"processInstanceId\":\"\",\"status\":0,\"endDateStr\":\"2023-09-23 23:59:59\",\"updateDateStr\":\"2023-09-12 14:41:37\",\"statusStr\":\"已撤回\",\"createDateStr\":\"2023-09-12 14:40:09\",\"leaveTypeStr\":\"病假\",\"startDateStr\":\"2023-09-20 00:00:00\"}', 'java.util.LinkedHashMap', '2023-12-03 20:47:45.444', '2023-12-26 15:38:14.086');
INSERT INTO `act_hi_varinst` VALUES ('27f77234-91da-11ee-a869-6e6a773b7536', '27f3a1a0-91da-11ee-a869-6e6a773b7536', '27f3a1a0-91da-11ee-a869-6e6a773b7536', NULL, 'formName', 'string', 5, NULL, NULL, NULL, 'LeaveForm', NULL, '2023-12-03 20:47:45.449', '2023-12-26 15:38:14.087');
INSERT INTO `act_hi_varinst` VALUES ('280295ca-91da-11ee-a869-6e6a773b7536', '27f3a1a0-91da-11ee-a869-6e6a773b7536', '27f7c056-91da-11ee-a869-6e6a773b7536', '28013639-91da-11ee-a869-6e6a773b7536', 'formName', 'string', 0, NULL, NULL, NULL, 'LeaveForm', NULL, '2023-12-03 20:47:45.522', '2023-12-03 20:47:45.522');
INSERT INTO `act_hi_varinst` VALUES ('280295cc-91da-11ee-a869-6e6a773b7536', '27f3a1a0-91da-11ee-a869-6e6a773b7536', '27f7c056-91da-11ee-a869-6e6a773b7536', '28013639-91da-11ee-a869-6e6a773b7536', 'entity', 'json', 0, NULL, NULL, NULL, '{\"id\":\"1701485834856890369\",\"username\":\"admin\",\"leaveType\":1,\"title\":\"测试1\",\"leaveReason\":\"233\",\"startDate\":\"2023-09-19T16:00:00.000+00:00\",\"endDate\":\"2023-09-23T15:59:59.000+00:00\",\"duration\":4,\"principal\":\"\",\"contactPhone\":\"\",\"createDate\":\"2023-09-12T06:40:09.000+00:00\",\"updateDate\":\"2023-09-12T06:41:37.000+00:00\",\"processInstanceId\":\"\",\"status\":0,\"endDateStr\":\"2023-09-23 23:59:59\",\"updateDateStr\":\"2023-09-12 14:41:37\",\"statusStr\":\"已撤回\",\"createDateStr\":\"2023-09-12 14:40:09\",\"leaveTypeStr\":\"病假\",\"startDateStr\":\"2023-09-20 00:00:00\"}', 'java.util.LinkedHashMap', '2023-12-03 20:47:45.522', '2023-12-03 20:47:45.522');
INSERT INTO `act_hi_varinst` VALUES ('2cf706d6-34a8-11ed-a5e5-283a4d3b4979', 'b98a3e96-34a0-11ed-a5e5-283a4d3b4979', 'b98c3a6c-34a0-11ed-a5e5-283a4d3b4979', '2cf6dfc5-34a8-11ed-a5e5-283a4d3b4979', 'formName', 'string', 0, NULL, NULL, NULL, 'LeaveForm', NULL, '2022-09-15 11:40:43.189', '2022-09-15 11:40:43.189');
INSERT INTO `act_hi_varinst` VALUES ('2cf706d8-34a8-11ed-a5e5-283a4d3b4979', 'b98a3e96-34a0-11ed-a5e5-283a4d3b4979', 'b98c3a6c-34a0-11ed-a5e5-283a4d3b4979', '2cf6dfc5-34a8-11ed-a5e5-283a4d3b4979', 'entity', 'json', 0, NULL, NULL, NULL, '{\"id\":\"1567777623949111297\",\"username\":\"admin\",\"leaveType\":2,\"title\":\"12345\",\"leaveReason\":\"4567\",\"startDate\":\"2022-09-07T16:00:00.000+00:00\",\"endDate\":\"2022-09-16T15:59:59.000+00:00\",\"duration\":9,\"principal\":\"2\",\"contactPhone\":\"1\",\"createDate\":\"2022-09-08T07:31:28.000+00:00\",\"updateDate\":\"2022-09-08T07:31:28.000+00:00\",\"processInstanceId\":\"\",\"status\":0,\"createDateStr\":\"2022-09-08 15:31:28\",\"leaveTypeStr\":\"事假\",\"startDateStr\":\"2022-09-08 00:00:00\",\"statusStr\":\"已撤回\",\"endDateStr\":\"2022-09-16 23:59:59\",\"updateDateStr\":\"2022-09-08 15:31:28\"}', 'java.util.LinkedHashMap', '2022-09-15 11:40:43.190', '2022-09-15 11:40:43.190');
INSERT INTO `act_hi_varinst` VALUES ('2deb7a8b-a342-11ee-ade9-6e6a773b7536', '2deb7a89-a342-11ee-ade9-6e6a773b7536', '2deb7a89-a342-11ee-ade9-6e6a773b7536', NULL, 'entity', 'json', 1, NULL, NULL, NULL, '{\"id\":\"1739223919455494145\",\"name\":\"xuesheng11\",\"course_name\":\"高等数学\",\"teacher_nick_name\":\"张三\",\"time\":\"1-8周 周三 9:40-11:50\",\"reason\":\"不舒服\",\"createDate\":\"2023-12-25T09:57:50.000+00:00\",\"status\":1,\"createDateStr\":\"2023-12-25 17:57:50\",\"statusStr\":\"待提交\"}', 'java.util.LinkedHashMap', '2023-12-26 00:25:12.864', '2023-12-26 00:25:37.910');
INSERT INTO `act_hi_varinst` VALUES ('2deb7a8d-a342-11ee-ade9-6e6a773b7536', '2deb7a89-a342-11ee-ade9-6e6a773b7536', '2deb7a89-a342-11ee-ade9-6e6a773b7536', NULL, 'formName', 'string', 1, NULL, NULL, NULL, 'StudentLeaveForm', NULL, '2023-12-26 00:25:12.864', '2023-12-26 00:25:37.911');
INSERT INTO `act_hi_varinst` VALUES ('2debefc3-a342-11ee-ade9-6e6a773b7536', '2deb7a89-a342-11ee-ade9-6e6a773b7536', '2deb7a8f-a342-11ee-ade9-6e6a773b7536', '2deba1a2-a342-11ee-ade9-6e6a773b7536', 'formName', 'string', 0, NULL, NULL, NULL, 'StudentLeaveForm', NULL, '2023-12-26 00:25:12.867', '2023-12-26 00:25:12.867');
INSERT INTO `act_hi_varinst` VALUES ('2dec16d5-a342-11ee-ade9-6e6a773b7536', '2deb7a89-a342-11ee-ade9-6e6a773b7536', '2deb7a8f-a342-11ee-ade9-6e6a773b7536', '2deba1a2-a342-11ee-ade9-6e6a773b7536', 'entity', 'json', 0, NULL, NULL, NULL, '{\"id\":\"1739223919455494145\",\"name\":\"xuesheng11\",\"course_name\":\"高等数学\",\"teacher_nick_name\":\"张三\",\"time\":\"1-8周 周三 9:40-11:50\",\"reason\":\"不舒服\",\"createDate\":\"2023-12-25T09:57:50.000+00:00\",\"status\":1,\"createDateStr\":\"2023-12-25 17:57:50\",\"statusStr\":\"待提交\"}', 'java.util.LinkedHashMap', '2023-12-26 00:25:12.868', '2023-12-26 00:25:12.868');
INSERT INTO `act_hi_varinst` VALUES ('2ffbbe03-32ff-11ed-87bc-283a4d3b4979', '029458f3-32fb-11ed-9c60-283a4d3b4979', '02951c49-32fb-11ed-9c60-283a4d3b4979', '2ffb21c2-32ff-11ed-87bc-283a4d3b4979', 'formName', 'string', 0, NULL, NULL, NULL, 'LeaveForm', NULL, '2022-09-13 08:58:32.143', '2022-09-13 08:58:32.143');
INSERT INTO `act_hi_varinst` VALUES ('2ffbe515-32ff-11ed-87bc-283a4d3b4979', '029458f3-32fb-11ed-9c60-283a4d3b4979', '02951c49-32fb-11ed-9c60-283a4d3b4979', '2ffb21c2-32ff-11ed-87bc-283a4d3b4979', 'entity', 'json', 0, NULL, NULL, NULL, '{\"id\":\"1569483068132782082\",\"username\":\"admin\",\"leaveType\":2,\"title\":\"事假123\",\"leaveReason\":\"事假123\",\"startDate\":\"2022-09-12T16:00:00.000+00:00\",\"endDate\":\"2022-09-23T15:59:59.000+00:00\",\"duration\":11,\"principal\":\"2\",\"contactPhone\":\"1\",\"createDate\":\"2022-09-13T00:28:17.000+00:00\",\"updateDate\":\"2022-09-13T00:28:17.000+00:00\",\"status\":1,\"statusStr\":\"待提交\",\"startDateStr\":\"2022-09-13 00:00:00\",\"endDateStr\":\"2022-09-23 23:59:59\",\"createDateStr\":\"2022-09-13 08:28:17\",\"leaveTypeStr\":\"事假\",\"updateDateStr\":\"2022-09-13 08:28:17\"}', 'java.util.LinkedHashMap', '2022-09-13 08:58:32.144', '2022-09-13 08:58:32.144');
INSERT INTO `act_hi_varinst` VALUES ('3d31b0a0-34a8-11ed-a5e5-283a4d3b4979', 'c7443de8-33c7-11ed-86cc-283a4d3b4979', 'c745013e-33c7-11ed-86cc-283a4d3b4979', '3d31898f-34a8-11ed-a5e5-283a4d3b4979', 'formName', 'string', 0, NULL, NULL, NULL, 'LeaveForm', NULL, '2022-09-15 11:41:10.417', '2022-09-15 11:41:10.417');
INSERT INTO `act_hi_varinst` VALUES ('3d31b0a2-34a8-11ed-a5e5-283a4d3b4979', 'c7443de8-33c7-11ed-86cc-283a4d3b4979', 'c745013e-33c7-11ed-86cc-283a4d3b4979', '3d31898f-34a8-11ed-a5e5-283a4d3b4979', 'entity', 'json', 0, NULL, NULL, NULL, '{\"id\":\"1568112800827052034\",\"username\":\"admin\",\"leaveType\":2,\"title\":\"事假23\",\"leaveReason\":\"43254\",\"startDate\":\"2022-09-08T16:00:00.000+00:00\",\"endDate\":\"2022-09-16T15:59:59.000+00:00\",\"duration\":8,\"principal\":\"34\",\"contactPhone\":\"12\",\"createDate\":\"2022-09-09T05:43:20.000+00:00\",\"updateDate\":\"2022-09-09T05:43:20.000+00:00\",\"processInstanceId\":\"\",\"status\":0,\"endDateStr\":\"2022-09-16 23:59:59\",\"statusStr\":\"已撤回\",\"startDateStr\":\"2022-09-09 00:00:00\",\"createDateStr\":\"2022-09-09 13:43:20\",\"updateDateStr\":\"2022-09-09 13:43:20\",\"leaveTypeStr\":\"事假\"}', 'java.util.LinkedHashMap', '2022-09-15 11:41:10.417', '2022-09-15 11:41:10.417');
INSERT INTO `act_hi_varinst` VALUES ('412706ba-34a8-11ed-a5e5-283a4d3b4979', 'c7443de8-33c7-11ed-86cc-283a4d3b4979', 'c745013e-33c7-11ed-86cc-283a4d3b4979', '4126dfa9-34a8-11ed-a5e5-283a4d3b4979', 'formName', 'string', 0, NULL, NULL, NULL, 'LeaveForm', NULL, '2022-09-15 11:41:17.058', '2022-09-15 11:41:17.058');
INSERT INTO `act_hi_varinst` VALUES ('412706bc-34a8-11ed-a5e5-283a4d3b4979', 'c7443de8-33c7-11ed-86cc-283a4d3b4979', 'c745013e-33c7-11ed-86cc-283a4d3b4979', '4126dfa9-34a8-11ed-a5e5-283a4d3b4979', 'entity', 'json', 0, NULL, NULL, NULL, '{\"id\":\"1568112800827052034\",\"username\":\"admin\",\"leaveType\":2,\"title\":\"事假23\",\"leaveReason\":\"43254\",\"startDate\":\"2022-09-08T16:00:00.000+00:00\",\"endDate\":\"2022-09-16T15:59:59.000+00:00\",\"duration\":8,\"principal\":\"34\",\"contactPhone\":\"12\",\"createDate\":\"2022-09-09T05:43:20.000+00:00\",\"updateDate\":\"2022-09-09T05:43:20.000+00:00\",\"processInstanceId\":\"\",\"status\":0,\"endDateStr\":\"2022-09-16 23:59:59\",\"statusStr\":\"已撤回\",\"startDateStr\":\"2022-09-09 00:00:00\",\"createDateStr\":\"2022-09-09 13:43:20\",\"updateDateStr\":\"2022-09-09 13:43:20\",\"leaveTypeStr\":\"事假\"}', 'java.util.LinkedHashMap', '2022-09-15 11:41:17.058', '2022-09-15 11:41:17.058');
INSERT INTO `act_hi_varinst` VALUES ('44841474-34a8-11ed-a5e5-283a4d3b4979', 'c7443de8-33c7-11ed-86cc-283a4d3b4979', 'c745013e-33c7-11ed-86cc-283a4d3b4979', '4483ed63-34a8-11ed-a5e5-283a4d3b4979', 'formName', 'string', 0, NULL, NULL, NULL, 'LeaveForm', NULL, '2022-09-15 11:41:22.702', '2022-09-15 11:41:22.702');
INSERT INTO `act_hi_varinst` VALUES ('44843b86-34a8-11ed-a5e5-283a4d3b4979', 'c7443de8-33c7-11ed-86cc-283a4d3b4979', 'c745013e-33c7-11ed-86cc-283a4d3b4979', '4483ed63-34a8-11ed-a5e5-283a4d3b4979', 'entity', 'json', 0, NULL, NULL, NULL, '{\"id\":\"1568112800827052034\",\"username\":\"admin\",\"leaveType\":2,\"title\":\"事假23\",\"leaveReason\":\"43254\",\"startDate\":\"2022-09-08T16:00:00.000+00:00\",\"endDate\":\"2022-09-16T15:59:59.000+00:00\",\"duration\":8,\"principal\":\"34\",\"contactPhone\":\"12\",\"createDate\":\"2022-09-09T05:43:20.000+00:00\",\"updateDate\":\"2022-09-09T05:43:20.000+00:00\",\"processInstanceId\":\"\",\"status\":0,\"endDateStr\":\"2022-09-16 23:59:59\",\"statusStr\":\"已撤回\",\"startDateStr\":\"2022-09-09 00:00:00\",\"createDateStr\":\"2022-09-09 13:43:20\",\"updateDateStr\":\"2022-09-09 13:43:20\",\"leaveTypeStr\":\"事假\"}', 'java.util.LinkedHashMap', '2022-09-15 11:41:22.702', '2022-09-15 11:41:22.702');
INSERT INTO `act_hi_varinst` VALUES ('47d2551e-34a8-11ed-a5e5-283a4d3b4979', 'c7443de8-33c7-11ed-86cc-283a4d3b4979', 'c745013e-33c7-11ed-86cc-283a4d3b4979', '47d22e0d-34a8-11ed-a5e5-283a4d3b4979', 'formName', 'string', 0, NULL, NULL, NULL, 'LeaveForm', NULL, '2022-09-15 11:41:28.247', '2022-09-15 11:41:28.247');
INSERT INTO `act_hi_varinst` VALUES ('47d25520-34a8-11ed-a5e5-283a4d3b4979', 'c7443de8-33c7-11ed-86cc-283a4d3b4979', 'c745013e-33c7-11ed-86cc-283a4d3b4979', '47d22e0d-34a8-11ed-a5e5-283a4d3b4979', 'entity', 'json', 0, NULL, NULL, NULL, '{\"id\":\"1568112800827052034\",\"username\":\"admin\",\"leaveType\":2,\"title\":\"事假23\",\"leaveReason\":\"43254\",\"startDate\":\"2022-09-08T16:00:00.000+00:00\",\"endDate\":\"2022-09-16T15:59:59.000+00:00\",\"duration\":8,\"principal\":\"34\",\"contactPhone\":\"12\",\"createDate\":\"2022-09-09T05:43:20.000+00:00\",\"updateDate\":\"2022-09-09T05:43:20.000+00:00\",\"processInstanceId\":\"\",\"status\":0,\"endDateStr\":\"2022-09-16 23:59:59\",\"statusStr\":\"已撤回\",\"startDateStr\":\"2022-09-09 00:00:00\",\"createDateStr\":\"2022-09-09 13:43:20\",\"updateDateStr\":\"2022-09-09 13:43:20\",\"leaveTypeStr\":\"事假\"}', 'java.util.LinkedHashMap', '2022-09-15 11:41:28.247', '2022-09-15 11:41:28.247');
INSERT INTO `act_hi_varinst` VALUES ('4a8d6c6e-a3be-11ee-8fe5-6e6a773b7536', '4a8ca91c-a3be-11ee-8fe5-6e6a773b7536', '4a8ca91c-a3be-11ee-8fe5-6e6a773b7536', NULL, 'entity', 'json', 1, NULL, NULL, NULL, '{\"id\":\"1739543859785990146\",\"name\":\"xuesheng51\",\"course_name\":\"汇编语言\",\"teacher_nick_name\":\"小明\",\"time\":\"1-8周 周三 15:10-16:35\",\"reason\":\"不舒服\",\"createDate\":\"2023-12-26T07:09:10.000+00:00\",\"status\":1,\"createDateStr\":\"2023-12-26 15:09:10\",\"statusStr\":\"待提交\"}', 'java.util.LinkedHashMap', '2023-12-26 15:13:38.496', '2023-12-26 15:13:55.040');
INSERT INTO `act_hi_varinst` VALUES ('4a8de1a0-a3be-11ee-8fe5-6e6a773b7536', '4a8ca91c-a3be-11ee-8fe5-6e6a773b7536', '4a8ca91c-a3be-11ee-8fe5-6e6a773b7536', NULL, 'formName', 'string', 1, NULL, NULL, NULL, 'StudentLeaveForm', NULL, '2023-12-26 15:13:38.499', '2023-12-26 15:13:55.042');
INSERT INTO `act_hi_varinst` VALUES ('4a927586-a3be-11ee-8fe5-6e6a773b7536', '4a8ca91c-a3be-11ee-8fe5-6e6a773b7536', '4a8e08b2-a3be-11ee-8fe5-6e6a773b7536', '4a916415-a3be-11ee-8fe5-6e6a773b7536', 'formName', 'string', 0, NULL, NULL, NULL, 'StudentLeaveForm', NULL, '2023-12-26 15:13:38.529', '2023-12-26 15:13:38.529');
INSERT INTO `act_hi_varinst` VALUES ('4a927588-a3be-11ee-8fe5-6e6a773b7536', '4a8ca91c-a3be-11ee-8fe5-6e6a773b7536', '4a8e08b2-a3be-11ee-8fe5-6e6a773b7536', '4a916415-a3be-11ee-8fe5-6e6a773b7536', 'entity', 'json', 0, NULL, NULL, NULL, '{\"id\":\"1739543859785990146\",\"name\":\"xuesheng51\",\"course_name\":\"汇编语言\",\"teacher_nick_name\":\"小明\",\"time\":\"1-8周 周三 15:10-16:35\",\"reason\":\"不舒服\",\"createDate\":\"2023-12-26T07:09:10.000+00:00\",\"status\":1,\"createDateStr\":\"2023-12-26 15:09:10\",\"statusStr\":\"待提交\"}', 'java.util.LinkedHashMap', '2023-12-26 15:13:38.529', '2023-12-26 15:13:38.529');
INSERT INTO `act_hi_varinst` VALUES ('569029b5-a3c4-11ee-9623-6e6a773b7536', '568f3f53-a3c4-11ee-9623-6e6a773b7536', '568f3f53-a3c4-11ee-9623-6e6a773b7536', NULL, 'entity', 'json', 1, NULL, NULL, NULL, '{\"id\":\"1739555247233269762\",\"name\":\"高等数学\",\"tchId\":\"zhangsan\",\"nick_name\":\"张三\",\"time\":\"1-8周 周三 9:40-11:50\",\"room\":\"C4-116\",\"classId\":\"202003102\",\"class_name\":\"20计科2班\",\"createDate\":\"2023-12-26T07:54:24.000+00:00\",\"updateDate\":\"2023-12-26T07:54:24.000+00:00\",\"status\":1,\"statusStr\":\"待提交\",\"createDateStr\":\"2023-12-26 15:54:24\",\"updateDateStr\":\"2023-12-26 15:54:24\"}', 'java.util.LinkedHashMap', '2023-12-26 15:56:55.628', '2023-12-26 15:57:16.895');
INSERT INTO `act_hi_varinst` VALUES ('5690c5f7-a3c4-11ee-9623-6e6a773b7536', '568f3f53-a3c4-11ee-9623-6e6a773b7536', '568f3f53-a3c4-11ee-9623-6e6a773b7536', NULL, 'formName', 'string', 1, NULL, NULL, NULL, 'courseManagerForm', NULL, '2023-12-26 15:56:55.631', '2023-12-26 15:57:16.897');
INSERT INTO `act_hi_varinst` VALUES ('5695cf0d-a3c4-11ee-9623-6e6a773b7536', '568f3f53-a3c4-11ee-9623-6e6a773b7536', '5690ed09-a3c4-11ee-9623-6e6a773b7536', '5694bd9c-a3c4-11ee-9623-6e6a773b7536', 'formName', 'string', 0, NULL, NULL, NULL, 'courseManagerForm', NULL, '2023-12-26 15:56:55.664', '2023-12-26 15:56:55.664');
INSERT INTO `act_hi_varinst` VALUES ('5695cf0f-a3c4-11ee-9623-6e6a773b7536', '568f3f53-a3c4-11ee-9623-6e6a773b7536', '5690ed09-a3c4-11ee-9623-6e6a773b7536', '5694bd9c-a3c4-11ee-9623-6e6a773b7536', 'entity', 'json', 0, NULL, NULL, NULL, '{\"id\":\"1739555247233269762\",\"name\":\"高等数学\",\"tchId\":\"zhangsan\",\"nick_name\":\"张三\",\"time\":\"1-8周 周三 9:40-11:50\",\"room\":\"C4-116\",\"classId\":\"202003102\",\"class_name\":\"20计科2班\",\"createDate\":\"2023-12-26T07:54:24.000+00:00\",\"updateDate\":\"2023-12-26T07:54:24.000+00:00\",\"status\":1,\"statusStr\":\"待提交\",\"createDateStr\":\"2023-12-26 15:54:24\",\"updateDateStr\":\"2023-12-26 15:54:24\"}', 'java.util.LinkedHashMap', '2023-12-26 15:56:55.664', '2023-12-26 15:56:55.664');
INSERT INTO `act_hi_varinst` VALUES ('57e4e455-a3c4-11ee-9623-6e6a773b7536', '57e4e453-a3c4-11ee-9623-6e6a773b7536', '57e4e453-a3c4-11ee-9623-6e6a773b7536', NULL, 'entity', 'json', 1, NULL, NULL, NULL, '{\"id\":\"1739553951688171522\",\"name\":\"高等数学\",\"tchId\":\"zhangsan\",\"nick_name\":\"张三\",\"time\":\"9-16周 周四 9:40-11:50\",\"room\":\"C4-116\",\"classId\":\"202003102\",\"class_name\":\"20计科2班\",\"createDate\":\"2023-12-26T07:49:16.000+00:00\",\"updateDate\":\"2023-12-26T07:49:16.000+00:00\",\"status\":1,\"statusStr\":\"待提交\",\"createDateStr\":\"2023-12-26 15:49:16\",\"updateDateStr\":\"2023-12-26 15:49:16\"}', 'java.util.LinkedHashMap', '2023-12-26 15:56:57.861', '2023-12-26 15:57:14.371');
INSERT INTO `act_hi_varinst` VALUES ('57e50b67-a3c4-11ee-9623-6e6a773b7536', '57e4e453-a3c4-11ee-9623-6e6a773b7536', '57e4e453-a3c4-11ee-9623-6e6a773b7536', NULL, 'formName', 'string', 1, NULL, NULL, NULL, 'courseManagerForm', NULL, '2023-12-26 15:56:57.861', '2023-12-26 15:57:14.373');
INSERT INTO `act_hi_varinst` VALUES ('57e5cebd-a3c4-11ee-9623-6e6a773b7536', '57e4e453-a3c4-11ee-9623-6e6a773b7536', '57e50b69-a3c4-11ee-9623-6e6a773b7536', '57e5327c-a3c4-11ee-9623-6e6a773b7536', 'formName', 'string', 0, NULL, NULL, NULL, 'courseManagerForm', NULL, '2023-12-26 15:56:57.866', '2023-12-26 15:56:57.866');
INSERT INTO `act_hi_varinst` VALUES ('57e5cebf-a3c4-11ee-9623-6e6a773b7536', '57e4e453-a3c4-11ee-9623-6e6a773b7536', '57e50b69-a3c4-11ee-9623-6e6a773b7536', '57e5327c-a3c4-11ee-9623-6e6a773b7536', 'entity', 'json', 0, NULL, NULL, NULL, '{\"id\":\"1739553951688171522\",\"name\":\"高等数学\",\"tchId\":\"zhangsan\",\"nick_name\":\"张三\",\"time\":\"9-16周 周四 9:40-11:50\",\"room\":\"C4-116\",\"classId\":\"202003102\",\"class_name\":\"20计科2班\",\"createDate\":\"2023-12-26T07:49:16.000+00:00\",\"updateDate\":\"2023-12-26T07:49:16.000+00:00\",\"status\":1,\"statusStr\":\"待提交\",\"createDateStr\":\"2023-12-26 15:49:16\",\"updateDateStr\":\"2023-12-26 15:49:16\"}', 'java.util.LinkedHashMap', '2023-12-26 15:56:57.867', '2023-12-26 15:56:57.867');
INSERT INTO `act_hi_varinst` VALUES ('5a1f3d1c-34a8-11ed-a5e5-283a4d3b4979', 'b98a3e96-34a0-11ed-a5e5-283a4d3b4979', 'b98c3a6c-34a0-11ed-a5e5-283a4d3b4979', '5a1f160b-34a8-11ed-a5e5-283a4d3b4979', 'formName', 'string', 0, NULL, NULL, NULL, 'LeaveForm', NULL, '2022-09-15 11:41:58.950', '2022-09-15 11:41:58.950');
INSERT INTO `act_hi_varinst` VALUES ('5a1f3d1e-34a8-11ed-a5e5-283a4d3b4979', 'b98a3e96-34a0-11ed-a5e5-283a4d3b4979', 'b98c3a6c-34a0-11ed-a5e5-283a4d3b4979', '5a1f160b-34a8-11ed-a5e5-283a4d3b4979', 'entity', 'json', 0, NULL, NULL, NULL, '{\"id\":\"1567777623949111297\",\"username\":\"admin\",\"leaveType\":2,\"title\":\"12345\",\"leaveReason\":\"4567\",\"startDate\":\"2022-09-07T16:00:00.000+00:00\",\"endDate\":\"2022-09-16T15:59:59.000+00:00\",\"duration\":9,\"principal\":\"2\",\"contactPhone\":\"1\",\"createDate\":\"2022-09-08T07:31:28.000+00:00\",\"updateDate\":\"2022-09-08T07:31:28.000+00:00\",\"processInstanceId\":\"\",\"status\":0,\"createDateStr\":\"2022-09-08 15:31:28\",\"leaveTypeStr\":\"事假\",\"startDateStr\":\"2022-09-08 00:00:00\",\"statusStr\":\"已撤回\",\"endDateStr\":\"2022-09-16 23:59:59\",\"updateDateStr\":\"2022-09-08 15:31:28\"}', 'java.util.LinkedHashMap', '2022-09-15 11:41:58.950', '2022-09-15 11:41:58.950');
INSERT INTO `act_hi_varinst` VALUES ('6193e79f-a3c2-11ee-aaa2-6e6a773b7536', '6193c08d-a3c2-11ee-aaa2-6e6a773b7536', '6193c08d-a3c2-11ee-aaa2-6e6a773b7536', NULL, 'entity', 'json', 1, NULL, NULL, NULL, '{\"id\":\"1739552246976225282\",\"name\":\"xuesheng11\",\"course_name\":\"影视鉴赏\",\"teacher_nick_name\":\"李四\",\"time\":\"1-8周 周三 8:00-9:25\",\"reason\":\"头痛\",\"createDate\":\"2023-12-26T07:42:30.000+00:00\",\"status\":1,\"createDateStr\":\"2023-12-26 15:42:30\",\"statusStr\":\"待提交\"}', 'java.util.LinkedHashMap', '2023-12-26 15:42:55.113', '2023-12-26 15:42:59.280');
INSERT INTO `act_hi_varinst` VALUES ('6193e7a1-a3c2-11ee-aaa2-6e6a773b7536', '6193c08d-a3c2-11ee-aaa2-6e6a773b7536', '6193c08d-a3c2-11ee-aaa2-6e6a773b7536', NULL, 'formName', 'string', 1, NULL, NULL, NULL, 'StudentLeaveForm', NULL, '2023-12-26 15:42:55.113', '2023-12-26 15:42:59.280');
INSERT INTO `act_hi_varinst` VALUES ('6194d207-a3c2-11ee-aaa2-6e6a773b7536', '6193c08d-a3c2-11ee-aaa2-6e6a773b7536', '619435c3-a3c2-11ee-aaa2-6e6a773b7536', '6194aaf6-a3c2-11ee-aaa2-6e6a773b7536', 'formName', 'string', 0, NULL, NULL, NULL, 'StudentLeaveForm', NULL, '2023-12-26 15:42:55.119', '2023-12-26 15:42:55.119');
INSERT INTO `act_hi_varinst` VALUES ('6194d209-a3c2-11ee-aaa2-6e6a773b7536', '6193c08d-a3c2-11ee-aaa2-6e6a773b7536', '619435c3-a3c2-11ee-aaa2-6e6a773b7536', '6194aaf6-a3c2-11ee-aaa2-6e6a773b7536', 'entity', 'json', 0, NULL, NULL, NULL, '{\"id\":\"1739552246976225282\",\"name\":\"xuesheng11\",\"course_name\":\"影视鉴赏\",\"teacher_nick_name\":\"李四\",\"time\":\"1-8周 周三 8:00-9:25\",\"reason\":\"头痛\",\"createDate\":\"2023-12-26T07:42:30.000+00:00\",\"status\":1,\"createDateStr\":\"2023-12-26 15:42:30\",\"statusStr\":\"待提交\"}', 'java.util.LinkedHashMap', '2023-12-26 15:42:55.119', '2023-12-26 15:42:55.119');
INSERT INTO `act_hi_varinst` VALUES ('65e6055b-9f44-11ee-bdc4-6e6a773b7536', '65e59029-9f44-11ee-bdc4-6e6a773b7536', '65e59029-9f44-11ee-bdc4-6e6a773b7536', NULL, 'entity', 'json', 5, NULL, NULL, NULL, '{\"id\":\"1731230868057403394\",\"username\":\"admin\",\"leaveType\":1,\"title\":\"1\",\"leaveReason\":\"1123\",\"startDate\":\"2024-01-20T16:00:00.000+00:00\",\"endDate\":\"2024-01-23T15:59:59.000+00:00\",\"duration\":3,\"principal\":\"2\",\"contactPhone\":\"2\",\"createDate\":\"2023-12-03T08:36:18.000+00:00\",\"updateDate\":\"2023-12-03T08:36:18.000+00:00\",\"status\":1,\"createDateStr\":\"2023-12-03 16:36:18\",\"updateDateStr\":\"2023-12-03 16:36:18\",\"startDateStr\":\"2024-01-21 00:00:00\",\"endDateStr\":\"2024-01-23 23:59:59\",\"statusStr\":\"待提交\",\"leaveTypeStr\":\"病假\"}', 'java.util.LinkedHashMap', '2023-12-20 22:31:01.123', '2023-12-26 15:38:02.637');
INSERT INTO `act_hi_varinst` VALUES ('65e62c6d-9f44-11ee-bdc4-6e6a773b7536', '65e59029-9f44-11ee-bdc4-6e6a773b7536', '65e59029-9f44-11ee-bdc4-6e6a773b7536', NULL, 'formName', 'string', 5, NULL, NULL, NULL, 'LeaveForm', NULL, '2023-12-20 22:31:01.124', '2023-12-26 15:38:02.637');
INSERT INTO `act_hi_varinst` VALUES ('65ea9943-9f44-11ee-bdc4-6e6a773b7536', '65e59029-9f44-11ee-bdc4-6e6a773b7536', '65e6537f-9f44-11ee-bdc4-6e6a773b7536', '65ea2412-9f44-11ee-bdc4-6e6a773b7536', 'formName', 'string', 0, NULL, NULL, NULL, 'LeaveForm', NULL, '2023-12-20 22:31:01.154', '2023-12-20 22:31:01.154');
INSERT INTO `act_hi_varinst` VALUES ('65eac055-9f44-11ee-bdc4-6e6a773b7536', '65e59029-9f44-11ee-bdc4-6e6a773b7536', '65e6537f-9f44-11ee-bdc4-6e6a773b7536', '65ea2412-9f44-11ee-bdc4-6e6a773b7536', 'entity', 'json', 0, NULL, NULL, NULL, '{\"id\":\"1731230868057403394\",\"username\":\"admin\",\"leaveType\":1,\"title\":\"1\",\"leaveReason\":\"1123\",\"startDate\":\"2024-01-20T16:00:00.000+00:00\",\"endDate\":\"2024-01-23T15:59:59.000+00:00\",\"duration\":3,\"principal\":\"2\",\"contactPhone\":\"2\",\"createDate\":\"2023-12-03T08:36:18.000+00:00\",\"updateDate\":\"2023-12-03T08:36:18.000+00:00\",\"status\":1,\"createDateStr\":\"2023-12-03 16:36:18\",\"updateDateStr\":\"2023-12-03 16:36:18\",\"startDateStr\":\"2024-01-21 00:00:00\",\"endDateStr\":\"2024-01-23 23:59:59\",\"statusStr\":\"待提交\",\"leaveTypeStr\":\"病假\"}', 'java.util.LinkedHashMap', '2023-12-20 22:31:01.154', '2023-12-20 22:31:01.154');
INSERT INTO `act_hi_varinst` VALUES ('6f731543-a3c2-11ee-aaa2-6e6a773b7536', '6f72ee31-a3c2-11ee-aaa2-6e6a773b7536', '6f72ee31-a3c2-11ee-aaa2-6e6a773b7536', NULL, 'entity', 'json', 1, NULL, NULL, NULL, '{\"id\":\"4\",\"name\":\"数值分析\",\"tchId\":\"lisi\",\"nick_name\":\"李四\",\"time\":\"9-16周 周三 13:30-14:55\",\"room\":\"C4-216\",\"classId\":\"202003202\",\"class_name\":\"20网安2班\",\"createDate\":\"2023-12-17T00:11:35.000+00:00\",\"updateDate\":\"2023-12-17T00:11:35.000+00:00\",\"status\":1,\"createDateStr\":\"2023-12-17 08:11:35\",\"updateDateStr\":\"2023-12-17 08:11:35\",\"statusStr\":\"待提交\"}', 'java.util.LinkedHashMap', '2023-12-26 15:43:18.386', '2023-12-26 15:43:34.682');
INSERT INTO `act_hi_varinst` VALUES ('6f731545-a3c2-11ee-aaa2-6e6a773b7536', '6f72ee31-a3c2-11ee-aaa2-6e6a773b7536', '6f72ee31-a3c2-11ee-aaa2-6e6a773b7536', NULL, 'formName', 'string', 1, NULL, NULL, NULL, 'courseManagerForm', NULL, '2023-12-26 15:43:18.386', '2023-12-26 15:43:34.683');
INSERT INTO `act_hi_varinst` VALUES ('6f733c5b-a3c2-11ee-aaa2-6e6a773b7536', '6f72ee31-a3c2-11ee-aaa2-6e6a773b7536', '6f731547-a3c2-11ee-aaa2-6e6a773b7536', '6f73154a-a3c2-11ee-aaa2-6e6a773b7536', 'formName', 'string', 0, NULL, NULL, NULL, 'courseManagerForm', NULL, '2023-12-26 15:43:18.387', '2023-12-26 15:43:18.387');
INSERT INTO `act_hi_varinst` VALUES ('6f73636d-a3c2-11ee-aaa2-6e6a773b7536', '6f72ee31-a3c2-11ee-aaa2-6e6a773b7536', '6f731547-a3c2-11ee-aaa2-6e6a773b7536', '6f73154a-a3c2-11ee-aaa2-6e6a773b7536', 'entity', 'json', 0, NULL, NULL, NULL, '{\"id\":\"4\",\"name\":\"数值分析\",\"tchId\":\"lisi\",\"nick_name\":\"李四\",\"time\":\"9-16周 周三 13:30-14:55\",\"room\":\"C4-216\",\"classId\":\"202003202\",\"class_name\":\"20网安2班\",\"createDate\":\"2023-12-17T00:11:35.000+00:00\",\"updateDate\":\"2023-12-17T00:11:35.000+00:00\",\"status\":1,\"createDateStr\":\"2023-12-17 08:11:35\",\"updateDateStr\":\"2023-12-17 08:11:35\",\"statusStr\":\"待提交\"}', 'java.util.LinkedHashMap', '2023-12-26 15:43:18.388', '2023-12-26 15:43:18.388');
INSERT INTO `act_hi_varinst` VALUES ('70c4c2a3-a3c2-11ee-aaa2-6e6a773b7536', '70c4c2a1-a3c2-11ee-aaa2-6e6a773b7536', '70c4c2a1-a3c2-11ee-aaa2-6e6a773b7536', NULL, 'entity', 'json', 1, NULL, NULL, NULL, '{\"id\":\"3\",\"name\":\"离散数学\",\"tchId\":\"lisi\",\"nick_name\":\"李四\",\"time\":\"9-16周 周三 9:40-11:50\",\"room\":\"C4-216\",\"classId\":\"202003201\",\"class_name\":\"20网安1班\",\"createDate\":\"2023-12-17T00:11:35.000+00:00\",\"updateDate\":\"2023-12-17T00:11:35.000+00:00\",\"status\":1,\"createDateStr\":\"2023-12-17 08:11:35\",\"updateDateStr\":\"2023-12-17 08:11:35\",\"statusStr\":\"待提交\"}', 'java.util.LinkedHashMap', '2023-12-26 15:43:20.599', '2023-12-26 15:43:32.259');
INSERT INTO `act_hi_varinst` VALUES ('70c4c2a5-a3c2-11ee-aaa2-6e6a773b7536', '70c4c2a1-a3c2-11ee-aaa2-6e6a773b7536', '70c4c2a1-a3c2-11ee-aaa2-6e6a773b7536', NULL, 'formName', 'string', 1, NULL, NULL, NULL, 'courseManagerForm', NULL, '2023-12-26 15:43:20.599', '2023-12-26 15:43:32.260');
INSERT INTO `act_hi_varinst` VALUES ('70c510cb-a3c2-11ee-aaa2-6e6a773b7536', '70c4c2a1-a3c2-11ee-aaa2-6e6a773b7536', '70c4c2a7-a3c2-11ee-aaa2-6e6a773b7536', '70c4e9ba-a3c2-11ee-aaa2-6e6a773b7536', 'formName', 'string', 0, NULL, NULL, NULL, 'courseManagerForm', NULL, '2023-12-26 15:43:20.601', '2023-12-26 15:43:20.601');
INSERT INTO `act_hi_varinst` VALUES ('70c510cd-a3c2-11ee-aaa2-6e6a773b7536', '70c4c2a1-a3c2-11ee-aaa2-6e6a773b7536', '70c4c2a7-a3c2-11ee-aaa2-6e6a773b7536', '70c4e9ba-a3c2-11ee-aaa2-6e6a773b7536', 'entity', 'json', 0, NULL, NULL, NULL, '{\"id\":\"3\",\"name\":\"离散数学\",\"tchId\":\"lisi\",\"nick_name\":\"李四\",\"time\":\"9-16周 周三 9:40-11:50\",\"room\":\"C4-216\",\"classId\":\"202003201\",\"class_name\":\"20网安1班\",\"createDate\":\"2023-12-17T00:11:35.000+00:00\",\"updateDate\":\"2023-12-17T00:11:35.000+00:00\",\"status\":1,\"createDateStr\":\"2023-12-17 08:11:35\",\"updateDateStr\":\"2023-12-17 08:11:35\",\"statusStr\":\"待提交\"}', 'java.util.LinkedHashMap', '2023-12-26 15:43:20.601', '2023-12-26 15:43:20.601');
INSERT INTO `act_hi_varinst` VALUES ('7bd790df-9fd1-11ee-9ff6-6e6a773b7536', '7bd742bd-9fd1-11ee-9ff6-6e6a773b7536', '7bd742bd-9fd1-11ee-9ff6-6e6a773b7536', NULL, 'entity', 'json', 1, NULL, NULL, NULL, '{\"id\":\"1\",\"name\":\"高等数学\",\"tchId\":\"zhangsan\",\"nick_name\":\"张三\",\"time\":\"1-8周 周三 9:40-11:50\",\"room\":\"C4-116\",\"classId\":\"202003101\",\"class_name\":\"20计科1班\",\"createDate\":\"2023-12-17T00:19:46.000+00:00\",\"updateDate\":\"2023-12-17T00:20:14.000+00:00\",\"status\":1,\"createDateStr\":\"2023-12-17 08:19:46\",\"updateDateStr\":\"2023-12-17 08:20:14\",\"statusStr\":\"待提交\"}', 'java.util.LinkedHashMap', '2023-12-21 15:20:56.977', '2023-12-21 15:21:11.716');
INSERT INTO `act_hi_varinst` VALUES ('7bd7df01-9fd1-11ee-9ff6-6e6a773b7536', '7bd742bd-9fd1-11ee-9ff6-6e6a773b7536', '7bd742bd-9fd1-11ee-9ff6-6e6a773b7536', NULL, 'formName', 'string', 1, NULL, NULL, NULL, 'courseManagerForm', NULL, '2023-12-21 15:20:56.979', '2023-12-21 15:21:11.718');
INSERT INTO `act_hi_varinst` VALUES ('7bdbaf97-9fd1-11ee-9ff6-6e6a773b7536', '7bd742bd-9fd1-11ee-9ff6-6e6a773b7536', '7bd7df03-9fd1-11ee-9ff6-6e6a773b7536', '7bdb1356-9fd1-11ee-9ff6-6e6a773b7536', 'formName', 'string', 0, NULL, NULL, NULL, 'courseManagerForm', NULL, '2023-12-21 15:20:57.004', '2023-12-21 15:20:57.004');
INSERT INTO `act_hi_varinst` VALUES ('7bdbaf99-9fd1-11ee-9ff6-6e6a773b7536', '7bd742bd-9fd1-11ee-9ff6-6e6a773b7536', '7bd7df03-9fd1-11ee-9ff6-6e6a773b7536', '7bdb1356-9fd1-11ee-9ff6-6e6a773b7536', 'entity', 'json', 0, NULL, NULL, NULL, '{\"id\":\"1\",\"name\":\"高等数学\",\"tchId\":\"zhangsan\",\"nick_name\":\"张三\",\"time\":\"1-8周 周三 9:40-11:50\",\"room\":\"C4-116\",\"classId\":\"202003101\",\"class_name\":\"20计科1班\",\"createDate\":\"2023-12-17T00:19:46.000+00:00\",\"updateDate\":\"2023-12-17T00:20:14.000+00:00\",\"status\":1,\"createDateStr\":\"2023-12-17 08:19:46\",\"updateDateStr\":\"2023-12-17 08:20:14\",\"statusStr\":\"待提交\"}', 'java.util.LinkedHashMap', '2023-12-21 15:20:57.004', '2023-12-21 15:20:57.004');
INSERT INTO `act_hi_varinst` VALUES ('88de5e09-952f-11ee-95a1-6e6a773b7536', '88de36f7-952f-11ee-95a1-6e6a773b7536', '88de36f7-952f-11ee-95a1-6e6a773b7536', NULL, 'entity', 'json', 2, NULL, NULL, NULL, '{\"id\":\"1702319186837008386\",\"userId\":\"admin\",\"money\":666,\"purpose\":\"12312\",\"remark\":\"123123\",\"loanDate\":\"2023-09-04T16:00:00.000+00:00\",\"createDate\":\"2023-09-14T13:51:36.000+00:00\",\"updateDate\":\"2023-09-14T13:51:36.000+00:00\",\"processInstanceId\":\"\",\"status\":0,\"statusStr\":\"已撤回\",\"createDateStr\":\"2023-09-14 21:51:36\",\"updateDateStr\":\"2023-09-14 21:51:36\",\"loanDateStr\":\"2023-09-05\"}', 'java.util.LinkedHashMap', '2023-12-08 02:36:28.734', '2023-12-08 02:36:47.094');
INSERT INTO `act_hi_varinst` VALUES ('88de5e0b-952f-11ee-95a1-6e6a773b7536', '88de36f7-952f-11ee-95a1-6e6a773b7536', '88de36f7-952f-11ee-95a1-6e6a773b7536', NULL, 'formName', 'string', 2, NULL, NULL, NULL, 'LoanForm', NULL, '2023-12-08 02:36:28.734', '2023-12-08 02:36:47.095');
INSERT INTO `act_hi_varinst` VALUES ('88de8521-952f-11ee-95a1-6e6a773b7536', '88de36f7-952f-11ee-95a1-6e6a773b7536', '88de5e0d-952f-11ee-95a1-6e6a773b7536', '88de5e10-952f-11ee-95a1-6e6a773b7536', 'formName', 'string', 0, NULL, NULL, NULL, 'LoanForm', NULL, '2023-12-08 02:36:28.735', '2023-12-08 02:36:28.735');
INSERT INTO `act_hi_varinst` VALUES ('88de8523-952f-11ee-95a1-6e6a773b7536', '88de36f7-952f-11ee-95a1-6e6a773b7536', '88de5e0d-952f-11ee-95a1-6e6a773b7536', '88de5e10-952f-11ee-95a1-6e6a773b7536', 'entity', 'json', 0, NULL, NULL, NULL, '{\"id\":\"1702319186837008386\",\"userId\":\"admin\",\"money\":666,\"purpose\":\"12312\",\"remark\":\"123123\",\"loanDate\":\"2023-09-04T16:00:00.000+00:00\",\"createDate\":\"2023-09-14T13:51:36.000+00:00\",\"updateDate\":\"2023-09-14T13:51:36.000+00:00\",\"processInstanceId\":\"\",\"status\":0,\"statusStr\":\"已撤回\",\"createDateStr\":\"2023-09-14 21:51:36\",\"updateDateStr\":\"2023-09-14 21:51:36\",\"loanDateStr\":\"2023-09-05\"}', 'java.util.LinkedHashMap', '2023-12-08 02:36:28.735', '2023-12-08 02:36:28.735');
INSERT INTO `act_hi_varinst` VALUES ('8c5a229e-32ff-11ed-87bc-283a4d3b4979', '029458f3-32fb-11ed-9c60-283a4d3b4979', '02951c49-32fb-11ed-9c60-283a4d3b4979', '8c59ad6d-32ff-11ed-87bc-283a4d3b4979', 'formName', 'string', 0, NULL, NULL, NULL, 'LeaveForm', NULL, '2022-09-13 09:01:07.112', '2022-09-13 09:01:07.112');
INSERT INTO `act_hi_varinst` VALUES ('8c5a22a0-32ff-11ed-87bc-283a4d3b4979', '029458f3-32fb-11ed-9c60-283a4d3b4979', '02951c49-32fb-11ed-9c60-283a4d3b4979', '8c59ad6d-32ff-11ed-87bc-283a4d3b4979', 'entity', 'json', 0, NULL, NULL, NULL, '{\"id\":\"1569483068132782082\",\"username\":\"admin\",\"leaveType\":2,\"title\":\"事假123\",\"leaveReason\":\"事假123\",\"startDate\":\"2022-09-12T16:00:00.000+00:00\",\"endDate\":\"2022-09-23T15:59:59.000+00:00\",\"duration\":11,\"principal\":\"2\",\"contactPhone\":\"1\",\"createDate\":\"2022-09-13T00:28:17.000+00:00\",\"updateDate\":\"2022-09-13T00:28:17.000+00:00\",\"status\":1,\"statusStr\":\"待提交\",\"startDateStr\":\"2022-09-13 00:00:00\",\"endDateStr\":\"2022-09-23 23:59:59\",\"createDateStr\":\"2022-09-13 08:28:17\",\"leaveTypeStr\":\"事假\",\"updateDateStr\":\"2022-09-13 08:28:17\"}', 'java.util.LinkedHashMap', '2022-09-13 09:01:07.112', '2022-09-13 09:01:07.112');
INSERT INTO `act_hi_varinst` VALUES ('9090bc2b-952f-11ee-95a1-6e6a773b7536', '88de36f7-952f-11ee-95a1-6e6a773b7536', '88de5e0d-952f-11ee-95a1-6e6a773b7536', '90906e0a-952f-11ee-95a1-6e6a773b7536', 'formName', 'string', 0, NULL, NULL, NULL, 'LoanForm', NULL, '2023-12-08 02:36:41.647', '2023-12-08 02:36:41.647');
INSERT INTO `act_hi_varinst` VALUES ('9090e33d-952f-11ee-95a1-6e6a773b7536', '88de36f7-952f-11ee-95a1-6e6a773b7536', '88de5e0d-952f-11ee-95a1-6e6a773b7536', '90906e0a-952f-11ee-95a1-6e6a773b7536', 'entity', 'json', 0, NULL, NULL, NULL, '{\"id\":\"1702319186837008386\",\"userId\":\"admin\",\"money\":666,\"purpose\":\"12312\",\"remark\":\"123123\",\"loanDate\":\"2023-09-04T16:00:00.000+00:00\",\"createDate\":\"2023-09-14T13:51:36.000+00:00\",\"updateDate\":\"2023-09-14T13:51:36.000+00:00\",\"processInstanceId\":\"\",\"status\":0,\"statusStr\":\"已撤回\",\"createDateStr\":\"2023-09-14 21:51:36\",\"updateDateStr\":\"2023-09-14 21:51:36\",\"loanDateStr\":\"2023-09-05\"}', 'java.util.LinkedHashMap', '2023-12-08 02:36:41.648', '2023-12-08 02:36:41.648');
INSERT INTO `act_hi_varinst` VALUES ('9b1fb9b3-9fd2-11ee-9ff6-6e6a773b7536', '9b1fb9b1-9fd2-11ee-9ff6-6e6a773b7536', '9b1fb9b1-9fd2-11ee-9ff6-6e6a773b7536', NULL, 'entity', 'json', 1, NULL, NULL, NULL, '{\"id\":\"2\",\"name\":\"线性代数\",\"tchId\":\"zhangsan\",\"nick_name\":\"张三\",\"time\":\"1-8周 周三 8:00-9:25\",\"room\":\"C4-116\",\"classId\":\"202003102\",\"class_name\":\"20计科2班\",\"createDate\":\"2023-12-17T00:11:35.000+00:00\",\"updateDate\":\"2023-12-21T07:28:56.000+00:00\",\"processInstanceId\":\"\",\"status\":0,\"createDateStr\":\"2023-12-17 08:11:35\",\"updateDateStr\":\"2023-12-21 15:28:56\",\"statusStr\":\"已撤回\"}', 'java.util.LinkedHashMap', '2023-12-21 15:28:58.956', '2023-12-25 03:44:29.378');
INSERT INTO `act_hi_varinst` VALUES ('9b1fb9b5-9fd2-11ee-9ff6-6e6a773b7536', '9b1fb9b1-9fd2-11ee-9ff6-6e6a773b7536', '9b1fb9b1-9fd2-11ee-9ff6-6e6a773b7536', NULL, 'formName', 'string', 1, NULL, NULL, NULL, 'courseManagerForm', NULL, '2023-12-21 15:28:58.956', '2023-12-25 03:44:29.380');
INSERT INTO `act_hi_varinst` VALUES ('9b2007db-9fd2-11ee-9ff6-6e6a773b7536', '9b1fb9b1-9fd2-11ee-9ff6-6e6a773b7536', '9b1fb9b7-9fd2-11ee-9ff6-6e6a773b7536', '9b1fe0ca-9fd2-11ee-9ff6-6e6a773b7536', 'formName', 'string', 0, NULL, NULL, NULL, 'courseManagerForm', NULL, '2023-12-21 15:28:58.958', '2023-12-21 15:28:58.958');
INSERT INTO `act_hi_varinst` VALUES ('9b2007dd-9fd2-11ee-9ff6-6e6a773b7536', '9b1fb9b1-9fd2-11ee-9ff6-6e6a773b7536', '9b1fb9b7-9fd2-11ee-9ff6-6e6a773b7536', '9b1fe0ca-9fd2-11ee-9ff6-6e6a773b7536', 'entity', 'json', 0, NULL, NULL, NULL, '{\"id\":\"2\",\"name\":\"线性代数\",\"tchId\":\"zhangsan\",\"nick_name\":\"张三\",\"time\":\"1-8周 周三 8:00-9:25\",\"room\":\"C4-116\",\"classId\":\"202003102\",\"class_name\":\"20计科2班\",\"createDate\":\"2023-12-17T00:11:35.000+00:00\",\"updateDate\":\"2023-12-21T07:28:56.000+00:00\",\"processInstanceId\":\"\",\"status\":0,\"createDateStr\":\"2023-12-17 08:11:35\",\"updateDateStr\":\"2023-12-21 15:28:56\",\"statusStr\":\"已撤回\"}', 'java.util.LinkedHashMap', '2023-12-21 15:28:58.958', '2023-12-21 15:28:58.958');
INSERT INTO `act_hi_varinst` VALUES ('a0aa4112-a3be-11ee-8fe5-6e6a773b7536', 'a0aa4110-a3be-11ee-8fe5-6e6a773b7536', 'a0aa4110-a3be-11ee-8fe5-6e6a773b7536', NULL, 'entity', 'json', 1, NULL, NULL, NULL, '{\"id\":\"1739545428619198465\",\"name\":\"xuesheng51\",\"course_name\":\"古典文学鉴赏\",\"teacher_nick_name\":\"小明\",\"time\":\"1-8周 周三 15:10-16:35\",\"reason\":\"家里有事\",\"createDate\":\"2023-12-26T07:15:24.000+00:00\",\"status\":1,\"createDateStr\":\"2023-12-26 15:15:24\",\"statusStr\":\"待提交\"}', 'java.util.LinkedHashMap', '2023-12-26 15:16:02.969', '2023-12-26 15:16:08.859');
INSERT INTO `act_hi_varinst` VALUES ('a0aa4114-a3be-11ee-8fe5-6e6a773b7536', 'a0aa4110-a3be-11ee-8fe5-6e6a773b7536', 'a0aa4110-a3be-11ee-8fe5-6e6a773b7536', NULL, 'formName', 'string', 1, NULL, NULL, NULL, 'StudentLeaveForm', NULL, '2023-12-26 15:16:02.969', '2023-12-26 15:16:08.861');
INSERT INTO `act_hi_varinst` VALUES ('a0aa8f3a-a3be-11ee-8fe5-6e6a773b7536', 'a0aa4110-a3be-11ee-8fe5-6e6a773b7536', 'a0aa6826-a3be-11ee-8fe5-6e6a773b7536', 'a0aa6829-a3be-11ee-8fe5-6e6a773b7536', 'formName', 'string', 0, NULL, NULL, NULL, 'StudentLeaveForm', NULL, '2023-12-26 15:16:02.971', '2023-12-26 15:16:02.971');
INSERT INTO `act_hi_varinst` VALUES ('a0aab64c-a3be-11ee-8fe5-6e6a773b7536', 'a0aa4110-a3be-11ee-8fe5-6e6a773b7536', 'a0aa6826-a3be-11ee-8fe5-6e6a773b7536', 'a0aa6829-a3be-11ee-8fe5-6e6a773b7536', 'entity', 'json', 0, NULL, NULL, NULL, '{\"id\":\"1739545428619198465\",\"name\":\"xuesheng51\",\"course_name\":\"古典文学鉴赏\",\"teacher_nick_name\":\"小明\",\"time\":\"1-8周 周三 15:10-16:35\",\"reason\":\"家里有事\",\"createDate\":\"2023-12-26T07:15:24.000+00:00\",\"status\":1,\"createDateStr\":\"2023-12-26 15:15:24\",\"statusStr\":\"待提交\"}', 'java.util.LinkedHashMap', '2023-12-26 15:16:02.972', '2023-12-26 15:16:02.972');
INSERT INTO `act_hi_varinst` VALUES ('a3b13ccf-91af-11ee-9fdf-6e6a773b7536', 'a3b0a08d-91af-11ee-9fdf-6e6a773b7536', 'a3b0a08d-91af-11ee-9fdf-6e6a773b7536', NULL, 'entity', 'json', 2, NULL, NULL, NULL, '{\"id\":\"1702564795787620354\",\"userId\":\"admin\",\"money\":23,\"loanDate\":\"2023-09-05T16:00:00.000+00:00\",\"createDate\":\"2023-09-15T06:07:34.000+00:00\",\"updateDate\":\"2023-09-15T06:07:34.000+00:00\",\"processInstanceId\":\"\",\"status\":0,\"statusStr\":\"已撤回\",\"createDateStr\":\"2023-09-15 14:07:34\",\"updateDateStr\":\"2023-09-15 14:07:34\",\"loanDateStr\":\"2023-09-06\"}', 'java.util.LinkedHashMap', '2023-12-03 15:43:24.667', '2023-12-26 15:38:15.993');
INSERT INTO `act_hi_varinst` VALUES ('a3b1d911-91af-11ee-9fdf-6e6a773b7536', 'a3b0a08d-91af-11ee-9fdf-6e6a773b7536', 'a3b0a08d-91af-11ee-9fdf-6e6a773b7536', NULL, 'formName', 'string', 2, NULL, NULL, NULL, 'LoanForm', NULL, '2023-12-03 15:43:24.672', '2023-12-26 15:38:15.995');
INSERT INTO `act_hi_varinst` VALUES ('a3bab2b7-91af-11ee-9fdf-6e6a773b7536', 'a3b0a08d-91af-11ee-9fdf-6e6a773b7536', 'a3b22733-91af-11ee-9fdf-6e6a773b7536', 'a3b9c856-91af-11ee-9fdf-6e6a773b7536', 'formName', 'string', 0, NULL, NULL, NULL, 'LoanForm', NULL, '2023-12-03 15:43:24.729', '2023-12-03 15:43:24.729');
INSERT INTO `act_hi_varinst` VALUES ('a3bad9c9-91af-11ee-9fdf-6e6a773b7536', 'a3b0a08d-91af-11ee-9fdf-6e6a773b7536', 'a3b22733-91af-11ee-9fdf-6e6a773b7536', 'a3b9c856-91af-11ee-9fdf-6e6a773b7536', 'entity', 'json', 0, NULL, NULL, NULL, '{\"id\":\"1702564795787620354\",\"userId\":\"admin\",\"money\":23,\"loanDate\":\"2023-09-05T16:00:00.000+00:00\",\"createDate\":\"2023-09-15T06:07:34.000+00:00\",\"updateDate\":\"2023-09-15T06:07:34.000+00:00\",\"processInstanceId\":\"\",\"status\":0,\"statusStr\":\"已撤回\",\"createDateStr\":\"2023-09-15 14:07:34\",\"updateDateStr\":\"2023-09-15 14:07:34\",\"loanDateStr\":\"2023-09-06\"}', 'java.util.LinkedHashMap', '2023-12-03 15:43:24.730', '2023-12-03 15:43:24.730');
INSERT INTO `act_hi_varinst` VALUES ('a60b54c1-a3c1-11ee-aaa2-6e6a773b7536', '266b6a44-a293-11ee-b602-6e6a773b7536', '266c54aa-a293-11ee-b602-6e6a773b7536', 'a60a9170-a3c1-11ee-aaa2-6e6a773b7536', 'formName', 'string', 0, NULL, NULL, NULL, 'LeaveForm', NULL, '2023-12-26 15:37:40.484', '2023-12-26 15:37:40.484');
INSERT INTO `act_hi_varinst` VALUES ('a60b7bd3-a3c1-11ee-aaa2-6e6a773b7536', '266b6a44-a293-11ee-b602-6e6a773b7536', '266c54aa-a293-11ee-b602-6e6a773b7536', 'a60a9170-a3c1-11ee-aaa2-6e6a773b7536', 'entity', 'json', 0, NULL, NULL, NULL, '{\"id\":\"1739006075060912129\",\"name\":\"xuesheng11\",\"course_name\":\"高等数学\",\"teacher_nick_name\":\"张三\",\"time\":\"1-8周 周三 9:40-11:50\",\"reason\":\"身体不舒服\",\"createDate\":\"2023-12-24T19:32:12.000+00:00\",\"status\":1,\"createDateStr\":\"2023-12-25 03:32:12\",\"statusStr\":\"待提交\"}', 'java.util.LinkedHashMap', '2023-12-26 15:37:40.485', '2023-12-26 15:37:40.485');
INSERT INTO `act_hi_varinst` VALUES ('a78cc4ab-a3c1-11ee-aaa2-6e6a773b7536', '65e59029-9f44-11ee-bdc4-6e6a773b7536', '65e6537f-9f44-11ee-bdc4-6e6a773b7536', 'a78c4f7a-a3c1-11ee-aaa2-6e6a773b7536', 'formName', 'string', 0, NULL, NULL, NULL, 'LeaveForm', NULL, '2023-12-26 15:37:43.010', '2023-12-26 15:37:43.010');
INSERT INTO `act_hi_varinst` VALUES ('a78cc4ad-a3c1-11ee-aaa2-6e6a773b7536', '65e59029-9f44-11ee-bdc4-6e6a773b7536', '65e6537f-9f44-11ee-bdc4-6e6a773b7536', 'a78c4f7a-a3c1-11ee-aaa2-6e6a773b7536', 'entity', 'json', 0, NULL, NULL, NULL, '{\"id\":\"1731230868057403394\",\"username\":\"admin\",\"leaveType\":1,\"title\":\"1\",\"leaveReason\":\"1123\",\"startDate\":\"2024-01-20T16:00:00.000+00:00\",\"endDate\":\"2024-01-23T15:59:59.000+00:00\",\"duration\":3,\"principal\":\"2\",\"contactPhone\":\"2\",\"createDate\":\"2023-12-03T08:36:18.000+00:00\",\"updateDate\":\"2023-12-03T08:36:18.000+00:00\",\"status\":1,\"createDateStr\":\"2023-12-03 16:36:18\",\"updateDateStr\":\"2023-12-03 16:36:18\",\"startDateStr\":\"2024-01-21 00:00:00\",\"endDateStr\":\"2024-01-23 23:59:59\",\"statusStr\":\"待提交\",\"leaveTypeStr\":\"病假\"}', 'java.util.LinkedHashMap', '2023-12-26 15:37:43.010', '2023-12-26 15:37:43.010');
INSERT INTO `act_hi_varinst` VALUES ('a8e83605-a3c1-11ee-aaa2-6e6a773b7536', '266b6a44-a293-11ee-b602-6e6a773b7536', '266c54aa-a293-11ee-b602-6e6a773b7536', 'a8e7e7e4-a3c1-11ee-aaa2-6e6a773b7536', 'formName', 'string', 0, NULL, NULL, NULL, 'LeaveForm', NULL, '2023-12-26 15:37:45.287', '2023-12-26 15:37:45.287');
INSERT INTO `act_hi_varinst` VALUES ('a8e83607-a3c1-11ee-aaa2-6e6a773b7536', '266b6a44-a293-11ee-b602-6e6a773b7536', '266c54aa-a293-11ee-b602-6e6a773b7536', 'a8e7e7e4-a3c1-11ee-aaa2-6e6a773b7536', 'entity', 'json', 0, NULL, NULL, NULL, '{\"id\":\"1739006075060912129\",\"name\":\"xuesheng11\",\"course_name\":\"高等数学\",\"teacher_nick_name\":\"张三\",\"time\":\"1-8周 周三 9:40-11:50\",\"reason\":\"身体不舒服\",\"createDate\":\"2023-12-24T19:32:12.000+00:00\",\"status\":1,\"createDateStr\":\"2023-12-25 03:32:12\",\"statusStr\":\"待提交\"}', 'java.util.LinkedHashMap', '2023-12-26 15:37:45.287', '2023-12-26 15:37:45.287');
INSERT INTO `act_hi_varinst` VALUES ('aa156b6f-a3c1-11ee-aaa2-6e6a773b7536', '266b6a44-a293-11ee-b602-6e6a773b7536', '266c54aa-a293-11ee-b602-6e6a773b7536', 'aa151d4e-a3c1-11ee-aaa2-6e6a773b7536', 'formName', 'string', 0, NULL, NULL, NULL, 'LeaveForm', NULL, '2023-12-26 15:37:47.261', '2023-12-26 15:37:47.261');
INSERT INTO `act_hi_varinst` VALUES ('aa156b71-a3c1-11ee-aaa2-6e6a773b7536', '266b6a44-a293-11ee-b602-6e6a773b7536', '266c54aa-a293-11ee-b602-6e6a773b7536', 'aa151d4e-a3c1-11ee-aaa2-6e6a773b7536', 'entity', 'json', 0, NULL, NULL, NULL, '{\"id\":\"1739006075060912129\",\"name\":\"xuesheng11\",\"course_name\":\"高等数学\",\"teacher_nick_name\":\"张三\",\"time\":\"1-8周 周三 9:40-11:50\",\"reason\":\"身体不舒服\",\"createDate\":\"2023-12-24T19:32:12.000+00:00\",\"status\":1,\"createDateStr\":\"2023-12-25 03:32:12\",\"statusStr\":\"待提交\"}', 'java.util.LinkedHashMap', '2023-12-26 15:37:47.262', '2023-12-26 15:37:47.262');
INSERT INTO `act_hi_varinst` VALUES ('ab45ee5f-a3bc-11ee-81ba-6e6a773b7536', 'ab45521d-a3bc-11ee-81ba-6e6a773b7536', 'ab45521d-a3bc-11ee-81ba-6e6a773b7536', NULL, 'entity', 'json', 1, NULL, NULL, NULL, '{\"id\":\"5\",\"name\":\"汇编语言\",\"tchId\":\"xiaoming\",\"nick_name\":\"王五\",\"time\":\"1-8周 周三 15:10-16:35\",\"room\":\"C4-308\",\"classId\":\"202003203\",\"class_name\":\"20网安3班\",\"createDate\":\"2023-12-17T00:11:35.000+00:00\",\"updateDate\":\"2023-12-17T00:11:35.000+00:00\",\"status\":1,\"createDateStr\":\"2023-12-17 08:11:35\",\"updateDateStr\":\"2023-12-17 08:11:35\",\"statusStr\":\"待提交\"}', 'java.util.LinkedHashMap', '2023-12-26 15:02:01.773', '2023-12-26 15:02:22.656');
INSERT INTO `act_hi_varinst` VALUES ('ab466391-a3bc-11ee-81ba-6e6a773b7536', 'ab45521d-a3bc-11ee-81ba-6e6a773b7536', 'ab45521d-a3bc-11ee-81ba-6e6a773b7536', NULL, 'formName', 'string', 1, NULL, NULL, NULL, 'courseManagerForm', NULL, '2023-12-26 15:02:01.776', '2023-12-26 15:02:22.659');
INSERT INTO `act_hi_varinst` VALUES ('ab4af777-a3bc-11ee-81ba-6e6a773b7536', 'ab45521d-a3bc-11ee-81ba-6e6a773b7536', 'ab466393-a3bc-11ee-81ba-6e6a773b7536', 'ab49e606-a3bc-11ee-81ba-6e6a773b7536', 'formName', 'string', 0, NULL, NULL, NULL, 'courseManagerForm', NULL, '2023-12-26 15:02:01.806', '2023-12-26 15:02:01.806');
INSERT INTO `act_hi_varinst` VALUES ('ab4af779-a3bc-11ee-81ba-6e6a773b7536', 'ab45521d-a3bc-11ee-81ba-6e6a773b7536', 'ab466393-a3bc-11ee-81ba-6e6a773b7536', 'ab49e606-a3bc-11ee-81ba-6e6a773b7536', 'entity', 'json', 0, NULL, NULL, NULL, '{\"id\":\"5\",\"name\":\"汇编语言\",\"tchId\":\"xiaoming\",\"nick_name\":\"王五\",\"time\":\"1-8周 周三 15:10-16:35\",\"room\":\"C4-308\",\"classId\":\"202003203\",\"class_name\":\"20网安3班\",\"createDate\":\"2023-12-17T00:11:35.000+00:00\",\"updateDate\":\"2023-12-17T00:11:35.000+00:00\",\"status\":1,\"createDateStr\":\"2023-12-17 08:11:35\",\"updateDateStr\":\"2023-12-17 08:11:35\",\"statusStr\":\"待提交\"}', 'java.util.LinkedHashMap', '2023-12-26 15:02:01.806', '2023-12-26 15:02:01.806');
INSERT INTO `act_hi_varinst` VALUES ('abe0dca9-a3c1-11ee-aaa2-6e6a773b7536', '266b6a44-a293-11ee-b602-6e6a773b7536', '266c54aa-a293-11ee-b602-6e6a773b7536', 'abe08e88-a3c1-11ee-aaa2-6e6a773b7536', 'formName', 'string', 0, NULL, NULL, NULL, 'LeaveForm', NULL, '2023-12-26 15:37:50.272', '2023-12-26 15:37:50.272');
INSERT INTO `act_hi_varinst` VALUES ('abe0dcab-a3c1-11ee-aaa2-6e6a773b7536', '266b6a44-a293-11ee-b602-6e6a773b7536', '266c54aa-a293-11ee-b602-6e6a773b7536', 'abe08e88-a3c1-11ee-aaa2-6e6a773b7536', 'entity', 'json', 0, NULL, NULL, NULL, '{\"id\":\"1739006075060912129\",\"name\":\"xuesheng11\",\"course_name\":\"高等数学\",\"teacher_nick_name\":\"张三\",\"time\":\"1-8周 周三 9:40-11:50\",\"reason\":\"身体不舒服\",\"createDate\":\"2023-12-24T19:32:12.000+00:00\",\"status\":1,\"createDateStr\":\"2023-12-25 03:32:12\",\"statusStr\":\"待提交\"}', 'java.util.LinkedHashMap', '2023-12-26 15:37:50.272', '2023-12-26 15:37:50.272');
INSERT INTO `act_hi_varinst` VALUES ('aed64ef7-a3c1-11ee-aaa2-6e6a773b7536', '65e59029-9f44-11ee-bdc4-6e6a773b7536', '65e6537f-9f44-11ee-bdc4-6e6a773b7536', 'aed627e6-a3c1-11ee-aaa2-6e6a773b7536', 'formName', 'string', 0, NULL, NULL, NULL, 'LeaveForm', NULL, '2023-12-26 15:37:55.236', '2023-12-26 15:37:55.236');
INSERT INTO `act_hi_varinst` VALUES ('aed64ef9-a3c1-11ee-aaa2-6e6a773b7536', '65e59029-9f44-11ee-bdc4-6e6a773b7536', '65e6537f-9f44-11ee-bdc4-6e6a773b7536', 'aed627e6-a3c1-11ee-aaa2-6e6a773b7536', 'entity', 'json', 0, NULL, NULL, NULL, '{\"id\":\"1731230868057403394\",\"username\":\"admin\",\"leaveType\":1,\"title\":\"1\",\"leaveReason\":\"1123\",\"startDate\":\"2024-01-20T16:00:00.000+00:00\",\"endDate\":\"2024-01-23T15:59:59.000+00:00\",\"duration\":3,\"principal\":\"2\",\"contactPhone\":\"2\",\"createDate\":\"2023-12-03T08:36:18.000+00:00\",\"updateDate\":\"2023-12-03T08:36:18.000+00:00\",\"status\":1,\"createDateStr\":\"2023-12-03 16:36:18\",\"updateDateStr\":\"2023-12-03 16:36:18\",\"startDateStr\":\"2024-01-21 00:00:00\",\"endDateStr\":\"2024-01-23 23:59:59\",\"statusStr\":\"待提交\",\"leaveTypeStr\":\"病假\"}', 'java.util.LinkedHashMap', '2023-12-26 15:37:55.236', '2023-12-26 15:37:55.236');
INSERT INTO `act_hi_varinst` VALUES ('b0735d31-a3c1-11ee-aaa2-6e6a773b7536', '65e59029-9f44-11ee-bdc4-6e6a773b7536', '65e6537f-9f44-11ee-bdc4-6e6a773b7536', 'b072e800-a3c1-11ee-aaa2-6e6a773b7536', 'formName', 'string', 0, NULL, NULL, NULL, 'LeaveForm', NULL, '2023-12-26 15:37:57.943', '2023-12-26 15:37:57.943');
INSERT INTO `act_hi_varinst` VALUES ('b0738443-a3c1-11ee-aaa2-6e6a773b7536', '65e59029-9f44-11ee-bdc4-6e6a773b7536', '65e6537f-9f44-11ee-bdc4-6e6a773b7536', 'b072e800-a3c1-11ee-aaa2-6e6a773b7536', 'entity', 'json', 0, NULL, NULL, NULL, '{\"id\":\"1731230868057403394\",\"username\":\"admin\",\"leaveType\":1,\"title\":\"1\",\"leaveReason\":\"1123\",\"startDate\":\"2024-01-20T16:00:00.000+00:00\",\"endDate\":\"2024-01-23T15:59:59.000+00:00\",\"duration\":3,\"principal\":\"2\",\"contactPhone\":\"2\",\"createDate\":\"2023-12-03T08:36:18.000+00:00\",\"updateDate\":\"2023-12-03T08:36:18.000+00:00\",\"status\":1,\"createDateStr\":\"2023-12-03 16:36:18\",\"updateDateStr\":\"2023-12-03 16:36:18\",\"startDateStr\":\"2024-01-21 00:00:00\",\"endDateStr\":\"2024-01-23 23:59:59\",\"statusStr\":\"待提交\",\"leaveTypeStr\":\"病假\"}', 'java.util.LinkedHashMap', '2023-12-26 15:37:57.944', '2023-12-26 15:37:57.944');
INSERT INTO `act_hi_varinst` VALUES ('b23865cb-a3c1-11ee-aaa2-6e6a773b7536', '65e59029-9f44-11ee-bdc4-6e6a773b7536', '65e6537f-9f44-11ee-bdc4-6e6a773b7536', 'b237f09a-a3c1-11ee-aaa2-6e6a773b7536', 'formName', 'string', 0, NULL, NULL, NULL, 'LeaveForm', NULL, '2023-12-26 15:38:00.912', '2023-12-26 15:38:00.912');
INSERT INTO `act_hi_varinst` VALUES ('b23865cd-a3c1-11ee-aaa2-6e6a773b7536', '65e59029-9f44-11ee-bdc4-6e6a773b7536', '65e6537f-9f44-11ee-bdc4-6e6a773b7536', 'b237f09a-a3c1-11ee-aaa2-6e6a773b7536', 'entity', 'json', 0, NULL, NULL, NULL, '{\"id\":\"1731230868057403394\",\"username\":\"admin\",\"leaveType\":1,\"title\":\"1\",\"leaveReason\":\"1123\",\"startDate\":\"2024-01-20T16:00:00.000+00:00\",\"endDate\":\"2024-01-23T15:59:59.000+00:00\",\"duration\":3,\"principal\":\"2\",\"contactPhone\":\"2\",\"createDate\":\"2023-12-03T08:36:18.000+00:00\",\"updateDate\":\"2023-12-03T08:36:18.000+00:00\",\"status\":1,\"createDateStr\":\"2023-12-03 16:36:18\",\"updateDateStr\":\"2023-12-03 16:36:18\",\"startDateStr\":\"2024-01-21 00:00:00\",\"endDateStr\":\"2024-01-23 23:59:59\",\"statusStr\":\"待提交\",\"leaveTypeStr\":\"病假\"}', 'java.util.LinkedHashMap', '2023-12-26 15:38:00.913', '2023-12-26 15:38:00.913');
INSERT INTO `act_hi_varinst` VALUES ('b4b3c619-a3c1-11ee-aaa2-6e6a773b7536', '27f3a1a0-91da-11ee-a869-6e6a773b7536', '27f7c056-91da-11ee-a869-6e6a773b7536', 'b4b377f8-a3c1-11ee-aaa2-6e6a773b7536', 'formName', 'string', 0, NULL, NULL, NULL, 'LeaveForm', NULL, '2023-12-26 15:38:05.076', '2023-12-26 15:38:05.076');
INSERT INTO `act_hi_varinst` VALUES ('b4b3c61b-a3c1-11ee-aaa2-6e6a773b7536', '27f3a1a0-91da-11ee-a869-6e6a773b7536', '27f7c056-91da-11ee-a869-6e6a773b7536', 'b4b377f8-a3c1-11ee-aaa2-6e6a773b7536', 'entity', 'json', 0, NULL, NULL, NULL, '{\"id\":\"1701485834856890369\",\"username\":\"admin\",\"leaveType\":1,\"title\":\"测试1\",\"leaveReason\":\"233\",\"startDate\":\"2023-09-19T16:00:00.000+00:00\",\"endDate\":\"2023-09-23T15:59:59.000+00:00\",\"duration\":4,\"principal\":\"\",\"contactPhone\":\"\",\"createDate\":\"2023-09-12T06:40:09.000+00:00\",\"updateDate\":\"2023-09-12T06:41:37.000+00:00\",\"processInstanceId\":\"\",\"status\":0,\"endDateStr\":\"2023-09-23 23:59:59\",\"updateDateStr\":\"2023-09-12 14:41:37\",\"statusStr\":\"已撤回\",\"createDateStr\":\"2023-09-12 14:40:09\",\"leaveTypeStr\":\"病假\",\"startDateStr\":\"2023-09-20 00:00:00\"}', 'java.util.LinkedHashMap', '2023-12-26 15:38:05.076', '2023-12-26 15:38:05.076');
INSERT INTO `act_hi_varinst` VALUES ('b5bada41-91af-11ee-9fdf-6e6a773b7536', 'a3b0a08d-91af-11ee-9fdf-6e6a773b7536', 'a3b22733-91af-11ee-9fdf-6e6a773b7536', 'b5ba6510-91af-11ee-9fdf-6e6a773b7536', 'formName', 'string', 0, NULL, NULL, NULL, 'LoanForm', NULL, '2023-12-03 15:43:54.929', '2023-12-03 15:43:54.929');
INSERT INTO `act_hi_varinst` VALUES ('b5bada43-91af-11ee-9fdf-6e6a773b7536', 'a3b0a08d-91af-11ee-9fdf-6e6a773b7536', 'a3b22733-91af-11ee-9fdf-6e6a773b7536', 'b5ba6510-91af-11ee-9fdf-6e6a773b7536', 'entity', 'json', 0, NULL, NULL, NULL, '{\"id\":\"1702564795787620354\",\"userId\":\"admin\",\"money\":23,\"loanDate\":\"2023-09-05T16:00:00.000+00:00\",\"createDate\":\"2023-09-15T06:07:34.000+00:00\",\"updateDate\":\"2023-09-15T06:07:34.000+00:00\",\"processInstanceId\":\"\",\"status\":0,\"statusStr\":\"已撤回\",\"createDateStr\":\"2023-09-15 14:07:34\",\"updateDateStr\":\"2023-09-15 14:07:34\",\"loanDateStr\":\"2023-09-06\"}', 'java.util.LinkedHashMap', '2023-12-03 15:43:54.929', '2023-12-03 15:43:54.929');
INSERT INTO `act_hi_varinst` VALUES ('b6244613-a3c1-11ee-aaa2-6e6a773b7536', '27f3a1a0-91da-11ee-a869-6e6a773b7536', '27f7c056-91da-11ee-a869-6e6a773b7536', 'b623a9d2-a3c1-11ee-aaa2-6e6a773b7536', 'formName', 'string', 0, NULL, NULL, NULL, 'LeaveForm', NULL, '2023-12-26 15:38:07.491', '2023-12-26 15:38:07.491');
INSERT INTO `act_hi_varinst` VALUES ('b6244615-a3c1-11ee-aaa2-6e6a773b7536', '27f3a1a0-91da-11ee-a869-6e6a773b7536', '27f7c056-91da-11ee-a869-6e6a773b7536', 'b623a9d2-a3c1-11ee-aaa2-6e6a773b7536', 'entity', 'json', 0, NULL, NULL, NULL, '{\"id\":\"1701485834856890369\",\"username\":\"admin\",\"leaveType\":1,\"title\":\"测试1\",\"leaveReason\":\"233\",\"startDate\":\"2023-09-19T16:00:00.000+00:00\",\"endDate\":\"2023-09-23T15:59:59.000+00:00\",\"duration\":4,\"principal\":\"\",\"contactPhone\":\"\",\"createDate\":\"2023-09-12T06:40:09.000+00:00\",\"updateDate\":\"2023-09-12T06:41:37.000+00:00\",\"processInstanceId\":\"\",\"status\":0,\"endDateStr\":\"2023-09-23 23:59:59\",\"updateDateStr\":\"2023-09-12 14:41:37\",\"statusStr\":\"已撤回\",\"createDateStr\":\"2023-09-12 14:40:09\",\"leaveTypeStr\":\"病假\",\"startDateStr\":\"2023-09-20 00:00:00\"}', 'java.util.LinkedHashMap', '2023-12-26 15:38:07.491', '2023-12-26 15:38:07.491');
INSERT INTO `act_hi_varinst` VALUES ('b78b291d-a3c1-11ee-aaa2-6e6a773b7536', '27f3a1a0-91da-11ee-a869-6e6a773b7536', '27f7c056-91da-11ee-a869-6e6a773b7536', 'b78adafc-a3c1-11ee-aaa2-6e6a773b7536', 'formName', 'string', 0, NULL, NULL, NULL, 'LeaveForm', NULL, '2023-12-26 15:38:09.843', '2023-12-26 15:38:09.843');
INSERT INTO `act_hi_varinst` VALUES ('b78b502f-a3c1-11ee-aaa2-6e6a773b7536', '27f3a1a0-91da-11ee-a869-6e6a773b7536', '27f7c056-91da-11ee-a869-6e6a773b7536', 'b78adafc-a3c1-11ee-aaa2-6e6a773b7536', 'entity', 'json', 0, NULL, NULL, NULL, '{\"id\":\"1701485834856890369\",\"username\":\"admin\",\"leaveType\":1,\"title\":\"测试1\",\"leaveReason\":\"233\",\"startDate\":\"2023-09-19T16:00:00.000+00:00\",\"endDate\":\"2023-09-23T15:59:59.000+00:00\",\"duration\":4,\"principal\":\"\",\"contactPhone\":\"\",\"createDate\":\"2023-09-12T06:40:09.000+00:00\",\"updateDate\":\"2023-09-12T06:41:37.000+00:00\",\"processInstanceId\":\"\",\"status\":0,\"endDateStr\":\"2023-09-23 23:59:59\",\"updateDateStr\":\"2023-09-12 14:41:37\",\"statusStr\":\"已撤回\",\"createDateStr\":\"2023-09-12 14:40:09\",\"leaveTypeStr\":\"病假\",\"startDateStr\":\"2023-09-20 00:00:00\"}', 'java.util.LinkedHashMap', '2023-12-26 15:38:09.844', '2023-12-26 15:38:09.844');
INSERT INTO `act_hi_varinst` VALUES ('b9039857-a3c1-11ee-aaa2-6e6a773b7536', '27f3a1a0-91da-11ee-a869-6e6a773b7536', '27f7c056-91da-11ee-a869-6e6a773b7536', 'b9032326-a3c1-11ee-aaa2-6e6a773b7536', 'formName', 'string', 0, NULL, NULL, NULL, 'LeaveForm', NULL, '2023-12-26 15:38:12.310', '2023-12-26 15:38:12.310');
INSERT INTO `act_hi_varinst` VALUES ('b903bf69-a3c1-11ee-aaa2-6e6a773b7536', '27f3a1a0-91da-11ee-a869-6e6a773b7536', '27f7c056-91da-11ee-a869-6e6a773b7536', 'b9032326-a3c1-11ee-aaa2-6e6a773b7536', 'entity', 'json', 0, NULL, NULL, NULL, '{\"id\":\"1701485834856890369\",\"username\":\"admin\",\"leaveType\":1,\"title\":\"测试1\",\"leaveReason\":\"233\",\"startDate\":\"2023-09-19T16:00:00.000+00:00\",\"endDate\":\"2023-09-23T15:59:59.000+00:00\",\"duration\":4,\"principal\":\"\",\"contactPhone\":\"\",\"createDate\":\"2023-09-12T06:40:09.000+00:00\",\"updateDate\":\"2023-09-12T06:41:37.000+00:00\",\"processInstanceId\":\"\",\"status\":0,\"endDateStr\":\"2023-09-23 23:59:59\",\"updateDateStr\":\"2023-09-12 14:41:37\",\"statusStr\":\"已撤回\",\"createDateStr\":\"2023-09-12 14:40:09\",\"leaveTypeStr\":\"病假\",\"startDateStr\":\"2023-09-20 00:00:00\"}', 'java.util.LinkedHashMap', '2023-12-26 15:38:12.311', '2023-12-26 15:38:12.311');
INSERT INTO `act_hi_varinst` VALUES ('b98bc538-34a0-11ed-a5e5-283a4d3b4979', 'b98a3e96-34a0-11ed-a5e5-283a4d3b4979', 'b98a3e96-34a0-11ed-a5e5-283a4d3b4979', NULL, 'entity', 'json', 5, NULL, NULL, NULL, '{\"id\":\"1567777623949111297\",\"username\":\"admin\",\"leaveType\":2,\"title\":\"12345\",\"leaveReason\":\"4567\",\"startDate\":\"2022-09-07T16:00:00.000+00:00\",\"endDate\":\"2022-09-16T15:59:59.000+00:00\",\"duration\":9,\"principal\":\"2\",\"contactPhone\":\"1\",\"createDate\":\"2022-09-08T07:31:28.000+00:00\",\"updateDate\":\"2022-09-08T07:31:28.000+00:00\",\"processInstanceId\":\"\",\"status\":0,\"createDateStr\":\"2022-09-08 15:31:28\",\"leaveTypeStr\":\"事假\",\"startDateStr\":\"2022-09-08 00:00:00\",\"statusStr\":\"已撤回\",\"endDateStr\":\"2022-09-16 23:59:59\",\"updateDateStr\":\"2022-09-08 15:31:28\"}', 'java.util.LinkedHashMap', '2022-09-15 10:47:23.071', '2023-09-15 04:11:22.827');
INSERT INTO `act_hi_varinst` VALUES ('b98c3a6a-34a0-11ed-a5e5-283a4d3b4979', 'b98a3e96-34a0-11ed-a5e5-283a4d3b4979', 'b98a3e96-34a0-11ed-a5e5-283a4d3b4979', NULL, 'formName', 'string', 5, NULL, NULL, NULL, 'LeaveForm', NULL, '2022-09-15 10:47:23.074', '2023-09-15 04:11:22.828');
INSERT INTO `act_hi_varinst` VALUES ('b9916a90-34a0-11ed-a5e5-283a4d3b4979', 'b98a3e96-34a0-11ed-a5e5-283a4d3b4979', 'b98c3a6c-34a0-11ed-a5e5-283a4d3b4979', 'b990a73f-34a0-11ed-a5e5-283a4d3b4979', 'formName', 'string', 0, NULL, NULL, NULL, 'LeaveForm', NULL, '2022-09-15 10:47:23.108', '2022-09-15 10:47:23.108');
INSERT INTO `act_hi_varinst` VALUES ('b99191a2-34a0-11ed-a5e5-283a4d3b4979', 'b98a3e96-34a0-11ed-a5e5-283a4d3b4979', 'b98c3a6c-34a0-11ed-a5e5-283a4d3b4979', 'b990a73f-34a0-11ed-a5e5-283a4d3b4979', 'entity', 'json', 0, NULL, NULL, NULL, '{\"id\":\"1567777623949111297\",\"username\":\"admin\",\"leaveType\":2,\"title\":\"12345\",\"leaveReason\":\"4567\",\"startDate\":\"2022-09-07T16:00:00.000+00:00\",\"endDate\":\"2022-09-16T15:59:59.000+00:00\",\"duration\":9,\"principal\":\"2\",\"contactPhone\":\"1\",\"createDate\":\"2022-09-08T07:31:28.000+00:00\",\"updateDate\":\"2022-09-08T07:31:28.000+00:00\",\"processInstanceId\":\"\",\"status\":0,\"createDateStr\":\"2022-09-08 15:31:28\",\"leaveTypeStr\":\"事假\",\"startDateStr\":\"2022-09-08 00:00:00\",\"statusStr\":\"已撤回\",\"endDateStr\":\"2022-09-16 23:59:59\",\"updateDateStr\":\"2022-09-08 15:31:28\"}', 'java.util.LinkedHashMap', '2022-09-15 10:47:23.109', '2022-09-15 10:47:23.109');
INSERT INTO `act_hi_varinst` VALUES ('bccef749-a3c1-11ee-aaa2-6e6a773b7536', '18eb947a-5ad5-11ee-bbd0-6e6a773b7536', '18ecf410-5ad5-11ee-bbd0-6e6a773b7536', 'bcce8218-a3c1-11ee-aaa2-6e6a773b7536', 'formName', 'string', 0, NULL, NULL, NULL, 'LeaveForm', NULL, '2023-12-26 15:38:18.676', '2023-12-26 15:38:18.676');
INSERT INTO `act_hi_varinst` VALUES ('bccef74b-a3c1-11ee-aaa2-6e6a773b7536', '18eb947a-5ad5-11ee-bbd0-6e6a773b7536', '18ecf410-5ad5-11ee-bbd0-6e6a773b7536', 'bcce8218-a3c1-11ee-aaa2-6e6a773b7536', 'entity', 'json', 0, NULL, NULL, NULL, '{\"id\":\"1702314547039215617\",\"username\":\"admin\",\"leaveType\":1,\"title\":\"测试3\",\"leaveReason\":\"121212\",\"startDate\":\"2023-09-13T16:00:00.000+00:00\",\"endDate\":\"2023-10-16T15:59:59.000+00:00\",\"duration\":33,\"createDate\":\"2023-09-14T13:33:10.000+00:00\",\"updateDate\":\"2023-09-14T13:33:40.000+00:00\",\"processInstanceId\":\"\",\"status\":0,\"endDateStr\":\"2023-10-16 23:59:59\",\"leaveTypeStr\":\"病假\",\"startDateStr\":\"2023-09-14 00:00:00\",\"updateDateStr\":\"2023-09-14 21:33:40\",\"createDateStr\":\"2023-09-14 21:33:10\",\"statusStr\":\"已撤回\"}', 'java.util.LinkedHashMap', '2023-12-26 15:38:18.676', '2023-12-26 15:38:18.676');
INSERT INTO `act_hi_varinst` VALUES ('c744b31a-33c7-11ed-86cc-283a4d3b4979', 'c7443de8-33c7-11ed-86cc-283a4d3b4979', 'c7443de8-33c7-11ed-86cc-283a4d3b4979', NULL, 'entity', 'json', 5, NULL, NULL, NULL, '{\"id\":\"1568112800827052034\",\"username\":\"admin\",\"leaveType\":2,\"title\":\"事假23\",\"leaveReason\":\"43254\",\"startDate\":\"2022-09-08T16:00:00.000+00:00\",\"endDate\":\"2022-09-16T15:59:59.000+00:00\",\"duration\":8,\"principal\":\"34\",\"contactPhone\":\"12\",\"createDate\":\"2022-09-09T05:43:20.000+00:00\",\"updateDate\":\"2022-09-09T05:43:20.000+00:00\",\"processInstanceId\":\"\",\"status\":0,\"endDateStr\":\"2022-09-16 23:59:59\",\"statusStr\":\"已撤回\",\"startDateStr\":\"2022-09-09 00:00:00\",\"createDateStr\":\"2022-09-09 13:43:20\",\"updateDateStr\":\"2022-09-09 13:43:20\",\"leaveTypeStr\":\"事假\"}', 'java.util.LinkedHashMap', '2022-09-14 08:54:25.303', '2022-09-15 11:41:35.783');
INSERT INTO `act_hi_varinst` VALUES ('c745013c-33c7-11ed-86cc-283a4d3b4979', 'c7443de8-33c7-11ed-86cc-283a4d3b4979', 'c7443de8-33c7-11ed-86cc-283a4d3b4979', NULL, 'formName', 'string', 5, NULL, NULL, NULL, 'LeaveForm', NULL, '2022-09-14 08:54:25.305', '2022-09-15 11:41:35.783');
INSERT INTO `act_hi_varinst` VALUES ('c749bc32-33c7-11ed-86cc-283a4d3b4979', 'c7443de8-33c7-11ed-86cc-283a4d3b4979', 'c745013e-33c7-11ed-86cc-283a4d3b4979', 'c7491ff1-33c7-11ed-86cc-283a4d3b4979', 'formName', 'string', 0, NULL, NULL, NULL, 'LeaveForm', NULL, '2022-09-14 08:54:25.336', '2022-09-14 08:54:25.336');
INSERT INTO `act_hi_varinst` VALUES ('c749bc34-33c7-11ed-86cc-283a4d3b4979', 'c7443de8-33c7-11ed-86cc-283a4d3b4979', 'c745013e-33c7-11ed-86cc-283a4d3b4979', 'c7491ff1-33c7-11ed-86cc-283a4d3b4979', 'entity', 'json', 0, NULL, NULL, NULL, '{\"id\":\"1568112800827052034\",\"username\":\"admin\",\"leaveType\":2,\"title\":\"事假23\",\"leaveReason\":\"43254\",\"startDate\":\"2022-09-08T16:00:00.000+00:00\",\"endDate\":\"2022-09-16T15:59:59.000+00:00\",\"duration\":8,\"principal\":\"34\",\"contactPhone\":\"12\",\"createDate\":\"2022-09-09T05:43:20.000+00:00\",\"updateDate\":\"2022-09-09T05:43:20.000+00:00\",\"processInstanceId\":\"\",\"status\":0,\"endDateStr\":\"2022-09-16 23:59:59\",\"statusStr\":\"已撤回\",\"startDateStr\":\"2022-09-09 00:00:00\",\"createDateStr\":\"2022-09-09 13:43:20\",\"updateDateStr\":\"2022-09-09 13:43:20\",\"leaveTypeStr\":\"事假\"}', 'java.util.LinkedHashMap', '2022-09-14 08:54:25.336', '2022-09-14 08:54:25.336');
INSERT INTO `act_hi_varinst` VALUES ('cdbb3d75-a3f1-11ee-98e3-6e6a773b7536', 'cdb8f383-a3f1-11ee-98e3-6e6a773b7536', 'cdb8f383-a3f1-11ee-98e3-6e6a773b7536', NULL, 'entity', 'json', 0, NULL, NULL, NULL, '{\"id\":\"1739637764573372418\",\"name\":\"高等数学\",\"tchId\":\"zhangsan\",\"nick_name\":\"张三\",\"time\":\"1-8周 周三 9:40-11:50\",\"room\":\"C4-116\",\"classId\":\"202003203\",\"class_name\":\"20网安3班\",\"createDate\":\"2023-12-26T13:22:18.000+00:00\",\"updateDate\":\"2023-12-26T13:22:18.000+00:00\",\"status\":1,\"createDateStr\":\"2023-12-26 21:22:18\",\"updateDateStr\":\"2023-12-26 21:22:18\",\"statusStr\":\"待提交\"}', 'java.util.LinkedHashMap', '2023-12-26 21:22:22.912', '2023-12-26 21:22:22.912');
INSERT INTO `act_hi_varinst` VALUES ('cdbc27d7-a3f1-11ee-98e3-6e6a773b7536', 'cdb8f383-a3f1-11ee-98e3-6e6a773b7536', 'cdb8f383-a3f1-11ee-98e3-6e6a773b7536', NULL, 'formName', 'string', 0, NULL, NULL, NULL, 'courseManagerForm', NULL, '2023-12-26 21:22:22.917', '2023-12-26 21:22:22.917');
INSERT INTO `act_hi_varinst` VALUES ('cdc4da6d-a3f1-11ee-98e3-6e6a773b7536', 'cdb8f383-a3f1-11ee-98e3-6e6a773b7536', 'cdbc4ee9-a3f1-11ee-98e3-6e6a773b7536', 'cdc3c8fc-a3f1-11ee-98e3-6e6a773b7536', 'formName', 'string', 0, NULL, NULL, NULL, 'courseManagerForm', NULL, '2023-12-26 21:22:22.975', '2023-12-26 21:22:22.975');
INSERT INTO `act_hi_varinst` VALUES ('cdc5017f-a3f1-11ee-98e3-6e6a773b7536', 'cdb8f383-a3f1-11ee-98e3-6e6a773b7536', 'cdbc4ee9-a3f1-11ee-98e3-6e6a773b7536', 'cdc3c8fc-a3f1-11ee-98e3-6e6a773b7536', 'entity', 'json', 0, NULL, NULL, NULL, '{\"id\":\"1739637764573372418\",\"name\":\"高等数学\",\"tchId\":\"zhangsan\",\"nick_name\":\"张三\",\"time\":\"1-8周 周三 9:40-11:50\",\"room\":\"C4-116\",\"classId\":\"202003203\",\"class_name\":\"20网安3班\",\"createDate\":\"2023-12-26T13:22:18.000+00:00\",\"updateDate\":\"2023-12-26T13:22:18.000+00:00\",\"status\":1,\"createDateStr\":\"2023-12-26 21:22:18\",\"updateDateStr\":\"2023-12-26 21:22:18\",\"statusStr\":\"待提交\"}', 'java.util.LinkedHashMap', '2023-12-26 21:22:22.975', '2023-12-26 21:22:22.975');
INSERT INTO `act_hi_varinst` VALUES ('cdc929d3-6c20-11ee-a512-6e6a773b7536', '18eb947a-5ad5-11ee-bbd0-6e6a773b7536', '18ecf410-5ad5-11ee-bbd0-6e6a773b7536', 'cdc8dbb2-6c20-11ee-a512-6e6a773b7536', 'formName', 'string', 0, NULL, NULL, NULL, 'LeaveForm', NULL, '2023-10-16 20:37:44.233', '2023-10-16 20:37:44.233');
INSERT INTO `act_hi_varinst` VALUES ('cdc929d5-6c20-11ee-a512-6e6a773b7536', '18eb947a-5ad5-11ee-bbd0-6e6a773b7536', '18ecf410-5ad5-11ee-bbd0-6e6a773b7536', 'cdc8dbb2-6c20-11ee-a512-6e6a773b7536', 'entity', 'json', 0, NULL, NULL, NULL, '{\"id\":\"1702314547039215617\",\"username\":\"admin\",\"leaveType\":1,\"title\":\"测试3\",\"leaveReason\":\"121212\",\"startDate\":\"2023-09-13T16:00:00.000+00:00\",\"endDate\":\"2023-10-16T15:59:59.000+00:00\",\"duration\":33,\"createDate\":\"2023-09-14T13:33:10.000+00:00\",\"updateDate\":\"2023-09-14T13:33:40.000+00:00\",\"processInstanceId\":\"\",\"status\":0,\"endDateStr\":\"2023-10-16 23:59:59\",\"leaveTypeStr\":\"病假\",\"startDateStr\":\"2023-09-14 00:00:00\",\"updateDateStr\":\"2023-09-14 21:33:40\",\"createDateStr\":\"2023-09-14 21:33:10\",\"statusStr\":\"已撤回\"}', 'java.util.LinkedHashMap', '2023-10-16 20:37:44.233', '2023-10-16 20:37:44.233');
INSERT INTO `act_hi_varinst` VALUES ('d07910c4-a320-11ee-ade9-6e6a773b7536', 'd077ff52-a320-11ee-ade9-6e6a773b7536', 'd077ff52-a320-11ee-ade9-6e6a773b7536', NULL, 'entity', 'json', 1, NULL, NULL, NULL, '{\"id\":\"1738962708247666690\",\"name\":\"计算机网络\",\"tchId\":\"zhangsan\",\"nick_name\":\"张三\",\"time\":\"1-8周 周四 9:40-11:50\",\"room\":\"C4-216\",\"classId\":\"202003101\",\"class_name\":\"20计科1班\",\"createDate\":\"2023-12-24T16:39:52.000+00:00\",\"updateDate\":\"2023-12-24T16:39:52.000+00:00\",\"status\":1,\"updateDateStr\":\"2023-12-25 00:39:52\",\"createDateStr\":\"2023-12-25 00:39:52\",\"statusStr\":\"待提交\"}', 'java.util.LinkedHashMap', '2023-12-25 20:26:22.694', '2023-12-26 00:25:35.331');
INSERT INTO `act_hi_varinst` VALUES ('d079ad06-a320-11ee-ade9-6e6a773b7536', 'd077ff52-a320-11ee-ade9-6e6a773b7536', 'd077ff52-a320-11ee-ade9-6e6a773b7536', NULL, 'formName', 'string', 1, NULL, NULL, NULL, 'courseManagerForm', NULL, '2023-12-25 20:26:22.698', '2023-12-26 00:25:35.333');
INSERT INTO `act_hi_varinst` VALUES ('d080b1ec-a320-11ee-ade9-6e6a773b7536', 'd077ff52-a320-11ee-ade9-6e6a773b7536', 'd079d418-a320-11ee-ade9-6e6a773b7536', 'd07f796b-a320-11ee-ade9-6e6a773b7536', 'formName', 'string', 0, NULL, NULL, NULL, 'courseManagerForm', NULL, '2023-12-25 20:26:22.744', '2023-12-25 20:26:22.744');
INSERT INTO `act_hi_varinst` VALUES ('d080d8fe-a320-11ee-ade9-6e6a773b7536', 'd077ff52-a320-11ee-ade9-6e6a773b7536', 'd079d418-a320-11ee-ade9-6e6a773b7536', 'd07f796b-a320-11ee-ade9-6e6a773b7536', 'entity', 'json', 0, NULL, NULL, NULL, '{\"id\":\"1738962708247666690\",\"name\":\"计算机网络\",\"tchId\":\"zhangsan\",\"nick_name\":\"张三\",\"time\":\"1-8周 周四 9:40-11:50\",\"room\":\"C4-216\",\"classId\":\"202003101\",\"class_name\":\"20计科1班\",\"createDate\":\"2023-12-24T16:39:52.000+00:00\",\"updateDate\":\"2023-12-24T16:39:52.000+00:00\",\"status\":1,\"updateDateStr\":\"2023-12-25 00:39:52\",\"createDateStr\":\"2023-12-25 00:39:52\",\"statusStr\":\"待提交\"}', 'java.util.LinkedHashMap', '2023-12-25 20:26:22.745', '2023-12-25 20:26:22.745');
INSERT INTO `act_hi_varinst` VALUES ('d17b02c4-a343-11ee-ade9-6e6a773b7536', 'd17adbb2-a343-11ee-ade9-6e6a773b7536', 'd17adbb2-a343-11ee-ade9-6e6a773b7536', NULL, 'entity', 'json', 1, NULL, NULL, NULL, '{\"id\":\"1739324325053382658\",\"name\":\"xuesheng11\",\"course_name\":\"创新思维训练\",\"teacher_nick_name\":\"张三\",\"time\":\"1-8周 周三 9:40-11:50\",\"reason\":\"请假\",\"createDate\":\"2023-12-25T16:36:49.000+00:00\",\"status\":1,\"createDateStr\":\"2023-12-26 00:36:49\",\"statusStr\":\"待提交\"}', 'java.util.LinkedHashMap', '2023-12-26 00:36:56.770', '2023-12-26 00:37:11.872');
INSERT INTO `act_hi_varinst` VALUES ('d17b02c6-a343-11ee-ade9-6e6a773b7536', 'd17adbb2-a343-11ee-ade9-6e6a773b7536', 'd17adbb2-a343-11ee-ade9-6e6a773b7536', NULL, 'formName', 'string', 1, NULL, NULL, NULL, 'StudentLeaveForm', NULL, '2023-12-26 00:36:56.770', '2023-12-26 00:37:11.873');
INSERT INTO `act_hi_varinst` VALUES ('d17b50ec-a343-11ee-ade9-6e6a773b7536', 'd17adbb2-a343-11ee-ade9-6e6a773b7536', 'd17b02c8-a343-11ee-ade9-6e6a773b7536', 'd17b29db-a343-11ee-ade9-6e6a773b7536', 'formName', 'string', 0, NULL, NULL, NULL, 'StudentLeaveForm', NULL, '2023-12-26 00:36:56.772', '2023-12-26 00:36:56.772');
INSERT INTO `act_hi_varinst` VALUES ('d17b50ee-a343-11ee-ade9-6e6a773b7536', 'd17adbb2-a343-11ee-ade9-6e6a773b7536', 'd17b02c8-a343-11ee-ade9-6e6a773b7536', 'd17b29db-a343-11ee-ade9-6e6a773b7536', 'entity', 'json', 0, NULL, NULL, NULL, '{\"id\":\"1739324325053382658\",\"name\":\"xuesheng11\",\"course_name\":\"创新思维训练\",\"teacher_nick_name\":\"张三\",\"time\":\"1-8周 周三 9:40-11:50\",\"reason\":\"请假\",\"createDate\":\"2023-12-25T16:36:49.000+00:00\",\"status\":1,\"createDateStr\":\"2023-12-26 00:36:49\",\"statusStr\":\"待提交\"}', 'java.util.LinkedHashMap', '2023-12-26 00:36:56.772', '2023-12-26 00:36:56.772');
INSERT INTO `act_hi_varinst` VALUES ('d7ebefdf-332a-11ed-be56-283a4d3b4979', '029458f3-32fb-11ed-9c60-283a4d3b4979', '02951c49-32fb-11ed-9c60-283a4d3b4979', 'd7eb539e-332a-11ed-be56-283a4d3b4979', 'formName', 'string', 0, NULL, NULL, NULL, 'LeaveForm', NULL, '2022-09-13 14:11:02.256', '2022-09-13 14:11:02.256');
INSERT INTO `act_hi_varinst` VALUES ('d7ec3e01-332a-11ed-be56-283a4d3b4979', '029458f3-32fb-11ed-9c60-283a4d3b4979', '02951c49-32fb-11ed-9c60-283a4d3b4979', 'd7eb539e-332a-11ed-be56-283a4d3b4979', 'entity', 'json', 0, NULL, NULL, NULL, '{\"id\":\"1569483068132782082\",\"username\":\"admin\",\"leaveType\":2,\"title\":\"事假123\",\"leaveReason\":\"事假123\",\"startDate\":\"2022-09-12T16:00:00.000+00:00\",\"endDate\":\"2022-09-23T15:59:59.000+00:00\",\"duration\":11,\"principal\":\"2\",\"contactPhone\":\"1\",\"createDate\":\"2022-09-13T00:28:17.000+00:00\",\"updateDate\":\"2022-09-13T00:28:17.000+00:00\",\"status\":1,\"statusStr\":\"待提交\",\"startDateStr\":\"2022-09-13 00:00:00\",\"endDateStr\":\"2022-09-23 23:59:59\",\"createDateStr\":\"2022-09-13 08:28:17\",\"leaveTypeStr\":\"事假\",\"updateDateStr\":\"2022-09-13 08:28:17\"}', 'java.util.LinkedHashMap', '2022-09-13 14:11:02.258', '2022-09-13 14:11:02.258');
INSERT INTO `act_hi_varinst` VALUES ('e63f0548-a343-11ee-ade9-6e6a773b7536', 'e63f0546-a343-11ee-ade9-6e6a773b7536', 'e63f0546-a343-11ee-ade9-6e6a773b7536', NULL, 'entity', 'json', 1, NULL, NULL, NULL, '{\"id\":\"11\",\"name\":\"xuesheng11\",\"course_name\":\"高等数学\",\"teacher_nick_name\":\"张三\",\"time\":\"9-16周 周四 9:40-11:50\",\"reason\":\"头痛\",\"createDate\":\"2023-12-16T23:49:28.000+00:00\",\"status\":1,\"createDateStr\":\"2023-12-17 07:49:28\",\"statusStr\":\"待提交\"}', 'java.util.LinkedHashMap', '2023-12-26 00:37:31.609', '2023-12-26 00:37:35.899');
INSERT INTO `act_hi_varinst` VALUES ('e63f054a-a343-11ee-ade9-6e6a773b7536', 'e63f0546-a343-11ee-ade9-6e6a773b7536', 'e63f0546-a343-11ee-ade9-6e6a773b7536', NULL, 'formName', 'string', 1, NULL, NULL, NULL, 'StudentLeaveForm', NULL, '2023-12-26 00:37:31.609', '2023-12-26 00:37:35.900');
INSERT INTO `act_hi_varinst` VALUES ('e63f5370-a343-11ee-ade9-6e6a773b7536', 'e63f0546-a343-11ee-ade9-6e6a773b7536', 'e63f054c-a343-11ee-ade9-6e6a773b7536', 'e63f2c5f-a343-11ee-ade9-6e6a773b7536', 'formName', 'string', 0, NULL, NULL, NULL, 'StudentLeaveForm', NULL, '2023-12-26 00:37:31.611', '2023-12-26 00:37:31.611');
INSERT INTO `act_hi_varinst` VALUES ('e63f5372-a343-11ee-ade9-6e6a773b7536', 'e63f0546-a343-11ee-ade9-6e6a773b7536', 'e63f054c-a343-11ee-ade9-6e6a773b7536', 'e63f2c5f-a343-11ee-ade9-6e6a773b7536', 'entity', 'json', 0, NULL, NULL, NULL, '{\"id\":\"11\",\"name\":\"xuesheng11\",\"course_name\":\"高等数学\",\"teacher_nick_name\":\"张三\",\"time\":\"9-16周 周四 9:40-11:50\",\"reason\":\"头痛\",\"createDate\":\"2023-12-16T23:49:28.000+00:00\",\"status\":1,\"createDateStr\":\"2023-12-17 07:49:28\",\"statusStr\":\"待提交\"}', 'java.util.LinkedHashMap', '2023-12-26 00:37:31.611', '2023-12-26 00:37:31.611');
INSERT INTO `act_hi_varinst` VALUES ('eabe4da5-a3f1-11ee-98e3-6e6a773b7536', 'eabe4da3-a3f1-11ee-98e3-6e6a773b7536', 'eabe4da3-a3f1-11ee-98e3-6e6a773b7536', NULL, 'entity', 'json', 0, NULL, NULL, NULL, '{\"id\":\"1739637963047837698\",\"name\":\"高等数学\",\"tchId\":\"zhangsan\",\"nick_name\":\"张三\",\"time\":\"9-16周 周四 9:40-11:50\",\"room\":\"C4-116\",\"classId\":\"202003203\",\"class_name\":\"20网安3班\",\"createDate\":\"2023-12-26T13:23:05.000+00:00\",\"updateDate\":\"2023-12-26T13:23:05.000+00:00\",\"status\":1,\"createDateStr\":\"2023-12-26 21:23:05\",\"updateDateStr\":\"2023-12-26 21:23:05\",\"statusStr\":\"待提交\"}', 'java.util.LinkedHashMap', '2023-12-26 21:23:11.585', '2023-12-26 21:23:11.585');
INSERT INTO `act_hi_varinst` VALUES ('eabe4da7-a3f1-11ee-98e3-6e6a773b7536', 'eabe4da3-a3f1-11ee-98e3-6e6a773b7536', 'eabe4da3-a3f1-11ee-98e3-6e6a773b7536', NULL, 'formName', 'string', 0, NULL, NULL, NULL, 'courseManagerForm', NULL, '2023-12-26 21:23:11.585', '2023-12-26 21:23:11.585');
INSERT INTO `act_hi_varinst` VALUES ('eabec2dd-a3f1-11ee-98e3-6e6a773b7536', 'eabe4da3-a3f1-11ee-98e3-6e6a773b7536', 'eabe4da9-a3f1-11ee-98e3-6e6a773b7536', 'eabe74bc-a3f1-11ee-98e3-6e6a773b7536', 'formName', 'string', 0, NULL, NULL, NULL, 'courseManagerForm', NULL, '2023-12-26 21:23:11.588', '2023-12-26 21:23:11.588');
INSERT INTO `act_hi_varinst` VALUES ('eabec2df-a3f1-11ee-98e3-6e6a773b7536', 'eabe4da3-a3f1-11ee-98e3-6e6a773b7536', 'eabe4da9-a3f1-11ee-98e3-6e6a773b7536', 'eabe74bc-a3f1-11ee-98e3-6e6a773b7536', 'entity', 'json', 0, NULL, NULL, NULL, '{\"id\":\"1739637963047837698\",\"name\":\"高等数学\",\"tchId\":\"zhangsan\",\"nick_name\":\"张三\",\"time\":\"9-16周 周四 9:40-11:50\",\"room\":\"C4-116\",\"classId\":\"202003203\",\"class_name\":\"20网安3班\",\"createDate\":\"2023-12-26T13:23:05.000+00:00\",\"updateDate\":\"2023-12-26T13:23:05.000+00:00\",\"status\":1,\"createDateStr\":\"2023-12-26 21:23:05\",\"updateDateStr\":\"2023-12-26 21:23:05\",\"statusStr\":\"待提交\"}', 'java.util.LinkedHashMap', '2023-12-26 21:23:11.588', '2023-12-26 21:23:11.588');
INSERT INTO `act_hi_varinst` VALUES ('f4093b24-3327-11ed-8143-283a4d3b4979', '029458f3-32fb-11ed-9c60-283a4d3b4979', '02951c49-32fb-11ed-9c60-283a4d3b4979', 'f408c5f3-3327-11ed-8143-283a4d3b4979', 'formName', 'string', 0, NULL, NULL, NULL, 'LeaveForm', NULL, '2022-09-13 13:50:20.935', '2022-09-13 13:50:20.935');
INSERT INTO `act_hi_varinst` VALUES ('f4098946-3327-11ed-8143-283a4d3b4979', '029458f3-32fb-11ed-9c60-283a4d3b4979', '02951c49-32fb-11ed-9c60-283a4d3b4979', 'f408c5f3-3327-11ed-8143-283a4d3b4979', 'entity', 'json', 0, NULL, NULL, NULL, '{\"id\":\"1569483068132782082\",\"username\":\"admin\",\"leaveType\":2,\"title\":\"事假123\",\"leaveReason\":\"事假123\",\"startDate\":\"2022-09-12T16:00:00.000+00:00\",\"endDate\":\"2022-09-23T15:59:59.000+00:00\",\"duration\":11,\"principal\":\"2\",\"contactPhone\":\"1\",\"createDate\":\"2022-09-13T00:28:17.000+00:00\",\"updateDate\":\"2022-09-13T00:28:17.000+00:00\",\"status\":1,\"statusStr\":\"待提交\",\"startDateStr\":\"2022-09-13 00:00:00\",\"endDateStr\":\"2022-09-23 23:59:59\",\"createDateStr\":\"2022-09-13 08:28:17\",\"leaveTypeStr\":\"事假\",\"updateDateStr\":\"2022-09-13 08:28:17\"}', 'java.util.LinkedHashMap', '2022-09-13 13:50:20.936', '2022-09-13 13:50:20.936');
INSERT INTO `act_hi_varinst` VALUES ('f5a3d119-332a-11ed-be56-283a4d3b4979', '029458f3-32fb-11ed-9c60-283a4d3b4979', '02951c49-32fb-11ed-9c60-283a4d3b4979', 'f5a35be8-332a-11ed-be56-283a4d3b4979', 'formName', 'string', 0, NULL, NULL, NULL, 'LeaveForm', NULL, '2022-09-13 14:11:52.115', '2022-09-13 14:11:52.115');
INSERT INTO `act_hi_varinst` VALUES ('f5a3d11b-332a-11ed-be56-283a4d3b4979', '029458f3-32fb-11ed-9c60-283a4d3b4979', '02951c49-32fb-11ed-9c60-283a4d3b4979', 'f5a35be8-332a-11ed-be56-283a4d3b4979', 'entity', 'json', 0, NULL, NULL, NULL, '{\"id\":\"1569483068132782082\",\"username\":\"admin\",\"leaveType\":2,\"title\":\"事假123\",\"leaveReason\":\"事假123\",\"startDate\":\"2022-09-12T16:00:00.000+00:00\",\"endDate\":\"2022-09-23T15:59:59.000+00:00\",\"duration\":11,\"principal\":\"2\",\"contactPhone\":\"1\",\"createDate\":\"2022-09-13T00:28:17.000+00:00\",\"updateDate\":\"2022-09-13T00:28:17.000+00:00\",\"status\":1,\"statusStr\":\"待提交\",\"startDateStr\":\"2022-09-13 00:00:00\",\"endDateStr\":\"2022-09-23 23:59:59\",\"createDateStr\":\"2022-09-13 08:28:17\",\"leaveTypeStr\":\"事假\",\"updateDateStr\":\"2022-09-13 08:28:17\"}', 'java.util.LinkedHashMap', '2022-09-13 14:11:52.115', '2022-09-13 14:11:52.115');
INSERT INTO `act_hi_varinst` VALUES ('f5be5b2b-a3c2-11ee-aaa2-6e6a773b7536', 'f5be3419-a3c2-11ee-aaa2-6e6a773b7536', 'f5be3419-a3c2-11ee-aaa2-6e6a773b7536', NULL, 'entity', 'json', 1, NULL, NULL, NULL, '{\"id\":\"1739553229315776513\",\"name\":\"xuesheng11\",\"course_name\":\"高等数学\",\"teacher_nick_name\":\"张三\",\"time\":\"1-8周 周三 9:40-11:50\",\"reason\":\"不舒服\",\"createDate\":\"2023-12-26T07:46:24.000+00:00\",\"status\":1,\"createDateStr\":\"2023-12-26 15:46:24\",\"statusStr\":\"待提交\"}', 'java.util.LinkedHashMap', '2023-12-26 15:47:03.694', '2023-12-26 15:47:08.636');
INSERT INTO `act_hi_varinst` VALUES ('f5be5b2d-a3c2-11ee-aaa2-6e6a773b7536', 'f5be3419-a3c2-11ee-aaa2-6e6a773b7536', 'f5be3419-a3c2-11ee-aaa2-6e6a773b7536', NULL, 'formName', 'string', 1, NULL, NULL, NULL, 'StudentLeaveForm', NULL, '2023-12-26 15:47:03.694', '2023-12-26 15:47:08.637');
INSERT INTO `act_hi_varinst` VALUES ('f5bea953-a3c2-11ee-aaa2-6e6a773b7536', 'f5be3419-a3c2-11ee-aaa2-6e6a773b7536', 'f5be5b2f-a3c2-11ee-aaa2-6e6a773b7536', 'f5be5b32-a3c2-11ee-aaa2-6e6a773b7536', 'formName', 'string', 0, NULL, NULL, NULL, 'StudentLeaveForm', NULL, '2023-12-26 15:47:03.696', '2023-12-26 15:47:03.696');
INSERT INTO `act_hi_varinst` VALUES ('f5bea955-a3c2-11ee-aaa2-6e6a773b7536', 'f5be3419-a3c2-11ee-aaa2-6e6a773b7536', 'f5be5b2f-a3c2-11ee-aaa2-6e6a773b7536', 'f5be5b32-a3c2-11ee-aaa2-6e6a773b7536', 'entity', 'json', 0, NULL, NULL, NULL, '{\"id\":\"1739553229315776513\",\"name\":\"xuesheng11\",\"course_name\":\"高等数学\",\"teacher_nick_name\":\"张三\",\"time\":\"1-8周 周三 9:40-11:50\",\"reason\":\"不舒服\",\"createDate\":\"2023-12-26T07:46:24.000+00:00\",\"status\":1,\"createDateStr\":\"2023-12-26 15:46:24\",\"statusStr\":\"待提交\"}', 'java.util.LinkedHashMap', '2023-12-26 15:47:03.696', '2023-12-26 15:47:03.696');

-- ----------------------------
-- Table structure for act_procdef_info
-- ----------------------------
DROP TABLE IF EXISTS `act_procdef_info`;
CREATE TABLE `act_procdef_info`  (
  `ID_` varchar(64) CHARACTER SET utf8 COLLATE utf8_bin NOT NULL,
  `PROC_DEF_ID_` varchar(64) CHARACTER SET utf8 COLLATE utf8_bin NOT NULL,
  `REV_` int NULL DEFAULT NULL,
  `INFO_JSON_ID_` varchar(64) CHARACTER SET utf8 COLLATE utf8_bin NULL DEFAULT NULL,
  PRIMARY KEY (`ID_`) USING BTREE,
  UNIQUE INDEX `ACT_UNIQ_INFO_PROCDEF`(`PROC_DEF_ID_`) USING BTREE,
  INDEX `ACT_IDX_INFO_PROCDEF`(`PROC_DEF_ID_`) USING BTREE,
  INDEX `ACT_FK_INFO_JSON_BA`(`INFO_JSON_ID_`) USING BTREE,
  CONSTRAINT `ACT_FK_INFO_JSON_BA` FOREIGN KEY (`INFO_JSON_ID_`) REFERENCES `act_ge_bytearray` (`ID_`) ON DELETE RESTRICT ON UPDATE RESTRICT,
  CONSTRAINT `ACT_FK_INFO_PROCDEF` FOREIGN KEY (`PROC_DEF_ID_`) REFERENCES `act_re_procdef` (`ID_`) ON DELETE RESTRICT ON UPDATE RESTRICT
) ENGINE = InnoDB CHARACTER SET = utf8 COLLATE = utf8_bin ROW_FORMAT = DYNAMIC;

-- ----------------------------
-- Records of act_procdef_info
-- ----------------------------

-- ----------------------------
-- Table structure for act_re_deployment
-- ----------------------------
DROP TABLE IF EXISTS `act_re_deployment`;
CREATE TABLE `act_re_deployment`  (
  `ID_` varchar(64) CHARACTER SET utf8 COLLATE utf8_bin NOT NULL,
  `NAME_` varchar(255) CHARACTER SET utf8 COLLATE utf8_bin NULL DEFAULT NULL,
  `CATEGORY_` varchar(255) CHARACTER SET utf8 COLLATE utf8_bin NULL DEFAULT NULL,
  `KEY_` varchar(255) CHARACTER SET utf8 COLLATE utf8_bin NULL DEFAULT NULL,
  `TENANT_ID_` varchar(255) CHARACTER SET utf8 COLLATE utf8_bin NULL DEFAULT '',
  `DEPLOY_TIME_` timestamp(3) NULL DEFAULT NULL,
  `ENGINE_VERSION_` varchar(255) CHARACTER SET utf8 COLLATE utf8_bin NULL DEFAULT NULL,
  `VERSION_` int NULL DEFAULT 1,
  `PROJECT_RELEASE_VERSION_` varchar(255) CHARACTER SET utf8 COLLATE utf8_bin NULL DEFAULT NULL,
  PRIMARY KEY (`ID_`) USING BTREE
) ENGINE = InnoDB CHARACTER SET = utf8 COLLATE = utf8_bin ROW_FORMAT = DYNAMIC;

-- ----------------------------
-- Records of act_re_deployment
-- ----------------------------
INSERT INTO `act_re_deployment` VALUES ('1dee0f75-34bc-11ed-bd8b-283a4d3b4979', '借款申请流程', NULL, NULL, '', '2022-09-15 14:03:27.899', NULL, 1, NULL);
INSERT INTO `act_re_deployment` VALUES ('a44c8df1-a322-11ee-ade9-6e6a773b7536', '请假管理', NULL, NULL, '', '2023-12-25 20:39:27.576', NULL, 1, NULL);
INSERT INTO `act_re_deployment` VALUES ('df289e00-a292-11ee-b602-6e6a773b7536', '请假管理', NULL, NULL, '', '2023-12-25 03:30:18.797', NULL, 1, NULL);
INSERT INTO `act_re_deployment` VALUES ('ecc2862b-2fe9-11ed-aa68-283a4d3b4979', '请假流程', NULL, NULL, '', '2022-09-09 10:48:46.441', NULL, 1, NULL);
INSERT INTO `act_re_deployment` VALUES ('fc0c4289-91a4-11ee-9fdf-6e6a773b7536', '课程管理流程', NULL, NULL, '', '2023-12-03 14:27:08.439', NULL, 1, NULL);

-- ----------------------------
-- Table structure for act_re_model
-- ----------------------------
DROP TABLE IF EXISTS `act_re_model`;
CREATE TABLE `act_re_model`  (
  `ID_` varchar(64) CHARACTER SET utf8 COLLATE utf8_bin NOT NULL,
  `REV_` int NULL DEFAULT NULL,
  `NAME_` varchar(255) CHARACTER SET utf8 COLLATE utf8_bin NULL DEFAULT NULL,
  `KEY_` varchar(255) CHARACTER SET utf8 COLLATE utf8_bin NULL DEFAULT NULL,
  `CATEGORY_` varchar(255) CHARACTER SET utf8 COLLATE utf8_bin NULL DEFAULT NULL,
  `CREATE_TIME_` timestamp(3) NULL DEFAULT NULL,
  `LAST_UPDATE_TIME_` timestamp(3) NULL DEFAULT NULL,
  `VERSION_` int NULL DEFAULT NULL,
  `META_INFO_` varchar(4000) CHARACTER SET utf8 COLLATE utf8_bin NULL DEFAULT NULL,
  `DEPLOYMENT_ID_` varchar(64) CHARACTER SET utf8 COLLATE utf8_bin NULL DEFAULT NULL,
  `EDITOR_SOURCE_VALUE_ID_` varchar(64) CHARACTER SET utf8 COLLATE utf8_bin NULL DEFAULT NULL,
  `EDITOR_SOURCE_EXTRA_VALUE_ID_` varchar(64) CHARACTER SET utf8 COLLATE utf8_bin NULL DEFAULT NULL,
  `TENANT_ID_` varchar(255) CHARACTER SET utf8 COLLATE utf8_bin NULL DEFAULT '',
  PRIMARY KEY (`ID_`) USING BTREE,
  INDEX `ACT_FK_MODEL_SOURCE`(`EDITOR_SOURCE_VALUE_ID_`) USING BTREE,
  INDEX `ACT_FK_MODEL_SOURCE_EXTRA`(`EDITOR_SOURCE_EXTRA_VALUE_ID_`) USING BTREE,
  INDEX `ACT_FK_MODEL_DEPLOYMENT`(`DEPLOYMENT_ID_`) USING BTREE,
  CONSTRAINT `ACT_FK_MODEL_DEPLOYMENT` FOREIGN KEY (`DEPLOYMENT_ID_`) REFERENCES `act_re_deployment` (`ID_`) ON DELETE RESTRICT ON UPDATE RESTRICT,
  CONSTRAINT `ACT_FK_MODEL_SOURCE` FOREIGN KEY (`EDITOR_SOURCE_VALUE_ID_`) REFERENCES `act_ge_bytearray` (`ID_`) ON DELETE RESTRICT ON UPDATE RESTRICT,
  CONSTRAINT `ACT_FK_MODEL_SOURCE_EXTRA` FOREIGN KEY (`EDITOR_SOURCE_EXTRA_VALUE_ID_`) REFERENCES `act_ge_bytearray` (`ID_`) ON DELETE RESTRICT ON UPDATE RESTRICT
) ENGINE = InnoDB CHARACTER SET = utf8 COLLATE = utf8_bin ROW_FORMAT = DYNAMIC;

-- ----------------------------
-- Records of act_re_model
-- ----------------------------
INSERT INTO `act_re_model` VALUES ('0530eab6-91a4-11ee-9fdf-6e6a773b7536', 5, '课程管理流程', 'courseManager', NULL, '2023-12-03 14:20:14.281', '2023-12-03 14:27:08.657', 1, '{\"name\":\"课程管理流程\",\"revision\":0,\"description\":\"课程管理流程\"}', 'fc0c4289-91a4-11ee-9fdf-6e6a773b7536', '05355787-91a4-11ee-9fdf-6e6a773b7536', 'f480f478-91a4-11ee-9fdf-6e6a773b7536', '');
INSERT INTO `act_re_model` VALUES ('2b5a01b5-2db6-11ed-b237-283a4d3b4979', 19, '请假流程', 'Leave', NULL, '2022-09-06 15:33:15.297', '2022-09-13 18:32:29.023', 1, '{\"name\":\"请假流程\",\"revision\":0,\"description\":\"请假申请流程模型备注\"}', NULL, '2b637796-2db6-11ed-b237-283a4d3b4979', '61e66487-2db6-11ed-b237-283a4d3b4979', '');
INSERT INTO `act_re_model` VALUES ('2eca5167-a292-11ee-b602-6e6a773b7536', 7, '请假管理', 'StudentLeave', NULL, '2023-12-25 03:25:22.900', '2023-12-25 20:39:27.769', 2, '{\"name\":\"请假管理\",\"revision\":0,\"description\":\"请假管理流程\"}', 'a44c8df1-a322-11ee-ade9-6e6a773b7536', '2ecdd3d8-a292-11ee-b602-6e6a773b7536', '8dbf6669-a292-11ee-b602-6e6a773b7536', '');
INSERT INTO `act_re_model` VALUES ('ef530f82-34bb-11ed-bd8b-283a4d3b4979', 5, '借款申请流程', 'Loan', NULL, '2022-09-15 14:02:09.708', '2022-09-15 14:03:28.027', 1, '{\"name\":\"借款申请流程\",\"revision\":0,\"description\":\"借款申请流程\"}', '1dee0f75-34bc-11ed-bd8b-283a4d3b4979', 'ef54bd33-34bb-11ed-bd8b-283a4d3b4979', '13aca214-34bc-11ed-bd8b-283a4d3b4979', '');

-- ----------------------------
-- Table structure for act_re_procdef
-- ----------------------------
DROP TABLE IF EXISTS `act_re_procdef`;
CREATE TABLE `act_re_procdef`  (
  `ID_` varchar(64) CHARACTER SET utf8 COLLATE utf8_bin NOT NULL,
  `REV_` int NULL DEFAULT NULL,
  `CATEGORY_` varchar(255) CHARACTER SET utf8 COLLATE utf8_bin NULL DEFAULT NULL,
  `NAME_` varchar(255) CHARACTER SET utf8 COLLATE utf8_bin NULL DEFAULT NULL,
  `KEY_` varchar(255) CHARACTER SET utf8 COLLATE utf8_bin NOT NULL,
  `VERSION_` int NOT NULL,
  `DEPLOYMENT_ID_` varchar(64) CHARACTER SET utf8 COLLATE utf8_bin NULL DEFAULT NULL,
  `RESOURCE_NAME_` varchar(4000) CHARACTER SET utf8 COLLATE utf8_bin NULL DEFAULT NULL,
  `DGRM_RESOURCE_NAME_` varchar(4000) CHARACTER SET utf8 COLLATE utf8_bin NULL DEFAULT NULL,
  `DESCRIPTION_` varchar(4000) CHARACTER SET utf8 COLLATE utf8_bin NULL DEFAULT NULL,
  `HAS_START_FORM_KEY_` tinyint NULL DEFAULT NULL,
  `HAS_GRAPHICAL_NOTATION_` tinyint NULL DEFAULT NULL,
  `SUSPENSION_STATE_` int NULL DEFAULT NULL,
  `TENANT_ID_` varchar(255) CHARACTER SET utf8 COLLATE utf8_bin NULL DEFAULT '',
  `ENGINE_VERSION_` varchar(255) CHARACTER SET utf8 COLLATE utf8_bin NULL DEFAULT NULL,
  `APP_VERSION_` int NULL DEFAULT NULL,
  PRIMARY KEY (`ID_`) USING BTREE,
  UNIQUE INDEX `ACT_UNIQ_PROCDEF`(`KEY_`, `VERSION_`, `TENANT_ID_`) USING BTREE
) ENGINE = InnoDB CHARACTER SET = utf8 COLLATE = utf8_bin ROW_FORMAT = DYNAMIC;

-- ----------------------------
-- Records of act_re_procdef
-- ----------------------------
INSERT INTO `act_re_procdef` VALUES ('Leave:1:ecc98b0e-2fe9-11ed-aa68-283a4d3b4979', 3, 'http://www.activiti.org/processdef', '请假申请流程', 'Leave', 1, 'ecc2862b-2fe9-11ed-aa68-283a4d3b4979', '请假流程.bpmn20.xml', '请假流程.Leave.png', NULL, 0, 1, 1, '', NULL, NULL);
INSERT INTO `act_re_procdef` VALUES ('Loan:1:1dfeff68-34bc-11ed-bd8b-283a4d3b4979', 1, 'http://www.activiti.org/processdef', '借款流程', 'Loan', 1, '1dee0f75-34bc-11ed-bd8b-283a4d3b4979', '借款申请流程.bpmn20.xml', '借款申请流程.Loan.png', NULL, 0, 1, 1, '', NULL, NULL);
INSERT INTO `act_re_procdef` VALUES ('StudentLeave:1:df2d58f3-a292-11ee-b602-6e6a773b7536', 1, 'http://www.activiti.org/processdef', '请假管理', 'StudentLeave', 1, 'df289e00-a292-11ee-b602-6e6a773b7536', '请假管理.bpmn20.xml', '请假管理.StudentLeave.png', NULL, 0, 1, 1, '', NULL, NULL);
INSERT INTO `act_re_procdef` VALUES ('StudentLeave:2:a4637154-a322-11ee-ade9-6e6a773b7536', 1, 'http://www.activiti.org/processdef', '请假管理', 'StudentLeave', 2, 'a44c8df1-a322-11ee-ade9-6e6a773b7536', '请假管理.bpmn20.xml', '请假管理.StudentLeave.png', NULL, 0, 1, 1, '', NULL, NULL);
INSERT INTO `act_re_procdef` VALUES ('courseManager:1:fc28f24c-91a4-11ee-9fdf-6e6a773b7536', 1, 'http://www.activiti.org/processdef', '课程管理流程', 'courseManager', 1, 'fc0c4289-91a4-11ee-9fdf-6e6a773b7536', '课程管理流程.bpmn20.xml', '课程管理流程.courseManager.png', NULL, 0, 1, 1, '', NULL, NULL);

-- ----------------------------
-- Table structure for act_ru_deadletter_job
-- ----------------------------
DROP TABLE IF EXISTS `act_ru_deadletter_job`;
CREATE TABLE `act_ru_deadletter_job`  (
  `ID_` varchar(64) CHARACTER SET utf8 COLLATE utf8_bin NOT NULL,
  `REV_` int NULL DEFAULT NULL,
  `TYPE_` varchar(255) CHARACTER SET utf8 COLLATE utf8_bin NOT NULL,
  `EXCLUSIVE_` tinyint(1) NULL DEFAULT NULL,
  `EXECUTION_ID_` varchar(64) CHARACTER SET utf8 COLLATE utf8_bin NULL DEFAULT NULL,
  `PROCESS_INSTANCE_ID_` varchar(64) CHARACTER SET utf8 COLLATE utf8_bin NULL DEFAULT NULL,
  `PROC_DEF_ID_` varchar(64) CHARACTER SET utf8 COLLATE utf8_bin NULL DEFAULT NULL,
  `EXCEPTION_STACK_ID_` varchar(64) CHARACTER SET utf8 COLLATE utf8_bin NULL DEFAULT NULL,
  `EXCEPTION_MSG_` varchar(4000) CHARACTER SET utf8 COLLATE utf8_bin NULL DEFAULT NULL,
  `DUEDATE_` timestamp(3) NULL DEFAULT NULL,
  `REPEAT_` varchar(255) CHARACTER SET utf8 COLLATE utf8_bin NULL DEFAULT NULL,
  `HANDLER_TYPE_` varchar(255) CHARACTER SET utf8 COLLATE utf8_bin NULL DEFAULT NULL,
  `HANDLER_CFG_` varchar(4000) CHARACTER SET utf8 COLLATE utf8_bin NULL DEFAULT NULL,
  `TENANT_ID_` varchar(255) CHARACTER SET utf8 COLLATE utf8_bin NULL DEFAULT '',
  PRIMARY KEY (`ID_`) USING BTREE,
  INDEX `ACT_FK_DEADLETTER_JOB_EXECUTION`(`EXECUTION_ID_`) USING BTREE,
  INDEX `ACT_FK_DEADLETTER_JOB_PROCESS_INSTANCE`(`PROCESS_INSTANCE_ID_`) USING BTREE,
  INDEX `ACT_FK_DEADLETTER_JOB_PROC_DEF`(`PROC_DEF_ID_`) USING BTREE,
  INDEX `ACT_FK_DEADLETTER_JOB_EXCEPTION`(`EXCEPTION_STACK_ID_`) USING BTREE,
  CONSTRAINT `ACT_FK_DEADLETTER_JOB_EXCEPTION` FOREIGN KEY (`EXCEPTION_STACK_ID_`) REFERENCES `act_ge_bytearray` (`ID_`) ON DELETE RESTRICT ON UPDATE RESTRICT,
  CONSTRAINT `ACT_FK_DEADLETTER_JOB_EXECUTION` FOREIGN KEY (`EXECUTION_ID_`) REFERENCES `act_ru_execution` (`ID_`) ON DELETE RESTRICT ON UPDATE RESTRICT,
  CONSTRAINT `ACT_FK_DEADLETTER_JOB_PROC_DEF` FOREIGN KEY (`PROC_DEF_ID_`) REFERENCES `act_re_procdef` (`ID_`) ON DELETE RESTRICT ON UPDATE RESTRICT,
  CONSTRAINT `ACT_FK_DEADLETTER_JOB_PROCESS_INSTANCE` FOREIGN KEY (`PROCESS_INSTANCE_ID_`) REFERENCES `act_ru_execution` (`ID_`) ON DELETE RESTRICT ON UPDATE RESTRICT
) ENGINE = InnoDB CHARACTER SET = utf8 COLLATE = utf8_bin ROW_FORMAT = DYNAMIC;

-- ----------------------------
-- Records of act_ru_deadletter_job
-- ----------------------------

-- ----------------------------
-- Table structure for act_ru_event_subscr
-- ----------------------------
DROP TABLE IF EXISTS `act_ru_event_subscr`;
CREATE TABLE `act_ru_event_subscr`  (
  `ID_` varchar(64) CHARACTER SET utf8 COLLATE utf8_bin NOT NULL,
  `REV_` int NULL DEFAULT NULL,
  `EVENT_TYPE_` varchar(255) CHARACTER SET utf8 COLLATE utf8_bin NOT NULL,
  `EVENT_NAME_` varchar(255) CHARACTER SET utf8 COLLATE utf8_bin NULL DEFAULT NULL,
  `EXECUTION_ID_` varchar(64) CHARACTER SET utf8 COLLATE utf8_bin NULL DEFAULT NULL,
  `PROC_INST_ID_` varchar(64) CHARACTER SET utf8 COLLATE utf8_bin NULL DEFAULT NULL,
  `ACTIVITY_ID_` varchar(64) CHARACTER SET utf8 COLLATE utf8_bin NULL DEFAULT NULL,
  `CONFIGURATION_` varchar(255) CHARACTER SET utf8 COLLATE utf8_bin NULL DEFAULT NULL,
  `CREATED_` timestamp(3) NOT NULL DEFAULT CURRENT_TIMESTAMP(3),
  `PROC_DEF_ID_` varchar(64) CHARACTER SET utf8 COLLATE utf8_bin NULL DEFAULT NULL,
  `TENANT_ID_` varchar(255) CHARACTER SET utf8 COLLATE utf8_bin NULL DEFAULT '',
  PRIMARY KEY (`ID_`) USING BTREE,
  INDEX `ACT_IDX_EVENT_SUBSCR_CONFIG_`(`CONFIGURATION_`) USING BTREE,
  INDEX `ACT_FK_EVENT_EXEC`(`EXECUTION_ID_`) USING BTREE,
  CONSTRAINT `ACT_FK_EVENT_EXEC` FOREIGN KEY (`EXECUTION_ID_`) REFERENCES `act_ru_execution` (`ID_`) ON DELETE RESTRICT ON UPDATE RESTRICT
) ENGINE = InnoDB CHARACTER SET = utf8 COLLATE = utf8_bin ROW_FORMAT = DYNAMIC;

-- ----------------------------
-- Records of act_ru_event_subscr
-- ----------------------------

-- ----------------------------
-- Table structure for act_ru_execution
-- ----------------------------
DROP TABLE IF EXISTS `act_ru_execution`;
CREATE TABLE `act_ru_execution`  (
  `ID_` varchar(64) CHARACTER SET utf8 COLLATE utf8_bin NOT NULL,
  `REV_` int NULL DEFAULT NULL,
  `PROC_INST_ID_` varchar(64) CHARACTER SET utf8 COLLATE utf8_bin NULL DEFAULT NULL,
  `BUSINESS_KEY_` varchar(255) CHARACTER SET utf8 COLLATE utf8_bin NULL DEFAULT NULL,
  `PARENT_ID_` varchar(64) CHARACTER SET utf8 COLLATE utf8_bin NULL DEFAULT NULL,
  `PROC_DEF_ID_` varchar(64) CHARACTER SET utf8 COLLATE utf8_bin NULL DEFAULT NULL,
  `SUPER_EXEC_` varchar(64) CHARACTER SET utf8 COLLATE utf8_bin NULL DEFAULT NULL,
  `ROOT_PROC_INST_ID_` varchar(64) CHARACTER SET utf8 COLLATE utf8_bin NULL DEFAULT NULL,
  `ACT_ID_` varchar(255) CHARACTER SET utf8 COLLATE utf8_bin NULL DEFAULT NULL,
  `IS_ACTIVE_` tinyint NULL DEFAULT NULL,
  `IS_CONCURRENT_` tinyint NULL DEFAULT NULL,
  `IS_SCOPE_` tinyint NULL DEFAULT NULL,
  `IS_EVENT_SCOPE_` tinyint NULL DEFAULT NULL,
  `IS_MI_ROOT_` tinyint NULL DEFAULT NULL,
  `SUSPENSION_STATE_` int NULL DEFAULT NULL,
  `CACHED_ENT_STATE_` int NULL DEFAULT NULL,
  `TENANT_ID_` varchar(255) CHARACTER SET utf8 COLLATE utf8_bin NULL DEFAULT '',
  `NAME_` varchar(255) CHARACTER SET utf8 COLLATE utf8_bin NULL DEFAULT NULL,
  `START_TIME_` datetime(3) NULL DEFAULT NULL,
  `START_USER_ID_` varchar(255) CHARACTER SET utf8 COLLATE utf8_bin NULL DEFAULT NULL,
  `LOCK_TIME_` timestamp(3) NULL DEFAULT NULL,
  `IS_COUNT_ENABLED_` tinyint NULL DEFAULT NULL,
  `EVT_SUBSCR_COUNT_` int NULL DEFAULT NULL,
  `TASK_COUNT_` int NULL DEFAULT NULL,
  `JOB_COUNT_` int NULL DEFAULT NULL,
  `TIMER_JOB_COUNT_` int NULL DEFAULT NULL,
  `SUSP_JOB_COUNT_` int NULL DEFAULT NULL,
  `DEADLETTER_JOB_COUNT_` int NULL DEFAULT NULL,
  `VAR_COUNT_` int NULL DEFAULT NULL,
  `ID_LINK_COUNT_` int NULL DEFAULT NULL,
  `APP_VERSION_` int NULL DEFAULT NULL,
  PRIMARY KEY (`ID_`) USING BTREE,
  INDEX `ACT_IDX_EXEC_BUSKEY`(`BUSINESS_KEY_`) USING BTREE,
  INDEX `ACT_IDC_EXEC_ROOT`(`ROOT_PROC_INST_ID_`) USING BTREE,
  INDEX `ACT_FK_EXE_PROCINST`(`PROC_INST_ID_`) USING BTREE,
  INDEX `ACT_FK_EXE_PARENT`(`PARENT_ID_`) USING BTREE,
  INDEX `ACT_FK_EXE_SUPER`(`SUPER_EXEC_`) USING BTREE,
  INDEX `ACT_FK_EXE_PROCDEF`(`PROC_DEF_ID_`) USING BTREE,
  CONSTRAINT `ACT_FK_EXE_PARENT` FOREIGN KEY (`PARENT_ID_`) REFERENCES `act_ru_execution` (`ID_`) ON DELETE CASCADE ON UPDATE RESTRICT,
  CONSTRAINT `ACT_FK_EXE_PROCDEF` FOREIGN KEY (`PROC_DEF_ID_`) REFERENCES `act_re_procdef` (`ID_`) ON DELETE RESTRICT ON UPDATE RESTRICT,
  CONSTRAINT `ACT_FK_EXE_PROCINST` FOREIGN KEY (`PROC_INST_ID_`) REFERENCES `act_ru_execution` (`ID_`) ON DELETE CASCADE ON UPDATE CASCADE,
  CONSTRAINT `ACT_FK_EXE_SUPER` FOREIGN KEY (`SUPER_EXEC_`) REFERENCES `act_ru_execution` (`ID_`) ON DELETE CASCADE ON UPDATE RESTRICT
) ENGINE = InnoDB CHARACTER SET = utf8 COLLATE = utf8_bin ROW_FORMAT = DYNAMIC;

-- ----------------------------
-- Records of act_ru_execution
-- ----------------------------
INSERT INTO `act_ru_execution` VALUES ('cdb8f383-a3f1-11ee-98e3-6e6a773b7536', 1, 'cdb8f383-a3f1-11ee-98e3-6e6a773b7536', '1739637764573372418', NULL, 'courseManager:1:fc28f24c-91a4-11ee-9fdf-6e6a773b7536', NULL, 'cdb8f383-a3f1-11ee-98e3-6e6a773b7536', NULL, 1, 0, 1, 0, 0, 1, NULL, '', NULL, '2023-12-26 21:22:22.895', 'zhangsan', NULL, 0, 0, 0, 0, 0, 0, 0, 0, 0, NULL);
INSERT INTO `act_ru_execution` VALUES ('cdbc4ee9-a3f1-11ee-98e3-6e6a773b7536', 1, 'cdb8f383-a3f1-11ee-98e3-6e6a773b7536', NULL, 'cdb8f383-a3f1-11ee-98e3-6e6a773b7536', 'courseManager:1:fc28f24c-91a4-11ee-9fdf-6e6a773b7536', NULL, 'cdb8f383-a3f1-11ee-98e3-6e6a773b7536', 'sid-F0F2FA55-89B4-4A31-8F82-6A9C79487DFC', 1, 0, 0, 0, 0, 1, NULL, '', NULL, '2023-12-26 21:22:22.918', NULL, NULL, 0, 0, 0, 0, 0, 0, 0, 0, 0, NULL);
INSERT INTO `act_ru_execution` VALUES ('eabe4da3-a3f1-11ee-98e3-6e6a773b7536', 1, 'eabe4da3-a3f1-11ee-98e3-6e6a773b7536', '1739637963047837698', NULL, 'courseManager:1:fc28f24c-91a4-11ee-9fdf-6e6a773b7536', NULL, 'eabe4da3-a3f1-11ee-98e3-6e6a773b7536', NULL, 1, 0, 1, 0, 0, 1, NULL, '', NULL, '2023-12-26 21:23:11.585', 'zhangsan', NULL, 0, 0, 0, 0, 0, 0, 0, 0, 0, NULL);
INSERT INTO `act_ru_execution` VALUES ('eabe4da9-a3f1-11ee-98e3-6e6a773b7536', 1, 'eabe4da3-a3f1-11ee-98e3-6e6a773b7536', NULL, 'eabe4da3-a3f1-11ee-98e3-6e6a773b7536', 'courseManager:1:fc28f24c-91a4-11ee-9fdf-6e6a773b7536', NULL, 'eabe4da3-a3f1-11ee-98e3-6e6a773b7536', 'sid-F0F2FA55-89B4-4A31-8F82-6A9C79487DFC', 1, 0, 0, 0, 0, 1, NULL, '', NULL, '2023-12-26 21:23:11.585', NULL, NULL, 0, 0, 0, 0, 0, 0, 0, 0, 0, NULL);

-- ----------------------------
-- Table structure for act_ru_identitylink
-- ----------------------------
DROP TABLE IF EXISTS `act_ru_identitylink`;
CREATE TABLE `act_ru_identitylink`  (
  `ID_` varchar(64) CHARACTER SET utf8 COLLATE utf8_bin NOT NULL,
  `REV_` int NULL DEFAULT NULL,
  `GROUP_ID_` varchar(255) CHARACTER SET utf8 COLLATE utf8_bin NULL DEFAULT NULL,
  `TYPE_` varchar(255) CHARACTER SET utf8 COLLATE utf8_bin NULL DEFAULT NULL,
  `USER_ID_` varchar(255) CHARACTER SET utf8 COLLATE utf8_bin NULL DEFAULT NULL,
  `TASK_ID_` varchar(64) CHARACTER SET utf8 COLLATE utf8_bin NULL DEFAULT NULL,
  `PROC_INST_ID_` varchar(64) CHARACTER SET utf8 COLLATE utf8_bin NULL DEFAULT NULL,
  `PROC_DEF_ID_` varchar(64) CHARACTER SET utf8 COLLATE utf8_bin NULL DEFAULT NULL,
  PRIMARY KEY (`ID_`) USING BTREE,
  INDEX `ACT_IDX_IDENT_LNK_USER`(`USER_ID_`) USING BTREE,
  INDEX `ACT_IDX_IDENT_LNK_GROUP`(`GROUP_ID_`) USING BTREE,
  INDEX `ACT_IDX_ATHRZ_PROCEDEF`(`PROC_DEF_ID_`) USING BTREE,
  INDEX `ACT_FK_TSKASS_TASK`(`TASK_ID_`) USING BTREE,
  INDEX `ACT_FK_IDL_PROCINST`(`PROC_INST_ID_`) USING BTREE,
  CONSTRAINT `ACT_FK_ATHRZ_PROCEDEF` FOREIGN KEY (`PROC_DEF_ID_`) REFERENCES `act_re_procdef` (`ID_`) ON DELETE RESTRICT ON UPDATE RESTRICT,
  CONSTRAINT `ACT_FK_IDL_PROCINST` FOREIGN KEY (`PROC_INST_ID_`) REFERENCES `act_ru_execution` (`ID_`) ON DELETE RESTRICT ON UPDATE RESTRICT,
  CONSTRAINT `ACT_FK_TSKASS_TASK` FOREIGN KEY (`TASK_ID_`) REFERENCES `act_ru_task` (`ID_`) ON DELETE RESTRICT ON UPDATE RESTRICT
) ENGINE = InnoDB CHARACTER SET = utf8 COLLATE = utf8_bin ROW_FORMAT = DYNAMIC;

-- ----------------------------
-- Records of act_ru_identitylink
-- ----------------------------
INSERT INTO `act_ru_identitylink` VALUES ('cdb941a4-a3f1-11ee-98e3-6e6a773b7536', 1, NULL, 'starter', 'zhangsan', NULL, 'cdb8f383-a3f1-11ee-98e3-6e6a773b7536', NULL);
INSERT INTO `act_ru_identitylink` VALUES ('cddaac61-a3f1-11ee-98e3-6e6a773b7536', 1, NULL, 'participant', 'admin', NULL, 'cdb8f383-a3f1-11ee-98e3-6e6a773b7536', NULL);
INSERT INTO `act_ru_identitylink` VALUES ('eabe4da4-a3f1-11ee-98e3-6e6a773b7536', 1, NULL, 'starter', 'zhangsan', NULL, 'eabe4da3-a3f1-11ee-98e3-6e6a773b7536', NULL);
INSERT INTO `act_ru_identitylink` VALUES ('eac70041-a3f1-11ee-98e3-6e6a773b7536', 1, NULL, 'participant', 'admin', NULL, 'eabe4da3-a3f1-11ee-98e3-6e6a773b7536', NULL);

-- ----------------------------
-- Table structure for act_ru_integration
-- ----------------------------
DROP TABLE IF EXISTS `act_ru_integration`;
CREATE TABLE `act_ru_integration`  (
  `ID_` varchar(64) CHARACTER SET utf8 COLLATE utf8_bin NOT NULL,
  `EXECUTION_ID_` varchar(64) CHARACTER SET utf8 COLLATE utf8_bin NULL DEFAULT NULL,
  `PROCESS_INSTANCE_ID_` varchar(64) CHARACTER SET utf8 COLLATE utf8_bin NULL DEFAULT NULL,
  `PROC_DEF_ID_` varchar(64) CHARACTER SET utf8 COLLATE utf8_bin NULL DEFAULT NULL,
  `FLOW_NODE_ID_` varchar(64) CHARACTER SET utf8 COLLATE utf8_bin NULL DEFAULT NULL,
  `CREATED_DATE_` timestamp(3) NULL DEFAULT NULL,
  PRIMARY KEY (`ID_`) USING BTREE,
  INDEX `ACT_FK_INT_EXECUTION`(`EXECUTION_ID_`) USING BTREE,
  INDEX `ACT_FK_INT_PROC_INST`(`PROCESS_INSTANCE_ID_`) USING BTREE,
  INDEX `ACT_FK_INT_PROC_DEF`(`PROC_DEF_ID_`) USING BTREE,
  CONSTRAINT `ACT_FK_INT_EXECUTION` FOREIGN KEY (`EXECUTION_ID_`) REFERENCES `act_ru_execution` (`ID_`) ON DELETE CASCADE ON UPDATE RESTRICT,
  CONSTRAINT `ACT_FK_INT_PROC_DEF` FOREIGN KEY (`PROC_DEF_ID_`) REFERENCES `act_re_procdef` (`ID_`) ON DELETE RESTRICT ON UPDATE RESTRICT,
  CONSTRAINT `ACT_FK_INT_PROC_INST` FOREIGN KEY (`PROCESS_INSTANCE_ID_`) REFERENCES `act_ru_execution` (`ID_`) ON DELETE RESTRICT ON UPDATE RESTRICT
) ENGINE = InnoDB CHARACTER SET = utf8 COLLATE = utf8_bin ROW_FORMAT = DYNAMIC;

-- ----------------------------
-- Records of act_ru_integration
-- ----------------------------

-- ----------------------------
-- Table structure for act_ru_job
-- ----------------------------
DROP TABLE IF EXISTS `act_ru_job`;
CREATE TABLE `act_ru_job`  (
  `ID_` varchar(64) CHARACTER SET utf8 COLLATE utf8_bin NOT NULL,
  `REV_` int NULL DEFAULT NULL,
  `TYPE_` varchar(255) CHARACTER SET utf8 COLLATE utf8_bin NOT NULL,
  `LOCK_EXP_TIME_` timestamp(3) NULL DEFAULT NULL,
  `LOCK_OWNER_` varchar(255) CHARACTER SET utf8 COLLATE utf8_bin NULL DEFAULT NULL,
  `EXCLUSIVE_` tinyint(1) NULL DEFAULT NULL,
  `EXECUTION_ID_` varchar(64) CHARACTER SET utf8 COLLATE utf8_bin NULL DEFAULT NULL,
  `PROCESS_INSTANCE_ID_` varchar(64) CHARACTER SET utf8 COLLATE utf8_bin NULL DEFAULT NULL,
  `PROC_DEF_ID_` varchar(64) CHARACTER SET utf8 COLLATE utf8_bin NULL DEFAULT NULL,
  `RETRIES_` int NULL DEFAULT NULL,
  `EXCEPTION_STACK_ID_` varchar(64) CHARACTER SET utf8 COLLATE utf8_bin NULL DEFAULT NULL,
  `EXCEPTION_MSG_` varchar(4000) CHARACTER SET utf8 COLLATE utf8_bin NULL DEFAULT NULL,
  `DUEDATE_` timestamp(3) NULL DEFAULT NULL,
  `REPEAT_` varchar(255) CHARACTER SET utf8 COLLATE utf8_bin NULL DEFAULT NULL,
  `HANDLER_TYPE_` varchar(255) CHARACTER SET utf8 COLLATE utf8_bin NULL DEFAULT NULL,
  `HANDLER_CFG_` varchar(4000) CHARACTER SET utf8 COLLATE utf8_bin NULL DEFAULT NULL,
  `TENANT_ID_` varchar(255) CHARACTER SET utf8 COLLATE utf8_bin NULL DEFAULT '',
  PRIMARY KEY (`ID_`) USING BTREE,
  INDEX `ACT_FK_JOB_EXECUTION`(`EXECUTION_ID_`) USING BTREE,
  INDEX `ACT_FK_JOB_PROCESS_INSTANCE`(`PROCESS_INSTANCE_ID_`) USING BTREE,
  INDEX `ACT_FK_JOB_PROC_DEF`(`PROC_DEF_ID_`) USING BTREE,
  INDEX `ACT_FK_JOB_EXCEPTION`(`EXCEPTION_STACK_ID_`) USING BTREE,
  CONSTRAINT `ACT_FK_JOB_EXCEPTION` FOREIGN KEY (`EXCEPTION_STACK_ID_`) REFERENCES `act_ge_bytearray` (`ID_`) ON DELETE RESTRICT ON UPDATE RESTRICT,
  CONSTRAINT `ACT_FK_JOB_EXECUTION` FOREIGN KEY (`EXECUTION_ID_`) REFERENCES `act_ru_execution` (`ID_`) ON DELETE RESTRICT ON UPDATE RESTRICT,
  CONSTRAINT `ACT_FK_JOB_PROC_DEF` FOREIGN KEY (`PROC_DEF_ID_`) REFERENCES `act_re_procdef` (`ID_`) ON DELETE RESTRICT ON UPDATE RESTRICT,
  CONSTRAINT `ACT_FK_JOB_PROCESS_INSTANCE` FOREIGN KEY (`PROCESS_INSTANCE_ID_`) REFERENCES `act_ru_execution` (`ID_`) ON DELETE RESTRICT ON UPDATE RESTRICT
) ENGINE = InnoDB CHARACTER SET = utf8 COLLATE = utf8_bin ROW_FORMAT = DYNAMIC;

-- ----------------------------
-- Records of act_ru_job
-- ----------------------------

-- ----------------------------
-- Table structure for act_ru_job_copy1
-- ----------------------------
DROP TABLE IF EXISTS `act_ru_job_copy1`;
CREATE TABLE `act_ru_job_copy1`  (
  `ID_` varchar(64) CHARACTER SET utf8 COLLATE utf8_bin NOT NULL,
  `REV_` int NULL DEFAULT NULL,
  `TYPE_` varchar(255) CHARACTER SET utf8 COLLATE utf8_bin NOT NULL,
  `LOCK_EXP_TIME_` timestamp(3) NULL DEFAULT NULL,
  `LOCK_OWNER_` varchar(255) CHARACTER SET utf8 COLLATE utf8_bin NULL DEFAULT NULL,
  `EXCLUSIVE_` tinyint(1) NULL DEFAULT NULL,
  `EXECUTION_ID_` varchar(64) CHARACTER SET utf8 COLLATE utf8_bin NULL DEFAULT NULL,
  `PROCESS_INSTANCE_ID_` varchar(64) CHARACTER SET utf8 COLLATE utf8_bin NULL DEFAULT NULL,
  `PROC_DEF_ID_` varchar(64) CHARACTER SET utf8 COLLATE utf8_bin NULL DEFAULT NULL,
  `RETRIES_` int NULL DEFAULT NULL,
  `EXCEPTION_STACK_ID_` varchar(64) CHARACTER SET utf8 COLLATE utf8_bin NULL DEFAULT NULL,
  `EXCEPTION_MSG_` varchar(4000) CHARACTER SET utf8 COLLATE utf8_bin NULL DEFAULT NULL,
  `DUEDATE_` timestamp(3) NULL DEFAULT NULL,
  `REPEAT_` varchar(255) CHARACTER SET utf8 COLLATE utf8_bin NULL DEFAULT NULL,
  `HANDLER_TYPE_` varchar(255) CHARACTER SET utf8 COLLATE utf8_bin NULL DEFAULT NULL,
  `HANDLER_CFG_` varchar(4000) CHARACTER SET utf8 COLLATE utf8_bin NULL DEFAULT NULL,
  `TENANT_ID_` varchar(255) CHARACTER SET utf8 COLLATE utf8_bin NULL DEFAULT '',
  PRIMARY KEY (`ID_`) USING BTREE,
  INDEX `ACT_FK_JOB_EXECUTION`(`EXECUTION_ID_`) USING BTREE,
  INDEX `ACT_FK_JOB_PROCESS_INSTANCE`(`PROCESS_INSTANCE_ID_`) USING BTREE,
  INDEX `ACT_FK_JOB_PROC_DEF`(`PROC_DEF_ID_`) USING BTREE,
  INDEX `ACT_FK_JOB_EXCEPTION`(`EXCEPTION_STACK_ID_`) USING BTREE,
  CONSTRAINT `act_ru_job_copy1_ibfk_1` FOREIGN KEY (`EXCEPTION_STACK_ID_`) REFERENCES `act_ge_bytearray` (`ID_`) ON DELETE RESTRICT ON UPDATE RESTRICT,
  CONSTRAINT `act_ru_job_copy1_ibfk_2` FOREIGN KEY (`EXECUTION_ID_`) REFERENCES `act_ru_execution` (`ID_`) ON DELETE RESTRICT ON UPDATE RESTRICT,
  CONSTRAINT `act_ru_job_copy1_ibfk_3` FOREIGN KEY (`PROC_DEF_ID_`) REFERENCES `act_re_procdef` (`ID_`) ON DELETE RESTRICT ON UPDATE RESTRICT,
  CONSTRAINT `act_ru_job_copy1_ibfk_4` FOREIGN KEY (`PROCESS_INSTANCE_ID_`) REFERENCES `act_ru_execution` (`ID_`) ON DELETE RESTRICT ON UPDATE RESTRICT
) ENGINE = InnoDB CHARACTER SET = utf8 COLLATE = utf8_bin ROW_FORMAT = DYNAMIC;

-- ----------------------------
-- Records of act_ru_job_copy1
-- ----------------------------

-- ----------------------------
-- Table structure for act_ru_suspended_job
-- ----------------------------
DROP TABLE IF EXISTS `act_ru_suspended_job`;
CREATE TABLE `act_ru_suspended_job`  (
  `ID_` varchar(64) CHARACTER SET utf8 COLLATE utf8_bin NOT NULL,
  `REV_` int NULL DEFAULT NULL,
  `TYPE_` varchar(255) CHARACTER SET utf8 COLLATE utf8_bin NOT NULL,
  `EXCLUSIVE_` tinyint(1) NULL DEFAULT NULL,
  `EXECUTION_ID_` varchar(64) CHARACTER SET utf8 COLLATE utf8_bin NULL DEFAULT NULL,
  `PROCESS_INSTANCE_ID_` varchar(64) CHARACTER SET utf8 COLLATE utf8_bin NULL DEFAULT NULL,
  `PROC_DEF_ID_` varchar(64) CHARACTER SET utf8 COLLATE utf8_bin NULL DEFAULT NULL,
  `RETRIES_` int NULL DEFAULT NULL,
  `EXCEPTION_STACK_ID_` varchar(64) CHARACTER SET utf8 COLLATE utf8_bin NULL DEFAULT NULL,
  `EXCEPTION_MSG_` varchar(4000) CHARACTER SET utf8 COLLATE utf8_bin NULL DEFAULT NULL,
  `DUEDATE_` timestamp(3) NULL DEFAULT NULL,
  `REPEAT_` varchar(255) CHARACTER SET utf8 COLLATE utf8_bin NULL DEFAULT NULL,
  `HANDLER_TYPE_` varchar(255) CHARACTER SET utf8 COLLATE utf8_bin NULL DEFAULT NULL,
  `HANDLER_CFG_` varchar(4000) CHARACTER SET utf8 COLLATE utf8_bin NULL DEFAULT NULL,
  `TENANT_ID_` varchar(255) CHARACTER SET utf8 COLLATE utf8_bin NULL DEFAULT '',
  PRIMARY KEY (`ID_`) USING BTREE,
  INDEX `ACT_FK_SUSPENDED_JOB_EXECUTION`(`EXECUTION_ID_`) USING BTREE,
  INDEX `ACT_FK_SUSPENDED_JOB_PROCESS_INSTANCE`(`PROCESS_INSTANCE_ID_`) USING BTREE,
  INDEX `ACT_FK_SUSPENDED_JOB_PROC_DEF`(`PROC_DEF_ID_`) USING BTREE,
  INDEX `ACT_FK_SUSPENDED_JOB_EXCEPTION`(`EXCEPTION_STACK_ID_`) USING BTREE,
  CONSTRAINT `ACT_FK_SUSPENDED_JOB_EXCEPTION` FOREIGN KEY (`EXCEPTION_STACK_ID_`) REFERENCES `act_ge_bytearray` (`ID_`) ON DELETE RESTRICT ON UPDATE RESTRICT,
  CONSTRAINT `ACT_FK_SUSPENDED_JOB_EXECUTION` FOREIGN KEY (`EXECUTION_ID_`) REFERENCES `act_ru_execution` (`ID_`) ON DELETE RESTRICT ON UPDATE RESTRICT,
  CONSTRAINT `ACT_FK_SUSPENDED_JOB_PROC_DEF` FOREIGN KEY (`PROC_DEF_ID_`) REFERENCES `act_re_procdef` (`ID_`) ON DELETE RESTRICT ON UPDATE RESTRICT,
  CONSTRAINT `ACT_FK_SUSPENDED_JOB_PROCESS_INSTANCE` FOREIGN KEY (`PROCESS_INSTANCE_ID_`) REFERENCES `act_ru_execution` (`ID_`) ON DELETE RESTRICT ON UPDATE RESTRICT
) ENGINE = InnoDB CHARACTER SET = utf8 COLLATE = utf8_bin ROW_FORMAT = DYNAMIC;

-- ----------------------------
-- Records of act_ru_suspended_job
-- ----------------------------

-- ----------------------------
-- Table structure for act_ru_task
-- ----------------------------
DROP TABLE IF EXISTS `act_ru_task`;
CREATE TABLE `act_ru_task`  (
  `ID_` varchar(64) CHARACTER SET utf8 COLLATE utf8_bin NOT NULL,
  `REV_` int NULL DEFAULT NULL,
  `EXECUTION_ID_` varchar(64) CHARACTER SET utf8 COLLATE utf8_bin NULL DEFAULT NULL,
  `PROC_INST_ID_` varchar(64) CHARACTER SET utf8 COLLATE utf8_bin NULL DEFAULT NULL,
  `PROC_DEF_ID_` varchar(64) CHARACTER SET utf8 COLLATE utf8_bin NULL DEFAULT NULL,
  `NAME_` varchar(255) CHARACTER SET utf8 COLLATE utf8_bin NULL DEFAULT NULL,
  `BUSINESS_KEY_` varchar(255) CHARACTER SET utf8 COLLATE utf8_bin NULL DEFAULT NULL,
  `PARENT_TASK_ID_` varchar(64) CHARACTER SET utf8 COLLATE utf8_bin NULL DEFAULT NULL,
  `DESCRIPTION_` varchar(4000) CHARACTER SET utf8 COLLATE utf8_bin NULL DEFAULT NULL,
  `TASK_DEF_KEY_` varchar(255) CHARACTER SET utf8 COLLATE utf8_bin NULL DEFAULT NULL,
  `OWNER_` varchar(255) CHARACTER SET utf8 COLLATE utf8_bin NULL DEFAULT NULL,
  `ASSIGNEE_` varchar(255) CHARACTER SET utf8 COLLATE utf8_bin NULL DEFAULT NULL,
  `DELEGATION_` varchar(64) CHARACTER SET utf8 COLLATE utf8_bin NULL DEFAULT NULL,
  `PRIORITY_` int NULL DEFAULT NULL,
  `CREATE_TIME_` timestamp(3) NULL DEFAULT NULL,
  `DUE_DATE_` datetime(3) NULL DEFAULT NULL,
  `CATEGORY_` varchar(255) CHARACTER SET utf8 COLLATE utf8_bin NULL DEFAULT NULL,
  `SUSPENSION_STATE_` int NULL DEFAULT NULL,
  `TENANT_ID_` varchar(255) CHARACTER SET utf8 COLLATE utf8_bin NULL DEFAULT '',
  `FORM_KEY_` varchar(255) CHARACTER SET utf8 COLLATE utf8_bin NULL DEFAULT NULL,
  `CLAIM_TIME_` datetime(3) NULL DEFAULT NULL,
  `APP_VERSION_` int NULL DEFAULT NULL,
  PRIMARY KEY (`ID_`) USING BTREE,
  INDEX `ACT_IDX_TASK_CREATE`(`CREATE_TIME_`) USING BTREE,
  INDEX `ACT_FK_TASK_EXE`(`EXECUTION_ID_`) USING BTREE,
  INDEX `ACT_FK_TASK_PROCINST`(`PROC_INST_ID_`) USING BTREE,
  INDEX `ACT_FK_TASK_PROCDEF`(`PROC_DEF_ID_`) USING BTREE,
  CONSTRAINT `ACT_FK_TASK_EXE` FOREIGN KEY (`EXECUTION_ID_`) REFERENCES `act_ru_execution` (`ID_`) ON DELETE RESTRICT ON UPDATE RESTRICT,
  CONSTRAINT `ACT_FK_TASK_PROCDEF` FOREIGN KEY (`PROC_DEF_ID_`) REFERENCES `act_re_procdef` (`ID_`) ON DELETE RESTRICT ON UPDATE RESTRICT,
  CONSTRAINT `ACT_FK_TASK_PROCINST` FOREIGN KEY (`PROC_INST_ID_`) REFERENCES `act_ru_execution` (`ID_`) ON DELETE RESTRICT ON UPDATE RESTRICT
) ENGINE = InnoDB CHARACTER SET = utf8 COLLATE = utf8_bin ROW_FORMAT = DYNAMIC;

-- ----------------------------
-- Records of act_ru_task
-- ----------------------------
INSERT INTO `act_ru_task` VALUES ('cdc3c8fc-a3f1-11ee-98e3-6e6a773b7536', 2, 'cdbc4ee9-a3f1-11ee-98e3-6e6a773b7536', 'cdb8f383-a3f1-11ee-98e3-6e6a773b7536', 'courseManager:1:fc28f24c-91a4-11ee-9fdf-6e6a773b7536', '教务处审批', '1739637764573372418', NULL, NULL, 'sid-F0F2FA55-89B4-4A31-8F82-6A9C79487DFC', NULL, 'admin', NULL, 50, '2023-12-26 21:22:22.940', NULL, NULL, 1, '', NULL, NULL, NULL);
INSERT INTO `act_ru_task` VALUES ('eabe74bc-a3f1-11ee-98e3-6e6a773b7536', 2, 'eabe4da9-a3f1-11ee-98e3-6e6a773b7536', 'eabe4da3-a3f1-11ee-98e3-6e6a773b7536', 'courseManager:1:fc28f24c-91a4-11ee-9fdf-6e6a773b7536', '教务处审批', '1739637963047837698', NULL, NULL, 'sid-F0F2FA55-89B4-4A31-8F82-6A9C79487DFC', NULL, 'admin', NULL, 50, '2023-12-26 21:23:11.586', NULL, NULL, 1, '', NULL, NULL, NULL);

-- ----------------------------
-- Table structure for act_ru_timer_job
-- ----------------------------
DROP TABLE IF EXISTS `act_ru_timer_job`;
CREATE TABLE `act_ru_timer_job`  (
  `ID_` varchar(64) CHARACTER SET utf8 COLLATE utf8_bin NOT NULL,
  `REV_` int NULL DEFAULT NULL,
  `TYPE_` varchar(255) CHARACTER SET utf8 COLLATE utf8_bin NOT NULL,
  `LOCK_EXP_TIME_` timestamp(3) NULL DEFAULT NULL,
  `LOCK_OWNER_` varchar(255) CHARACTER SET utf8 COLLATE utf8_bin NULL DEFAULT NULL,
  `EXCLUSIVE_` tinyint(1) NULL DEFAULT NULL,
  `EXECUTION_ID_` varchar(64) CHARACTER SET utf8 COLLATE utf8_bin NULL DEFAULT NULL,
  `PROCESS_INSTANCE_ID_` varchar(64) CHARACTER SET utf8 COLLATE utf8_bin NULL DEFAULT NULL,
  `PROC_DEF_ID_` varchar(64) CHARACTER SET utf8 COLLATE utf8_bin NULL DEFAULT NULL,
  `RETRIES_` int NULL DEFAULT NULL,
  `EXCEPTION_STACK_ID_` varchar(64) CHARACTER SET utf8 COLLATE utf8_bin NULL DEFAULT NULL,
  `EXCEPTION_MSG_` varchar(4000) CHARACTER SET utf8 COLLATE utf8_bin NULL DEFAULT NULL,
  `DUEDATE_` timestamp(3) NULL DEFAULT NULL,
  `REPEAT_` varchar(255) CHARACTER SET utf8 COLLATE utf8_bin NULL DEFAULT NULL,
  `HANDLER_TYPE_` varchar(255) CHARACTER SET utf8 COLLATE utf8_bin NULL DEFAULT NULL,
  `HANDLER_CFG_` varchar(4000) CHARACTER SET utf8 COLLATE utf8_bin NULL DEFAULT NULL,
  `TENANT_ID_` varchar(255) CHARACTER SET utf8 COLLATE utf8_bin NULL DEFAULT '',
  PRIMARY KEY (`ID_`) USING BTREE,
  INDEX `ACT_FK_TIMER_JOB_EXECUTION`(`EXECUTION_ID_`) USING BTREE,
  INDEX `ACT_FK_TIMER_JOB_PROCESS_INSTANCE`(`PROCESS_INSTANCE_ID_`) USING BTREE,
  INDEX `ACT_FK_TIMER_JOB_PROC_DEF`(`PROC_DEF_ID_`) USING BTREE,
  INDEX `ACT_FK_TIMER_JOB_EXCEPTION`(`EXCEPTION_STACK_ID_`) USING BTREE,
  CONSTRAINT `ACT_FK_TIMER_JOB_EXCEPTION` FOREIGN KEY (`EXCEPTION_STACK_ID_`) REFERENCES `act_ge_bytearray` (`ID_`) ON DELETE RESTRICT ON UPDATE RESTRICT,
  CONSTRAINT `ACT_FK_TIMER_JOB_EXECUTION` FOREIGN KEY (`EXECUTION_ID_`) REFERENCES `act_ru_execution` (`ID_`) ON DELETE RESTRICT ON UPDATE RESTRICT,
  CONSTRAINT `ACT_FK_TIMER_JOB_PROC_DEF` FOREIGN KEY (`PROC_DEF_ID_`) REFERENCES `act_re_procdef` (`ID_`) ON DELETE RESTRICT ON UPDATE RESTRICT,
  CONSTRAINT `ACT_FK_TIMER_JOB_PROCESS_INSTANCE` FOREIGN KEY (`PROCESS_INSTANCE_ID_`) REFERENCES `act_ru_execution` (`ID_`) ON DELETE RESTRICT ON UPDATE RESTRICT
) ENGINE = InnoDB CHARACTER SET = utf8 COLLATE = utf8_bin ROW_FORMAT = DYNAMIC;

-- ----------------------------
-- Records of act_ru_timer_job
-- ----------------------------

-- ----------------------------
-- Table structure for act_ru_variable
-- ----------------------------
DROP TABLE IF EXISTS `act_ru_variable`;
CREATE TABLE `act_ru_variable`  (
  `ID_` varchar(64) CHARACTER SET utf8 COLLATE utf8_bin NOT NULL,
  `REV_` int NULL DEFAULT NULL,
  `TYPE_` varchar(255) CHARACTER SET utf8 COLLATE utf8_bin NOT NULL,
  `NAME_` varchar(255) CHARACTER SET utf8 COLLATE utf8_bin NOT NULL,
  `EXECUTION_ID_` varchar(64) CHARACTER SET utf8 COLLATE utf8_bin NULL DEFAULT NULL,
  `PROC_INST_ID_` varchar(64) CHARACTER SET utf8 COLLATE utf8_bin NULL DEFAULT NULL,
  `TASK_ID_` varchar(64) CHARACTER SET utf8 COLLATE utf8_bin NULL DEFAULT NULL,
  `BYTEARRAY_ID_` varchar(64) CHARACTER SET utf8 COLLATE utf8_bin NULL DEFAULT NULL,
  `DOUBLE_` double NULL DEFAULT NULL,
  `LONG_` bigint NULL DEFAULT NULL,
  `TEXT_` varchar(4000) CHARACTER SET utf8 COLLATE utf8_bin NULL DEFAULT NULL,
  `TEXT2_` varchar(4000) CHARACTER SET utf8 COLLATE utf8_bin NULL DEFAULT NULL,
  PRIMARY KEY (`ID_`) USING BTREE,
  INDEX `ACT_IDX_VARIABLE_TASK_ID`(`TASK_ID_`) USING BTREE,
  INDEX `ACT_FK_VAR_EXE`(`EXECUTION_ID_`) USING BTREE,
  INDEX `ACT_FK_VAR_PROCINST`(`PROC_INST_ID_`) USING BTREE,
  INDEX `ACT_FK_VAR_BYTEARRAY`(`BYTEARRAY_ID_`) USING BTREE,
  CONSTRAINT `ACT_FK_VAR_BYTEARRAY` FOREIGN KEY (`BYTEARRAY_ID_`) REFERENCES `act_ge_bytearray` (`ID_`) ON DELETE RESTRICT ON UPDATE RESTRICT,
  CONSTRAINT `ACT_FK_VAR_EXE` FOREIGN KEY (`EXECUTION_ID_`) REFERENCES `act_ru_execution` (`ID_`) ON DELETE RESTRICT ON UPDATE RESTRICT,
  CONSTRAINT `ACT_FK_VAR_PROCINST` FOREIGN KEY (`PROC_INST_ID_`) REFERENCES `act_ru_execution` (`ID_`) ON DELETE RESTRICT ON UPDATE RESTRICT
) ENGINE = InnoDB CHARACTER SET = utf8 COLLATE = utf8_bin ROW_FORMAT = DYNAMIC;

-- ----------------------------
-- Records of act_ru_variable
-- ----------------------------
INSERT INTO `act_ru_variable` VALUES ('cdbb3d75-a3f1-11ee-98e3-6e6a773b7536', 1, 'json', 'entity', 'cdb8f383-a3f1-11ee-98e3-6e6a773b7536', 'cdb8f383-a3f1-11ee-98e3-6e6a773b7536', NULL, NULL, NULL, NULL, '{\"id\":\"1739637764573372418\",\"name\":\"高等数学\",\"tchId\":\"zhangsan\",\"nick_name\":\"张三\",\"time\":\"1-8周 周三 9:40-11:50\",\"room\":\"C4-116\",\"classId\":\"202003203\",\"class_name\":\"20网安3班\",\"createDate\":\"2023-12-26T13:22:18.000+00:00\",\"updateDate\":\"2023-12-26T13:22:18.000+00:00\",\"status\":1,\"createDateStr\":\"2023-12-26 21:22:18\",\"updateDateStr\":\"2023-12-26 21:22:18\",\"statusStr\":\"待提交\"}', 'java.util.LinkedHashMap');
INSERT INTO `act_ru_variable` VALUES ('cdbc27d7-a3f1-11ee-98e3-6e6a773b7536', 1, 'string', 'formName', 'cdb8f383-a3f1-11ee-98e3-6e6a773b7536', 'cdb8f383-a3f1-11ee-98e3-6e6a773b7536', NULL, NULL, NULL, NULL, 'courseManagerForm', NULL);
INSERT INTO `act_ru_variable` VALUES ('cdc4da6d-a3f1-11ee-98e3-6e6a773b7536', 1, 'string', 'formName', 'cdbc4ee9-a3f1-11ee-98e3-6e6a773b7536', 'cdb8f383-a3f1-11ee-98e3-6e6a773b7536', 'cdc3c8fc-a3f1-11ee-98e3-6e6a773b7536', NULL, NULL, NULL, 'courseManagerForm', NULL);
INSERT INTO `act_ru_variable` VALUES ('cdc5017f-a3f1-11ee-98e3-6e6a773b7536', 1, 'json', 'entity', 'cdbc4ee9-a3f1-11ee-98e3-6e6a773b7536', 'cdb8f383-a3f1-11ee-98e3-6e6a773b7536', 'cdc3c8fc-a3f1-11ee-98e3-6e6a773b7536', NULL, NULL, NULL, '{\"id\":\"1739637764573372418\",\"name\":\"高等数学\",\"tchId\":\"zhangsan\",\"nick_name\":\"张三\",\"time\":\"1-8周 周三 9:40-11:50\",\"room\":\"C4-116\",\"classId\":\"202003203\",\"class_name\":\"20网安3班\",\"createDate\":\"2023-12-26T13:22:18.000+00:00\",\"updateDate\":\"2023-12-26T13:22:18.000+00:00\",\"status\":1,\"createDateStr\":\"2023-12-26 21:22:18\",\"updateDateStr\":\"2023-12-26 21:22:18\",\"statusStr\":\"待提交\"}', 'java.util.LinkedHashMap');
INSERT INTO `act_ru_variable` VALUES ('eabe4da5-a3f1-11ee-98e3-6e6a773b7536', 1, 'json', 'entity', 'eabe4da3-a3f1-11ee-98e3-6e6a773b7536', 'eabe4da3-a3f1-11ee-98e3-6e6a773b7536', NULL, NULL, NULL, NULL, '{\"id\":\"1739637963047837698\",\"name\":\"高等数学\",\"tchId\":\"zhangsan\",\"nick_name\":\"张三\",\"time\":\"9-16周 周四 9:40-11:50\",\"room\":\"C4-116\",\"classId\":\"202003203\",\"class_name\":\"20网安3班\",\"createDate\":\"2023-12-26T13:23:05.000+00:00\",\"updateDate\":\"2023-12-26T13:23:05.000+00:00\",\"status\":1,\"createDateStr\":\"2023-12-26 21:23:05\",\"updateDateStr\":\"2023-12-26 21:23:05\",\"statusStr\":\"待提交\"}', 'java.util.LinkedHashMap');
INSERT INTO `act_ru_variable` VALUES ('eabe4da7-a3f1-11ee-98e3-6e6a773b7536', 1, 'string', 'formName', 'eabe4da3-a3f1-11ee-98e3-6e6a773b7536', 'eabe4da3-a3f1-11ee-98e3-6e6a773b7536', NULL, NULL, NULL, NULL, 'courseManagerForm', NULL);
INSERT INTO `act_ru_variable` VALUES ('eabec2dd-a3f1-11ee-98e3-6e6a773b7536', 1, 'string', 'formName', 'eabe4da9-a3f1-11ee-98e3-6e6a773b7536', 'eabe4da3-a3f1-11ee-98e3-6e6a773b7536', 'eabe74bc-a3f1-11ee-98e3-6e6a773b7536', NULL, NULL, NULL, 'courseManagerForm', NULL);
INSERT INTO `act_ru_variable` VALUES ('eabec2df-a3f1-11ee-98e3-6e6a773b7536', 1, 'json', 'entity', 'eabe4da9-a3f1-11ee-98e3-6e6a773b7536', 'eabe4da3-a3f1-11ee-98e3-6e6a773b7536', 'eabe74bc-a3f1-11ee-98e3-6e6a773b7536', NULL, NULL, NULL, '{\"id\":\"1739637963047837698\",\"name\":\"高等数学\",\"tchId\":\"zhangsan\",\"nick_name\":\"张三\",\"time\":\"9-16周 周四 9:40-11:50\",\"room\":\"C4-116\",\"classId\":\"202003203\",\"class_name\":\"20网安3班\",\"createDate\":\"2023-12-26T13:23:05.000+00:00\",\"updateDate\":\"2023-12-26T13:23:05.000+00:00\",\"status\":1,\"createDateStr\":\"2023-12-26 21:23:05\",\"updateDateStr\":\"2023-12-26 21:23:05\",\"statusStr\":\"待提交\"}', 'java.util.LinkedHashMap');

-- ----------------------------
-- Table structure for mxg_answer
-- ----------------------------
DROP TABLE IF EXISTS `mxg_answer`;
CREATE TABLE `mxg_answer`  (
  `id` varchar(40) CHARACTER SET utf8mb4 COLLATE utf8mb4_0900_ai_ci NOT NULL COMMENT '唯一标识id',
  `paper_id` varchar(40) CHARACTER SET utf8mb4 COLLATE utf8mb4_0900_ai_ci NOT NULL COMMENT '所属试卷id',
  `question_id` varchar(40) CHARACTER SET utf8mb4 COLLATE utf8mb4_0900_ai_ci NULL DEFAULT NULL COMMENT '所属题目id',
  `answer` text CHARACTER SET utf8mb4 COLLATE utf8mb4_0900_ai_ci NULL COMMENT '答案',
  `score` int NULL DEFAULT NULL COMMENT '得分',
  `creator` varchar(255) CHARACTER SET utf8 COLLATE utf8_general_ci NULL DEFAULT NULL COMMENT '答题人',
  PRIMARY KEY (`id`) USING BTREE,
  INDEX `fk_answer_paper_id`(`paper_id`) USING BTREE,
  INDEX `fk_answer_creator`(`creator`) USING BTREE,
  CONSTRAINT `fk_answer_creator` FOREIGN KEY (`creator`) REFERENCES `sys_user` (`username`) ON DELETE CASCADE ON UPDATE CASCADE
) ENGINE = InnoDB CHARACTER SET = utf8mb4 COLLATE = utf8mb4_0900_ai_ci ROW_FORMAT = DYNAMIC;

-- ----------------------------
-- Records of mxg_answer
-- ----------------------------
INSERT INTO `mxg_answer` VALUES ('1', '1', '123', '4', 5, 'xuesheng11');
INSERT INTO `mxg_answer` VALUES ('1231231123345426123', '3', '123123123', '1', 0, 'xuesheng11');
INSERT INTO `mxg_answer` VALUES ('1735667672115884033', '2', '1735665317794328577', '2', 5, 'xuesheng11');
INSERT INTO `mxg_answer` VALUES ('1735667969479454722', '2', '1735665403739811842', '1', 5, 'xuesheng11');
INSERT INTO `mxg_answer` VALUES ('1735668035611045889', '3', '1735665444156125185', '4', 5, 'xuesheng11');
INSERT INTO `mxg_answer` VALUES ('1737768705057640450', '3', '1737751024241758209', '4', 5, 'xuesheng12');
INSERT INTO `mxg_answer` VALUES ('1737861028426371073', '3', '1737860272549875713', '我全做对了', 10, 'xuesheng11');
INSERT INTO `mxg_answer` VALUES ('1737861103303086081', '3', '1737860290375667713', '做对了一半', 5, 'xuesheng11');
INSERT INTO `mxg_answer` VALUES ('1738752401189408769', '3', '1737751024241758209', '4', 5, 'xuesheng11');
INSERT INTO `mxg_answer` VALUES ('1738875383199076354', '3', '1737867517742809090', '测试答案', 10, 'xuesheng11');
INSERT INTO `mxg_answer` VALUES ('1739010948246568961', '2', '1737860234255880194', '全对', 10, 'xuesheng11');
INSERT INTO `mxg_answer` VALUES ('1739245221385986049', '3', '1735665444156125185', '1', 0, 'xuesheng12');
INSERT INTO `mxg_answer` VALUES ('1739245227178319874', '3', '123123123', '3', 5, 'xuesheng12');
INSERT INTO `mxg_answer` VALUES ('1739245253736652801', '3', '1737867517742809090', '答对一半', 5, 'xuesheng12');
INSERT INTO `mxg_answer` VALUES ('1739245387358789633', '3', '1737860290375667713', '答对一半', 5, 'xuesheng12');
INSERT INTO `mxg_answer` VALUES ('1739245398708576257', '3', '1737860272549875713', '全对', 10, 'xuesheng12');
INSERT INTO `mxg_answer` VALUES ('1739245785058500609', '2', '1735665403739811842', '1', 5, 'xuesheng12');
INSERT INTO `mxg_answer` VALUES ('1739245789911310337', '2', '1735665317794328577', '2', 5, 'xuesheng12');
INSERT INTO `mxg_answer` VALUES ('1739245796588642306', '2', '21', '1', 5, 'xuesheng12');
INSERT INTO `mxg_answer` VALUES ('1739245811205791745', '2', '1737860234255880194', '全对', 10, 'xuesheng12');
INSERT INTO `mxg_answer` VALUES ('1739245996682108929', '1', '123', '3', 0, 'xuesheng12');
INSERT INTO `mxg_answer` VALUES ('1739533359593394178', '1739246667976269826', '1703503730749', '1', 5, 'xuesheng11');
INSERT INTO `mxg_answer` VALUES ('1739533362118365185', '1739246667976269826', '1703503809077', '2', 5, 'xuesheng11');
INSERT INTO `mxg_answer` VALUES ('1739533375737270273', '1739246667976269826', '1703503799293', '全对', 10, 'xuesheng11');
INSERT INTO `mxg_answer` VALUES ('1739533378383876097', '1739246667976269826', '1703503733213', '全对', 10, 'xuesheng11');
INSERT INTO `mxg_answer` VALUES ('1739535182765068290', '1739534951579226113', '1703572433887', '1', 5, 'xuesheng11');
INSERT INTO `mxg_answer` VALUES ('1739535197092810753', '1739534951579226113', '1703572450879', '全错', 0, 'xuesheng11');
INSERT INTO `mxg_answer` VALUES ('1739536731939639297', '1739534951579226113', '1703572433887', NULL, 0, 'xuesheng12');
INSERT INTO `mxg_answer` VALUES ('1739536734582050818', '1739534951579226113', '1703572450879', NULL, 0, 'xuesheng12');
INSERT INTO `mxg_answer` VALUES ('1739638236998803458', '3', '1737867517742809090', NULL, 10, 'xuesheng21');
INSERT INTO `mxg_answer` VALUES ('1739638239586689025', '3', '1737860290375667713', NULL, 10, 'xuesheng21');
INSERT INTO `mxg_answer` VALUES ('1739638241226661890', '3', '1737860272549875713', NULL, 10, 'xuesheng21');
INSERT INTO `mxg_answer` VALUES ('1739638247404871682', '3', '1735665444156125185', NULL, 0, 'xuesheng21');
INSERT INTO `mxg_answer` VALUES ('1739638250051477505', '3', '1737751024241758209', NULL, 0, 'xuesheng21');
INSERT INTO `mxg_answer` VALUES ('1739638254023483393', '3', '123123123', NULL, 0, 'xuesheng21');
INSERT INTO `mxg_answer` VALUES ('1739638367391326210', '1739246667976269826', '1703503733213', NULL, 0, 'xuesheng21');
INSERT INTO `mxg_answer` VALUES ('1739638370478333954', '1739246667976269826', '1703503799293', NULL, 0, 'xuesheng21');
INSERT INTO `mxg_answer` VALUES ('1739638373821194242', '1739246667976269826', '1703503809077', NULL, 0, 'xuesheng21');
INSERT INTO `mxg_answer` VALUES ('1739638377856114690', '1739246667976269826', '1703503730749', NULL, 0, 'xuesheng21');
INSERT INTO `mxg_answer` VALUES ('1739638475059109890', '2', '1737860234255880194', NULL, 2, 'xuesheng21');
INSERT INTO `mxg_answer` VALUES ('1739638484269801474', '2', '21', NULL, 0, 'xuesheng21');
INSERT INTO `mxg_answer` VALUES ('1739638488371830785', '2', '1735665403739811842', NULL, 0, 'xuesheng21');
INSERT INTO `mxg_answer` VALUES ('1739638492280922114', '2', '1735665317794328577', NULL, 0, 'xuesheng21');
INSERT INTO `mxg_answer` VALUES ('21', '2', '21', '2', 0, 'xuesheng11');

-- ----------------------------
-- Table structure for mxg_attend
-- ----------------------------
DROP TABLE IF EXISTS `mxg_attend`;
CREATE TABLE `mxg_attend`  (
  `id` varchar(40) CHARACTER SET utf8mb4 COLLATE utf8mb4_0900_ai_ci NOT NULL COMMENT '考勤表唯一id',
  `name` varchar(40) CHARACTER SET utf8mb4 COLLATE utf8mb4_0900_ai_ci NOT NULL COMMENT '课程名称',
  `tch_id` varchar(40) CHARACTER SET utf8 COLLATE utf8_general_ci NOT NULL COMMENT '教师用户名',
  `time` varchar(40) CHARACTER SET utf8mb4 COLLATE utf8mb4_0900_ai_ci NOT NULL COMMENT '上课时间',
  `student_num` varchar(40) CHARACTER SET utf8 COLLATE utf8_general_ci NOT NULL COMMENT '所有班级总人数',
  `status` varchar(255) CHARACTER SET utf8mb4 COLLATE utf8mb4_general_ci NULL DEFAULT NULL COMMENT '考勤状态',
  `create_date` datetime NULL DEFAULT NULL COMMENT '创建时间',
  `update_date` datetime NULL DEFAULT NULL COMMENT '更新时间',
  PRIMARY KEY (`id`) USING BTREE
) ENGINE = InnoDB CHARACTER SET = utf8mb4 COLLATE = utf8mb4_general_ci ROW_FORMAT = DYNAMIC;

-- ----------------------------
-- Records of mxg_attend
-- ----------------------------
INSERT INTO `mxg_attend` VALUES ('1', '高等数学', 'zhangsan', '1-8周 周三 9:40-11:50', '5', '1', '2023-12-17 05:10:15', NULL);
INSERT INTO `mxg_attend` VALUES ('1738951610006036481', '高等数学', 'zhangsan', '1-8周 周三 9:40-11:50', '5', '1', '2023-12-24 23:55:47', NULL);
INSERT INTO `mxg_attend` VALUES ('1738958329004220418', '高等数学', 'zhangsan', '1234124', '5', '1', '2023-12-25 00:22:29', '2023-12-25 00:22:37');
INSERT INTO `mxg_attend` VALUES ('1739243812666073089', '计算机网络', 'zhangsan', '1-8周 周四 9:40-11:50', '5', '1', '2023-12-25 19:16:53', NULL);
INSERT INTO `mxg_attend` VALUES ('1739500866576158722', '计算机网络', 'zhangsan', '1-8周 周四 9:40-11:50', '5', '1', '2023-12-26 12:18:20', NULL);
INSERT INTO `mxg_attend` VALUES ('1739552049458061314', '汇编语言', 'xiaoming', '1-8周 周三 15:10-16:35', '5', '0', '2023-12-26 15:41:43', NULL);
INSERT INTO `mxg_attend` VALUES ('2', '线性代数', 'zhangsan', '1-8周 周三 8:00-9:25', '10', '1', '2023-12-17 05:31:41', '2023-12-17 05:33:04');
INSERT INTO `mxg_attend` VALUES ('3', '高等数学', 'admin', '1-8周 周三 9:40-11:50', '5', '1', '2023-12-24 19:14:17', '2023-12-24 19:11:30');

-- ----------------------------
-- Table structure for mxg_attend_list
-- ----------------------------
DROP TABLE IF EXISTS `mxg_attend_list`;
CREATE TABLE `mxg_attend_list`  (
  `id` varchar(40) CHARACTER SET utf8mb4 COLLATE utf8mb4_0900_ai_ci NOT NULL COMMENT '考勤情况唯一id',
  `attend_id` varchar(40) CHARACTER SET utf8mb4 COLLATE utf8mb4_0900_ai_ci NOT NULL COMMENT '考勤表id',
  `student_name` varchar(40) CHARACTER SET utf8mb4 COLLATE utf8mb4_0900_ai_ci NOT NULL COMMENT '学生姓名',
  `student_id` varchar(40) CHARACTER SET utf8 COLLATE utf8_general_ci NOT NULL COMMENT '学生学号',
  `status` varchar(40) CHARACTER SET utf8mb4 COLLATE utf8mb4_0900_ai_ci NOT NULL COMMENT '考勤状态',
  PRIMARY KEY (`id`) USING BTREE
) ENGINE = InnoDB CHARACTER SET = utf8mb4 COLLATE = utf8mb4_general_ci ROW_FORMAT = DYNAMIC;

-- ----------------------------
-- Records of mxg_attend_list
-- ----------------------------
INSERT INTO `mxg_attend_list` VALUES ('1', '1', '学生11', '20200310101', '0');
INSERT INTO `mxg_attend_list` VALUES ('1738958553680502786', '1738958329004220418', '学生15', '20200310105', '2');
INSERT INTO `mxg_attend_list` VALUES ('1738958553680502787', '1738958329004220418', '学生14', '20200310104', '0');
INSERT INTO `mxg_attend_list` VALUES ('1738958553680502788', '1738958329004220418', '学生13', '20200310103', '0');
INSERT INTO `mxg_attend_list` VALUES ('1738958553680502789', '1738958329004220418', '学生12', '20200310102', '0');
INSERT INTO `mxg_attend_list` VALUES ('1738958553680502790', '1738958329004220418', '学生11', '20200310101', '0');
INSERT INTO `mxg_attend_list` VALUES ('1739322611113967617', '1739243812666073089', '学生15', '20200310105', '0');
INSERT INTO `mxg_attend_list` VALUES ('1739322611113967618', '1739243812666073089', '学生14', '20200310104', '5');
INSERT INTO `mxg_attend_list` VALUES ('1739322611113967619', '1739243812666073089', '学生13', '20200310103', '1');
INSERT INTO `mxg_attend_list` VALUES ('1739322611113967620', '1739243812666073089', '学生12', '20200310102', '3');
INSERT INTO `mxg_attend_list` VALUES ('1739322611113967621', '1739243812666073089', '学生11', '20200310101', '0');
INSERT INTO `mxg_attend_list` VALUES ('1739565505431220226', '1739500866576158722', '学生15', '20200310105', '0');
INSERT INTO `mxg_attend_list` VALUES ('1739565505431220227', '1739500866576158722', '学生14', '20200310104', '1');
INSERT INTO `mxg_attend_list` VALUES ('1739565505431220228', '1739500866576158722', '学生13', '20200310103', '0');
INSERT INTO `mxg_attend_list` VALUES ('1739565505431220229', '1739500866576158722', '学生12', '20200310102', '1');
INSERT INTO `mxg_attend_list` VALUES ('1739565505431220230', '1739500866576158722', '学生11', '20200310101', '0');
INSERT INTO `mxg_attend_list` VALUES ('1739565924232474626', '1738951610006036481', '学生15', '20200310105', '0');
INSERT INTO `mxg_attend_list` VALUES ('1739565924232474627', '1738951610006036481', '学生14', '20200310104', '0');
INSERT INTO `mxg_attend_list` VALUES ('1739565924232474628', '1738951610006036481', '学生13', '20200310103', '0');
INSERT INTO `mxg_attend_list` VALUES ('1739565924232474629', '1738951610006036481', '学生12', '20200310102', '0');
INSERT INTO `mxg_attend_list` VALUES ('1739565924232474630', '1738951610006036481', '学生11', '20200310101', '0');
INSERT INTO `mxg_attend_list` VALUES ('1739565924232474631', '1738951610006036481', '学生25', '20200310205', '0');
INSERT INTO `mxg_attend_list` VALUES ('1739565924232474632', '1738951610006036481', '学生24', '20200310204', '0');
INSERT INTO `mxg_attend_list` VALUES ('1739565924232474633', '1738951610006036481', '学生23', '20200310203', '0');
INSERT INTO `mxg_attend_list` VALUES ('1739565924232474634', '1738951610006036481', '学生22', '20200310202', '0');
INSERT INTO `mxg_attend_list` VALUES ('1739565924232474635', '1738951610006036481', '学生21', '20200310201', '0');
INSERT INTO `mxg_attend_list` VALUES ('1739565930733645826', '2', '学生25', '20200310205', '0');
INSERT INTO `mxg_attend_list` VALUES ('1739565930733645827', '2', '学生24', '20200310204', '0');
INSERT INTO `mxg_attend_list` VALUES ('1739565930733645828', '2', '学生23', '20200310203', '0');
INSERT INTO `mxg_attend_list` VALUES ('1739565930733645829', '2', '学生22', '20200310202', '0');
INSERT INTO `mxg_attend_list` VALUES ('1739565930733645830', '2', '学生21', '20200310201', '0');
INSERT INTO `mxg_attend_list` VALUES ('1739565930733645831', '2', '学生15', '20200310105', '0');
INSERT INTO `mxg_attend_list` VALUES ('1739565930733645832', '2', '学生14', '20200310104', '0');
INSERT INTO `mxg_attend_list` VALUES ('1739565930733645833', '2', '学生13', '20200310103', '0');
INSERT INTO `mxg_attend_list` VALUES ('1739565930733645834', '2', '学生12', '20200310102', '0');
INSERT INTO `mxg_attend_list` VALUES ('1739565930733645835', '2', '学生11', '20200310101', '0');
INSERT INTO `mxg_attend_list` VALUES ('2', '1', '学生12', '20200310102', '0');
INSERT INTO `mxg_attend_list` VALUES ('3', '1', '学生13', '20200310103', '0');
INSERT INTO `mxg_attend_list` VALUES ('4', '1', '学生14', '20200310104', '0');
INSERT INTO `mxg_attend_list` VALUES ('5', '1', '学生15', '20200310105', '0');

-- ----------------------------
-- Table structure for mxg_business_status
-- ----------------------------
DROP TABLE IF EXISTS `mxg_business_status`;
CREATE TABLE `mxg_business_status`  (
  `business_key` varchar(60) CHARACTER SET utf8mb4 COLLATE utf8mb4_0900_ai_ci NOT NULL COMMENT '业务ID',
  `process_instance_id` varchar(60) CHARACTER SET utf8mb4 COLLATE utf8mb4_0900_ai_ci NULL DEFAULT NULL COMMENT '流程实例ID',
  `status` tinyint NULL DEFAULT NULL COMMENT '状态',
  `create_date` datetime NULL DEFAULT CURRENT_TIMESTAMP COMMENT '创建时间',
  `update_date` datetime NULL DEFAULT CURRENT_TIMESTAMP ON UPDATE CURRENT_TIMESTAMP COMMENT '更新时间',
  PRIMARY KEY (`business_key`) USING BTREE
) ENGINE = InnoDB CHARACTER SET = utf8mb4 COLLATE = utf8mb4_0900_ai_ci COMMENT = '业务状态实体表' ROW_FORMAT = DYNAMIC;

-- ----------------------------
-- Records of mxg_business_status
-- ----------------------------
INSERT INTO `mxg_business_status` VALUES ('1', '7bd742bd-9fd1-11ee-9ff6-6e6a773b7536', 3, '2023-12-17 08:19:46', '2023-12-21 15:21:12');
INSERT INTO `mxg_business_status` VALUES ('11', 'e63f0546-a343-11ee-ade9-6e6a773b7536', 3, '2023-12-17 08:11:35', '2023-12-26 00:37:36');
INSERT INTO `mxg_business_status` VALUES ('12', NULL, 1, '2023-12-17 08:11:35', '2023-12-17 08:11:35');
INSERT INTO `mxg_business_status` VALUES ('1567433768766676993', '', 0, '2022-09-07 16:45:06', '2022-09-09 10:48:32');
INSERT INTO `mxg_business_status` VALUES ('1567676953761906689', '', 0, '2022-09-08 08:51:26', '2022-09-09 10:48:30');
INSERT INTO `mxg_business_status` VALUES ('1567777623949111297', 'b98a3e96-34a0-11ed-a5e5-283a4d3b4979', 3, '2022-09-08 15:31:28', '2023-09-15 04:11:23');
INSERT INTO `mxg_business_status` VALUES ('1567790199235923969', '', 5, '2022-09-08 16:21:26', '2022-09-14 13:54:10');
INSERT INTO `mxg_business_status` VALUES ('1568112800827052034', 'c7443de8-33c7-11ed-86cc-283a4d3b4979', 3, '2022-09-09 13:43:20', '2022-09-15 11:41:36');
INSERT INTO `mxg_business_status` VALUES ('1569483068132782082', '029458f3-32fb-11ed-9c60-283a4d3b4979', 4, '2022-09-13 08:28:17', '2022-09-14 08:53:03');
INSERT INTO `mxg_business_status` VALUES ('1570208571776995329', NULL, 1, '2022-09-15 08:31:11', '2022-09-15 08:31:11');
INSERT INTO `mxg_business_status` VALUES ('1570250806270881793', '', 5, '2022-09-15 11:19:00', '2023-09-15 15:28:39');
INSERT INTO `mxg_business_status` VALUES ('1570294851227549698', NULL, 1, '2022-09-15 14:14:01', '2022-09-15 14:14:01');
INSERT INTO `mxg_business_status` VALUES ('1701485834856890369', '27f3a1a0-91da-11ee-a869-6e6a773b7536', 3, '2023-09-12 14:40:09', '2023-12-26 15:38:14');
INSERT INTO `mxg_business_status` VALUES ('1701486245785436161', '', 0, '2023-09-12 14:41:47', '2023-12-08 02:19:51');
INSERT INTO `mxg_business_status` VALUES ('1702314547039215617', '18eb947a-5ad5-11ee-bbd0-6e6a773b7536', 4, '2023-09-14 21:33:10', '2023-12-26 16:53:16');
INSERT INTO `mxg_business_status` VALUES ('1702319100916690946', '', 0, '2023-09-14 21:51:15', '2023-12-02 02:37:06');
INSERT INTO `mxg_business_status` VALUES ('1702319186837008386', '88de36f7-952f-11ee-95a1-6e6a773b7536', 3, '2023-09-14 21:51:36', '2023-12-08 02:36:47');
INSERT INTO `mxg_business_status` VALUES ('1702473098554519553', '', 5, '2023-09-15 08:03:11', '2023-12-03 22:46:30');
INSERT INTO `mxg_business_status` VALUES ('1702487619146887170', '', 5, '2023-09-15 09:00:53', '2023-09-15 15:28:33');
INSERT INTO `mxg_business_status` VALUES ('1702513193651392513', '', 5, '2023-09-15 10:42:31', '2023-12-03 22:46:12');
INSERT INTO `mxg_business_status` VALUES ('1702564699482206210', '', 0, '2023-09-15 14:07:11', '2023-09-15 14:07:28');
INSERT INTO `mxg_business_status` VALUES ('1702564795787620354', 'a3b0a08d-91af-11ee-9fdf-6e6a773b7536', 3, '2023-09-15 14:07:34', '2023-12-26 15:38:16');
INSERT INTO `mxg_business_status` VALUES ('1731228195962826753', NULL, 1, '2023-12-03 16:25:41', '2023-12-03 16:25:41');
INSERT INTO `mxg_business_status` VALUES ('1731230868057403394', '65e59029-9f44-11ee-bdc4-6e6a773b7536', 3, '2023-12-03 16:36:18', '2023-12-26 15:38:03');
INSERT INTO `mxg_business_status` VALUES ('1737762817609584642', NULL, 1, '2023-12-21 17:11:56', '2023-12-21 17:11:56');
INSERT INTO `mxg_business_status` VALUES ('1738962708247666690', 'd077ff52-a320-11ee-ade9-6e6a773b7536', 3, '2023-12-25 00:39:52', '2023-12-26 00:25:35');
INSERT INTO `mxg_business_status` VALUES ('1738967408284065793', NULL, 1, '2023-12-25 00:58:33', '2023-12-25 00:58:33');
INSERT INTO `mxg_business_status` VALUES ('1739006075060912129', '266b6a44-a293-11ee-b602-6e6a773b7536', 3, '2023-12-25 03:32:12', '2023-12-26 15:37:53');
INSERT INTO `mxg_business_status` VALUES ('1739223919455494145', '2deb7a89-a342-11ee-ade9-6e6a773b7536', 3, '2023-12-25 17:57:50', '2023-12-26 00:25:38');
INSERT INTO `mxg_business_status` VALUES ('1739262434855665665', '03b3ad95-a342-11ee-ade9-6e6a773b7536', 3, '2023-12-25 20:30:53', '2023-12-26 00:24:50');
INSERT INTO `mxg_business_status` VALUES ('1739324325053382658', 'd17adbb2-a343-11ee-ade9-6e6a773b7536', 3, '2023-12-26 00:36:48', '2023-12-26 00:37:12');
INSERT INTO `mxg_business_status` VALUES ('1739543859785990146', '4a8ca91c-a3be-11ee-8fe5-6e6a773b7536', 3, '2023-12-26 15:09:10', '2023-12-26 15:13:55');
INSERT INTO `mxg_business_status` VALUES ('1739545428619198465', 'a0aa4110-a3be-11ee-8fe5-6e6a773b7536', 3, '2023-12-26 15:15:24', '2023-12-26 15:16:09');
INSERT INTO `mxg_business_status` VALUES ('1739552246976225282', '6193c08d-a3c2-11ee-aaa2-6e6a773b7536', 3, '2023-12-26 15:42:29', '2023-12-26 15:42:59');
INSERT INTO `mxg_business_status` VALUES ('1739553229315776513', 'f5be3419-a3c2-11ee-aaa2-6e6a773b7536', 3, '2023-12-26 15:46:23', '2023-12-26 15:47:09');
INSERT INTO `mxg_business_status` VALUES ('1739553951688171522', '57e4e453-a3c4-11ee-9623-6e6a773b7536', 3, '2023-12-26 15:49:16', '2023-12-26 15:57:14');
INSERT INTO `mxg_business_status` VALUES ('1739555247233269762', '568f3f53-a3c4-11ee-9623-6e6a773b7536', 3, '2023-12-26 15:54:24', '2023-12-26 15:57:17');
INSERT INTO `mxg_business_status` VALUES ('1739568055777767425', NULL, 1, '2023-12-26 16:45:18', '2023-12-26 16:45:18');
INSERT INTO `mxg_business_status` VALUES ('1739637764573372418', 'cdb8f383-a3f1-11ee-98e3-6e6a773b7536', 2, '2023-12-26 21:22:18', '2023-12-26 21:22:23');
INSERT INTO `mxg_business_status` VALUES ('1739637963047837698', 'eabe4da3-a3f1-11ee-98e3-6e6a773b7536', 2, '2023-12-26 21:23:05', '2023-12-26 21:23:12');
INSERT INTO `mxg_business_status` VALUES ('2', '9b1fb9b1-9fd2-11ee-9ff6-6e6a773b7536', 3, '2023-12-17 08:11:35', '2023-12-25 03:44:29');
INSERT INTO `mxg_business_status` VALUES ('3', '70c4c2a1-a3c2-11ee-aaa2-6e6a773b7536', 3, '2023-12-17 08:11:35', '2023-12-26 15:43:32');
INSERT INTO `mxg_business_status` VALUES ('4', '6f72ee31-a3c2-11ee-aaa2-6e6a773b7536', 3, '2023-12-17 08:11:35', '2023-12-26 15:43:35');
INSERT INTO `mxg_business_status` VALUES ('5', 'ab45521d-a3bc-11ee-81ba-6e6a773b7536', 3, '2023-12-17 08:11:35', '2023-12-26 15:02:23');
INSERT INTO `mxg_business_status` VALUES ('6', '05da0b4d-a3c3-11ee-aaa2-6e6a773b7536', 3, '2023-12-17 08:11:35', '2023-12-26 15:57:18');
INSERT INTO `mxg_business_status` VALUES ('7', '078179cd-a3c3-11ee-aaa2-6e6a773b7536', 3, '2023-12-17 08:11:35', '2023-12-26 15:57:16');

-- ----------------------------
-- Table structure for mxg_class
-- ----------------------------
DROP TABLE IF EXISTS `mxg_class`;
CREATE TABLE `mxg_class`  (
  `id` varchar(40) CHARACTER SET utf8 COLLATE utf8_general_ci NOT NULL COMMENT '班级 ID',
  `name` varchar(255) CHARACTER SET utf8 COLLATE utf8_general_ci NULL DEFAULT NULL COMMENT '班级名称',
  `head_teacher` varchar(255) CHARACTER SET utf8 COLLATE utf8_general_ci NULL DEFAULT NULL COMMENT '班主任用户名',
  `head_teacher_nick_name` varchar(255) CHARACTER SET utf8 COLLATE utf8_general_ci NULL DEFAULT NULL COMMENT '班主任姓名',
  `counselor` varchar(255) CHARACTER SET utf8 COLLATE utf8_general_ci NULL DEFAULT NULL COMMENT '辅导员用户名',
  `counselor_nick_name` varchar(255) CHARACTER SET utf8 COLLATE utf8_general_ci NULL DEFAULT NULL COMMENT '辅导员姓名',
  PRIMARY KEY (`id`) USING BTREE,
  INDEX `fk_counselor`(`counselor`) USING BTREE,
  INDEX `fk_counselor_nick_name`(`counselor_nick_name`) USING BTREE,
  INDEX `fk_head_teacher`(`head_teacher`) USING BTREE,
  INDEX `fk_head_teacher_nick_name`(`head_teacher_nick_name`) USING BTREE,
  CONSTRAINT `fk_counselor` FOREIGN KEY (`counselor`) REFERENCES `mxg_teacher` (`name`) ON DELETE CASCADE ON UPDATE CASCADE,
  CONSTRAINT `fk_counselor_nick_name` FOREIGN KEY (`counselor_nick_name`) REFERENCES `mxg_teacher` (`nick_name`) ON DELETE CASCADE ON UPDATE CASCADE,
  CONSTRAINT `fk_head_teacher` FOREIGN KEY (`head_teacher`) REFERENCES `mxg_teacher` (`name`) ON DELETE CASCADE ON UPDATE CASCADE,
  CONSTRAINT `fk_head_teacher_nick_name` FOREIGN KEY (`head_teacher_nick_name`) REFERENCES `mxg_teacher` (`nick_name`) ON DELETE CASCADE ON UPDATE CASCADE
) ENGINE = InnoDB CHARACTER SET = utf8mb4 COLLATE = utf8mb4_general_ci ROW_FORMAT = DYNAMIC;

-- ----------------------------
-- Records of mxg_class
-- ----------------------------
INSERT INTO `mxg_class` VALUES ('202003101', '20计科1班', 'zhangsan', '王五', 'wangwu', '张三');
INSERT INTO `mxg_class` VALUES ('202003102', '20计科2班', 'zhangsan', '王五', 'wangwu', '张三');
INSERT INTO `mxg_class` VALUES ('202003201', '20网安1班', 'lisi', '王五', 'wangwu', '李四');
INSERT INTO `mxg_class` VALUES ('202003202', '20网安2班', 'lisi', '王五', 'wangwu', '李四');
INSERT INTO `mxg_class` VALUES ('202003203', '20网安3班', 'lisi', '王五', 'wangwu', '李四');

-- ----------------------------
-- Table structure for mxg_course
-- ----------------------------
DROP TABLE IF EXISTS `mxg_course`;
CREATE TABLE `mxg_course`  (
  `id` varchar(40) CHARACTER SET utf8mb4 COLLATE utf8mb4_0900_ai_ci NOT NULL COMMENT '课程唯一id',
  `name` varchar(40) CHARACTER SET utf8mb4 COLLATE utf8mb4_0900_ai_ci NOT NULL COMMENT '课程名称',
  `tch_id` varchar(40) CHARACTER SET utf8 COLLATE utf8_general_ci NOT NULL COMMENT '教师用户名',
  `nick_name` varchar(255) CHARACTER SET utf8 COLLATE utf8_general_ci NOT NULL COMMENT '教师姓名',
  `time` varchar(40) CHARACTER SET utf8mb4 COLLATE utf8mb4_0900_ai_ci NOT NULL COMMENT '上课时间',
  `room` varchar(20) CHARACTER SET utf8mb4 COLLATE utf8mb4_0900_ai_ci NOT NULL COMMENT '上课地点',
  `class_id` varchar(40) CHARACTER SET utf8 COLLATE utf8_general_ci NOT NULL COMMENT '班级id',
  `create_date` datetime NULL DEFAULT NULL COMMENT '创建时间',
  `update_date` datetime NULL DEFAULT NULL COMMENT '更新时间',
  PRIMARY KEY (`id`) USING BTREE,
  INDEX `fk_course_class_id`(`class_id`) USING BTREE,
  INDEX `fk_course_teacher_id`(`tch_id`) USING BTREE,
  INDEX `fk_tch_nick_name`(`nick_name`) USING BTREE,
  INDEX `name`(`name`) USING BTREE,
  CONSTRAINT `fk_class_id` FOREIGN KEY (`class_id`) REFERENCES `mxg_class` (`id`) ON DELETE CASCADE ON UPDATE CASCADE,
  CONSTRAINT `fk_tch_id` FOREIGN KEY (`tch_id`) REFERENCES `mxg_teacher` (`name`) ON DELETE CASCADE ON UPDATE CASCADE,
  CONSTRAINT `fk_tch_nick_name` FOREIGN KEY (`nick_name`) REFERENCES `mxg_teacher` (`nick_name`) ON DELETE CASCADE ON UPDATE CASCADE
) ENGINE = InnoDB CHARACTER SET = utf8mb4 COLLATE = utf8mb4_0900_ai_ci ROW_FORMAT = DYNAMIC;

-- ----------------------------
-- Records of mxg_course
-- ----------------------------
INSERT INTO `mxg_course` VALUES ('1', '高等数学', 'zhangsan', '张三', '1-8周 周三 9:40-11:50', 'C4-116', '202003101', '2023-12-26 15:01:36', NULL);
INSERT INTO `mxg_course` VALUES ('1738962708247666690', '计算机网络', 'zhangsan', '张三', '1-8周 周四 15:10-16:35', 'C4-216', '202003101', '2023-12-25 00:39:53', NULL);
INSERT INTO `mxg_course` VALUES ('1739553951688171522', '高等数学', 'zhangsan', '张三', '9-16周 周四 9:40-11:50', 'C4-116', '202003102', '2023-12-26 15:49:16', NULL);
INSERT INTO `mxg_course` VALUES ('1739555247233269762', '高等数学', 'zhangsan', '张三', '1-8周 周三 9:40-11:50', 'C4-116', '202003102', '2023-12-26 15:54:25', NULL);
INSERT INTO `mxg_course` VALUES ('1739637764573372418', '高等数学', 'zhangsan', '张三', '1-8周 周三 9:40-11:50', 'C4-116', '202003203', '2023-12-26 21:22:19', NULL);
INSERT INTO `mxg_course` VALUES ('1739637963047837698', '高等数学', 'zhangsan', '张三', '9-16周 周四 9:40-11:50', 'C4-116', '202003203', '2023-12-26 21:23:06', NULL);
INSERT INTO `mxg_course` VALUES ('2', '线性代数', 'zhangsan', '张三', '1-8周 周三 8:00-9:25', 'C4-116', '202003102', '2023-12-26 15:01:39', NULL);
INSERT INTO `mxg_course` VALUES ('3', '离散数学', 'lisi', '李四', '9-16周 周三 9:40-11:50', 'C4-216', '202003201', '2023-12-26 15:01:40', NULL);
INSERT INTO `mxg_course` VALUES ('4', '数值分析', 'lisi', '李四', '9-16周 周三 13:30-14:55', 'C4-216', '202003202', '2023-12-26 15:01:42', NULL);
INSERT INTO `mxg_course` VALUES ('5', '汇编语言', 'xiaoming', '小明', '1-8周 周三 15:10-16:35', 'C4-308', '202003203', '2023-12-17 08:11:35', '2023-12-26 15:01:24');
INSERT INTO `mxg_course` VALUES ('6', '高等数学', 'zhangsan', '张三', '9-16周 周四 9:40-11:50', 'C4-116', '202003101', '2023-12-26 15:01:47', NULL);
INSERT INTO `mxg_course` VALUES ('7', '线性代数', 'zhangsan', '张三', '1-8周 周三 8:00-9:25', 'C4-116', '202003101', '2023-12-26 15:01:45', NULL);

-- ----------------------------
-- Table structure for mxg_elective_course
-- ----------------------------
DROP TABLE IF EXISTS `mxg_elective_course`;
CREATE TABLE `mxg_elective_course`  (
  `id` varchar(40) CHARACTER SET utf8mb4 COLLATE utf8mb4_0900_ai_ci NOT NULL COMMENT '课程唯一id',
  `name` varchar(40) CHARACTER SET utf8mb4 COLLATE utf8mb4_0900_ai_ci NOT NULL COMMENT '课程名称',
  `tch_id` varchar(40) CHARACTER SET utf8 COLLATE utf8_general_ci NOT NULL COMMENT '教师用户名',
  `nick_name` varchar(255) CHARACTER SET utf8 COLLATE utf8_general_ci NOT NULL COMMENT '教师姓名',
  `time` varchar(40) CHARACTER SET utf8mb4 COLLATE utf8mb4_0900_ai_ci NOT NULL COMMENT '上课时间',
  `room` varchar(20) CHARACTER SET utf8mb4 COLLATE utf8mb4_0900_ai_ci NOT NULL COMMENT '上课地点',
  PRIMARY KEY (`id`) USING BTREE,
  INDEX `fk_elective_course_tch_id`(`tch_id`) USING BTREE,
  INDEX `fk_elective_course_nick_name`(`nick_name`) USING BTREE,
  CONSTRAINT `fk_elective_course_nick_name` FOREIGN KEY (`nick_name`) REFERENCES `mxg_teacher` (`nick_name`) ON DELETE CASCADE ON UPDATE CASCADE,
  CONSTRAINT `fk_elective_course_tch_id` FOREIGN KEY (`tch_id`) REFERENCES `mxg_teacher` (`name`) ON DELETE CASCADE ON UPDATE CASCADE
) ENGINE = InnoDB CHARACTER SET = utf8mb4 COLLATE = utf8mb4_general_ci ROW_FORMAT = DYNAMIC;

-- ----------------------------
-- Records of mxg_elective_course
-- ----------------------------
INSERT INTO `mxg_elective_course` VALUES ('1000000', '创新思维训练', 'zhangsan', '张三', '1-8周 周三 9:40-11:50', 'C4-116');
INSERT INTO `mxg_elective_course` VALUES ('1000001', '影视鉴赏', 'lisi', '李四', '1-8周 周三 8:00-9:25', 'C4-116');
INSERT INTO `mxg_elective_course` VALUES ('1000002', '古典文学鉴赏', 'xiaoming', '小明', '9-16周 周三 9:40-11:50', 'C4-216');
INSERT INTO `mxg_elective_course` VALUES ('1000003', '创新思维与创新方法', 'xiaoming', '小明', '9-16周 周三 13:30-14:55', 'C4-216');

-- ----------------------------
-- Table structure for mxg_leave
-- ----------------------------
DROP TABLE IF EXISTS `mxg_leave`;
CREATE TABLE `mxg_leave`  (
  `id` varchar(255) CHARACTER SET utf8mb4 COLLATE utf8mb4_0900_ai_ci NOT NULL COMMENT '主键ID',
  `username` varchar(40) CHARACTER SET utf8mb4 COLLATE utf8mb4_0900_ai_ci NULL DEFAULT NULL COMMENT '申请人用户名',
  `duration` double(7, 2) NULL DEFAULT NULL COMMENT '请假时长，单位：\r\n天',
  `principal` varchar(50) CHARACTER SET utf8mb4 COLLATE utf8mb4_0900_ai_ci NULL DEFAULT NULL COMMENT '工作委托人',
  `contact_phone` varchar(50) CHARACTER SET utf8mb4 COLLATE utf8mb4_0900_ai_ci NULL DEFAULT NULL COMMENT '联系电话',
  `leave_type` tinyint NULL DEFAULT NULL COMMENT '请假类型：1病假，\r\n2事假，3年假，4婚假，5产假，6丧假，7探亲，8调休，9其他',
  `title` varchar(255) CHARACTER SET utf8mb4 COLLATE utf8mb4_0900_ai_ci NULL DEFAULT NULL COMMENT '标题',
  `leave_reason` varchar(1000) CHARACTER SET utf8mb4 COLLATE utf8mb4_0900_ai_ci NULL DEFAULT NULL COMMENT '请假原因',
  `start_date` datetime NULL DEFAULT NULL COMMENT '请假开始时间',
  `end_date` datetime NULL DEFAULT NULL COMMENT '请假结束时间',
  `create_date` datetime NULL DEFAULT CURRENT_TIMESTAMP COMMENT '创建时间',
  `update_date` datetime NULL DEFAULT CURRENT_TIMESTAMP ON UPDATE CURRENT_TIMESTAMP COMMENT '更新时间',
  PRIMARY KEY (`id`) USING BTREE
) ENGINE = InnoDB CHARACTER SET = utf8mb4 COLLATE = utf8mb4_0900_ai_ci COMMENT = '请假业务表' ROW_FORMAT = DYNAMIC;

-- ----------------------------
-- Records of mxg_leave
-- ----------------------------
INSERT INTO `mxg_leave` VALUES ('1701485834856890369', 'admin', 4.00, '', '', 1, '测试1', '233', '2023-09-20 00:00:00', '2023-09-23 23:59:59', '2023-09-12 14:40:09', '2023-09-12 14:41:37');
INSERT INTO `mxg_leave` VALUES ('1701486245785436161', 'admin', 5.00, NULL, NULL, 1, '测试2', '233', '2023-10-08 00:00:00', '2023-10-12 23:59:59', '2023-09-12 14:41:47', '2023-09-12 14:41:47');
INSERT INTO `mxg_leave` VALUES ('1702314547039215617', 'admin', 33.00, NULL, NULL, 1, '测试3', '121212', '2023-09-14 00:00:00', '2023-10-16 23:59:59', '2023-09-14 21:33:10', '2023-09-14 21:33:40');
INSERT INTO `mxg_leave` VALUES ('1702473098554519553', 'admin', 3.00, NULL, NULL, 1, '1', '1123123', '2023-10-09 00:00:00', '2023-10-11 23:59:59', '2023-09-15 08:03:11', '2023-09-15 08:03:11');
INSERT INTO `mxg_leave` VALUES ('1702487619146887170', 'zhangsan', 15.00, NULL, NULL, 1, '123', '124124', '2023-09-08 00:00:00', '2023-09-22 23:59:59', '2023-09-15 09:00:53', '2023-09-15 09:00:53');
INSERT INTO `mxg_leave` VALUES ('1702513193651392513', 'admin', 8.00, NULL, NULL, 1, '2', '2233', '2023-09-01 00:00:00', '2023-09-08 23:59:59', '2023-09-15 10:42:31', '2023-09-15 10:42:31');
INSERT INTO `mxg_leave` VALUES ('1702564699482206210', 'admin', 15.00, NULL, NULL, 1, '3', '123213213', '2023-09-01 00:00:00', '2023-09-15 23:59:59', '2023-09-15 14:07:11', '2023-09-15 14:07:19');
INSERT INTO `mxg_leave` VALUES ('1731228195962826753', 'admin', 32.00, '2', '2', 1, '1·', '1asd', '2023-12-30 00:00:00', '2024-01-30 23:59:59', '2023-12-03 16:25:41', '2023-12-03 16:25:41');
INSERT INTO `mxg_leave` VALUES ('1731230868057403394', 'admin', 3.00, '2', '2', 1, '1', '1123', '2024-01-21 00:00:00', '2024-01-23 23:59:59', '2023-12-03 16:36:18', '2023-12-03 16:36:18');

-- ----------------------------
-- Table structure for mxg_loan
-- ----------------------------
DROP TABLE IF EXISTS `mxg_loan`;
CREATE TABLE `mxg_loan`  (
  `id` varchar(255) CHARACTER SET utf8mb4 COLLATE utf8mb4_0900_ai_ci NOT NULL COMMENT '主键ID',
  `user_id` varchar(40) CHARACTER SET latin1 COLLATE latin1_swedish_ci NULL DEFAULT '' COMMENT '申请人ID',
  `nick_name` varchar(40) CHARACTER SET utf8mb4 COLLATE utf8mb4_0900_ai_ci NULL DEFAULT NULL COMMENT '申请人昵称',
  `money` double(15, 2) NULL DEFAULT NULL COMMENT '借款金额',
  `purpose` varchar(1000) CHARACTER SET utf8mb4 COLLATE utf8mb4_0900_ai_ci NULL DEFAULT NULL COMMENT '借款用途',
  `remark` varchar(1000) CHARACTER SET utf8mb4 COLLATE utf8mb4_0900_ai_ci NULL DEFAULT NULL COMMENT '备注',
  `loan_date` datetime NULL DEFAULT NULL COMMENT '借款日期',
  `create_date` datetime NULL DEFAULT CURRENT_TIMESTAMP COMMENT '创建时间',
  `update_date` datetime NULL DEFAULT CURRENT_TIMESTAMP ON UPDATE CURRENT_TIMESTAMP COMMENT '更新时间',
  PRIMARY KEY (`id`) USING BTREE
) ENGINE = InnoDB CHARACTER SET = utf8mb4 COLLATE = utf8mb4_0900_ai_ci COMMENT = '借款业务表' ROW_FORMAT = DYNAMIC;

-- ----------------------------
-- Records of mxg_loan
-- ----------------------------
INSERT INTO `mxg_loan` VALUES ('1702319100916690946', 'admin', NULL, 233.00, '1234', '123', '2023-09-14 00:00:00', '2023-09-14 21:51:15', '2023-09-15 15:42:17');
INSERT INTO `mxg_loan` VALUES ('1702319186837008386', 'admin', NULL, 666.00, '12312', '123123', '2023-09-05 00:00:00', '2023-09-14 21:51:36', '2023-09-14 21:51:36');
INSERT INTO `mxg_loan` VALUES ('1702564795787620354', 'admin', NULL, 23.00, NULL, NULL, '2023-09-06 00:00:00', '2023-09-15 14:07:34', '2023-12-03 15:43:20');

-- ----------------------------
-- Table structure for mxg_message
-- ----------------------------
DROP TABLE IF EXISTS `mxg_message`;
CREATE TABLE `mxg_message`  (
  `id` varchar(255) CHARACTER SET utf8 COLLATE utf8_general_ci NOT NULL COMMENT '通知唯一ID',
  `course_name` varchar(255) CHARACTER SET utf8 COLLATE utf8_general_ci NULL DEFAULT NULL COMMENT '课程名称',
  `teacher_name` varchar(255) CHARACTER SET utf8 COLLATE utf8_general_ci NULL DEFAULT NULL COMMENT '教师用户名',
  `teacher_nick_name` varchar(255) CHARACTER SET utf8 COLLATE utf8_general_ci NULL DEFAULT NULL COMMENT '教师姓名',
  `class_id` varchar(255) CHARACTER SET utf8 COLLATE utf8_general_ci NULL DEFAULT NULL COMMENT '班级id',
  `message` text CHARACTER SET utf8 COLLATE utf8_general_ci NULL COMMENT '通知内容',
  `create_date` datetime NULL DEFAULT NULL COMMENT '创建时间',
  PRIMARY KEY (`id`) USING BTREE
) ENGINE = InnoDB CHARACTER SET = utf8mb4 COLLATE = utf8mb4_general_ci ROW_FORMAT = DYNAMIC;

-- ----------------------------
-- Records of mxg_message
-- ----------------------------
INSERT INTO `mxg_message` VALUES ('1', '高等数学', 'zhangsan', '张三', '202003101', 'test', '2023-12-25 20:24:50');
INSERT INTO `mxg_message` VALUES ('1739007958500540418', '线性代数', 'zhangsan', '张三', '202003102', '考试通知', '2023-12-25 03:39:41');
INSERT INTO `mxg_message` VALUES ('1739244182339444737', '线性代数', 'zhangsan', '张三', '202003102', '考试通知\n', '2023-12-25 19:18:21');
INSERT INTO `mxg_message` VALUES ('1739244524816949250', '线性代数', 'zhangsan', '张三', '202003101', '考试通知\n', '2023-12-25 19:19:43');
INSERT INTO `mxg_message` VALUES ('1739556241937629186', '高等数学', 'zhangsan', '张三', '202003102', '测试编辑', '2023-12-26 15:58:22');
INSERT INTO `mxg_message` VALUES ('2', '线性代数', 'zhangsan', '张三', '202003102', 'test2', '2023-12-10 05:42:52');
INSERT INTO `mxg_message` VALUES ('3', '数值分析', 'lisi', '李四', '202003202', 'test3', '2023-12-25 20:24:53');
INSERT INTO `mxg_message` VALUES ('4', '高等数学', 'zhangsan', '张三', '202003101', 'test4', '2023-12-25 20:24:57');

-- ----------------------------
-- Table structure for mxg_paper
-- ----------------------------
DROP TABLE IF EXISTS `mxg_paper`;
CREATE TABLE `mxg_paper`  (
  `id` varchar(40) CHARACTER SET utf8mb4 COLLATE utf8mb4_0900_ai_ci NOT NULL,
  `title` varchar(40) CHARACTER SET utf8mb4 COLLATE utf8mb4_0900_ai_ci NULL DEFAULT NULL,
  `type` int NOT NULL COMMENT '试卷类型 1平时测试 2考试',
  `course_id` varchar(40) CHARACTER SET utf8mb4 COLLATE utf8mb4_0900_ai_ci NOT NULL,
  `creator` varchar(255) CHARACTER SET utf8 COLLATE utf8_general_ci NULL DEFAULT NULL COMMENT '试卷创建者用户名',
  `create_date` datetime NULL DEFAULT NULL COMMENT '创建时间',
  `start_date` datetime NULL DEFAULT NULL COMMENT '开始时间',
  `end_date` datetime NULL DEFAULT NULL COMMENT '结束时间',
  PRIMARY KEY (`id`) USING BTREE,
  INDEX `fk_paper_course_id`(`course_id`) USING BTREE,
  INDEX `fk_paper_creator`(`creator`) USING BTREE,
  CONSTRAINT `fk_paper_creator` FOREIGN KEY (`creator`) REFERENCES `sys_user` (`username`) ON DELETE CASCADE ON UPDATE CASCADE
) ENGINE = InnoDB CHARACTER SET = utf8mb4 COLLATE = utf8mb4_0900_ai_ci ROW_FORMAT = DYNAMIC;

-- ----------------------------
-- Records of mxg_paper
-- ----------------------------
INSERT INTO `mxg_paper` VALUES ('1', '测试卷1', 1, '线性代数', 'zhangsan', '2023-12-10 00:00:00', '2023-12-24 04:51:16', '2023-12-25 00:00:00');
INSERT INTO `mxg_paper` VALUES ('1733843482219978753', '试卷3', 1, '离散数学', 'lisi', '2023-12-10 00:00:00', '2023-12-15 00:00:00', '2023-12-25 00:00:00');
INSERT INTO `mxg_paper` VALUES ('1733843493997584385', '试卷4', 1, '汇编语言', 'xiaoming', '2023-12-10 00:00:00', '2023-12-15 00:00:00', '2023-12-25 00:00:00');
INSERT INTO `mxg_paper` VALUES ('1739246667976269826', '考试', 2, '高等数学', 'zhangsan', '2023-12-25 19:28:14', '2023-12-15 00:00:00', '2023-12-25 00:00:00');
INSERT INTO `mxg_paper` VALUES ('1739534951579226113', '作业1', 1, '计算机网络', 'zhangsan', '2023-12-26 14:33:46', '2023-12-26 14:34:32', '2023-12-25 00:00:00');
INSERT INTO `mxg_paper` VALUES ('2', '测试卷2', 1, '高等数学', 'zhangsan', '2023-12-10 00:00:00', '2023-12-16 04:51:23', '2023-12-25 00:00:00');
INSERT INTO `mxg_paper` VALUES ('3', '期末考试', 2, '高等数学', 'zhangsan', '2023-12-16 06:06:00', '2023-12-16 05:50:51', '2023-12-25 00:00:00');

-- ----------------------------
-- Table structure for mxg_process_config
-- ----------------------------
DROP TABLE IF EXISTS `mxg_process_config`;
CREATE TABLE `mxg_process_config`  (
  `id` varchar(60) CHARACTER SET utf8mb4 COLLATE utf8mb4_0900_ai_ci NOT NULL COMMENT '主键id',
  `process_key` varchar(60) CHARACTER SET utf8mb4 COLLATE utf8mb4_0900_ai_ci NULL DEFAULT NULL COMMENT '流程定义KEY',
  `business_route` varchar(100) CHARACTER SET utf8mb4 COLLATE utf8mb4_0900_ai_ci NULL DEFAULT NULL COMMENT '业务申请路由名',
  `form_name` varchar(100) CHARACTER SET utf8mb4 COLLATE utf8mb4_0900_ai_ci NULL DEFAULT NULL COMMENT '关联表单组件名',
  `create_date` datetime NULL DEFAULT CURRENT_TIMESTAMP COMMENT '创建时间',
  `update_date` datetime NULL DEFAULT CURRENT_TIMESTAMP ON UPDATE CURRENT_TIMESTAMP COMMENT '更新时间',
  PRIMARY KEY (`id`) USING BTREE
) ENGINE = InnoDB CHARACTER SET = utf8mb4 COLLATE = utf8mb4_0900_ai_ci COMMENT = '流程定义配置表' ROW_FORMAT = DYNAMIC;

-- ----------------------------
-- Records of mxg_process_config
-- ----------------------------
INSERT INTO `mxg_process_config` VALUES ('1568069386601426946', 'Leave', 'Leave', 'LeaveForm', '2022-09-09 10:50:49', '2022-09-09 10:50:49');
INSERT INTO `mxg_process_config` VALUES ('1570292737176698882', 'Loan', 'Loan', 'LoanForm', '2022-09-15 14:05:37', '2022-09-15 14:05:37');
INSERT INTO `mxg_process_config` VALUES ('1731198662320664578', 'courseManager', 'courseManager', 'courseManagerForm', '2023-12-03 14:28:19', '2023-12-03 14:28:19');
INSERT INTO `mxg_process_config` VALUES ('1739264856445468674', 'StudentLeave', 'StudentLeave', 'StudentLeaveForm', '2023-12-25 20:40:30', '2023-12-25 20:40:30');

-- ----------------------------
-- Table structure for mxg_question_choice
-- ----------------------------
DROP TABLE IF EXISTS `mxg_question_choice`;
CREATE TABLE `mxg_question_choice`  (
  `id` varchar(40) CHARACTER SET utf8mb4 COLLATE utf8mb4_0900_ai_ci NOT NULL COMMENT '选择题id',
  `paper_id` varchar(40) CHARACTER SET utf8mb4 COLLATE utf8mb4_0900_ai_ci NOT NULL COMMENT '试卷id',
  `description` text CHARACTER SET utf8mb4 COLLATE utf8mb4_0900_ai_ci NULL COMMENT '题目',
  `choice_a` varchar(255) CHARACTER SET utf8mb4 COLLATE utf8mb4_0900_ai_ci NULL DEFAULT NULL COMMENT '选项A',
  `choice_b` varchar(255) CHARACTER SET utf8mb4 COLLATE utf8mb4_0900_ai_ci NULL DEFAULT NULL COMMENT '选项B',
  `choice_c` varchar(255) CHARACTER SET utf8mb4 COLLATE utf8mb4_0900_ai_ci NULL DEFAULT NULL COMMENT '选项C',
  `choice_d` varchar(255) CHARACTER SET utf8mb4 COLLATE utf8mb4_0900_ai_ci NULL DEFAULT NULL COMMENT '选项D',
  `answer` int NOT NULL COMMENT '答案',
  `score` int NULL DEFAULT NULL COMMENT '分数',
  `create_date` datetime NULL DEFAULT NULL COMMENT '创建日期',
  PRIMARY KEY (`id`) USING BTREE,
  INDEX `fk_que_choice_paper_id`(`paper_id`) USING BTREE
) ENGINE = InnoDB CHARACTER SET = utf8mb4 COLLATE = utf8mb4_0900_ai_ci ROW_FORMAT = DYNAMIC;

-- ----------------------------
-- Records of mxg_question_choice
-- ----------------------------
INSERT INTO `mxg_question_choice` VALUES ('123', '1', '测试选择题5', '选项A', '选项B', '选项C', '正确选项D', 4, 5, '2023-12-15 00:00:00');
INSERT INTO `mxg_question_choice` VALUES ('123123123', '3', '测试选择题4', '选项A', '选项B', '正确选项C', '选项D', 3, 5, '2023-12-26 17:05:35');
INSERT INTO `mxg_question_choice` VALUES ('1703503730749', '1739246667976269826', '选择题1', '正确答案A', 'B', 'C', 'D', 1, 5, '2023-12-25 19:30:34');
INSERT INTO `mxg_question_choice` VALUES ('1703503809077', '1739246667976269826', '选择题2', 'A', '正确答案B', 'C', 'D', 2, 5, '2023-12-25 19:30:33');
INSERT INTO `mxg_question_choice` VALUES ('1703572433887', '1739534951579226113', '选择题1', '正确答案A', 'B', 'C', 'D', 1, 5, '2023-12-26 14:34:10');
INSERT INTO `mxg_question_choice` VALUES ('1735665317794328577', '2', '测试选择题1', '选项A', '正确选项B', '选项C', '选项D', 2, 5, '2023-12-15 00:00:00');
INSERT INTO `mxg_question_choice` VALUES ('1735665403739811842', '2', '测试选择题2', '正确选项A', '选项B', '选项C', '选项D', 1, 5, '2023-12-15 00:00:00');
INSERT INTO `mxg_question_choice` VALUES ('1735665444156125185', '3', '测试选择题3', '选项A', '选项B', '选项C', '正确选项D', 4, 5, '2023-12-15 00:00:00');
INSERT INTO `mxg_question_choice` VALUES ('1737751024241758209', '3', '选择题题目1', '选项A', '选项B', '选项C', '正确选项D', 4, 5, '2023-12-21 16:25:05');
INSERT INTO `mxg_question_choice` VALUES ('21', '2', '测试选择题2', '正确选项A', '选项B', '选项C', '选项D', 1, 5, '2023-12-15 00:00:00');

-- ----------------------------
-- Table structure for mxg_question_sa
-- ----------------------------
DROP TABLE IF EXISTS `mxg_question_sa`;
CREATE TABLE `mxg_question_sa`  (
  `id` varchar(40) CHARACTER SET utf8mb4 COLLATE utf8mb4_0900_ai_ci NOT NULL COMMENT '简答题id',
  `paper_id` varchar(40) CHARACTER SET utf8mb4 COLLATE utf8mb4_0900_ai_ci NOT NULL COMMENT '试卷id',
  `description` text CHARACTER SET utf8mb4 COLLATE utf8mb4_0900_ai_ci NULL COMMENT '题目',
  `score` int NULL DEFAULT NULL COMMENT '分数',
  `create_date` datetime NULL DEFAULT NULL COMMENT '创建时间',
  PRIMARY KEY (`id`) USING BTREE
) ENGINE = InnoDB CHARACTER SET = utf8mb4 COLLATE = utf8mb4_0900_ai_ci ROW_FORMAT = DYNAMIC;

-- ----------------------------
-- Records of mxg_question_sa
-- ----------------------------
INSERT INTO `mxg_question_sa` VALUES ('1703503733213', '1739246667976269826', '简答题1', 10, '2023-12-25 19:30:36');
INSERT INTO `mxg_question_sa` VALUES ('1703503799293', '1739246667976269826', '简答题2', 10, '2023-12-25 19:30:37');
INSERT INTO `mxg_question_sa` VALUES ('1703572450879', '1739534951579226113', '简答题1', 10, '2023-12-26 14:34:15');
INSERT INTO `mxg_question_sa` VALUES ('1737860234255880194', '2', '测试简答1', 10, '2023-12-21 23:39:02');
INSERT INTO `mxg_question_sa` VALUES ('1737860272549875713', '3', '测试简答2', 10, '2023-12-21 23:39:12');
INSERT INTO `mxg_question_sa` VALUES ('1737860290375667713', '3', '测试简答3', 10, '2023-12-21 23:39:16');
INSERT INTO `mxg_question_sa` VALUES ('1737867517742809090', '3', '简答题31', 10, '2023-12-22 00:07:59');

-- ----------------------------
-- Table structure for mxg_speak
-- ----------------------------
DROP TABLE IF EXISTS `mxg_speak`;
CREATE TABLE `mxg_speak`  (
  `id` varchar(40) CHARACTER SET utf8mb4 COLLATE utf8mb4_0900_ai_ci NOT NULL COMMENT '唯一标识id',
  `talk_id` varchar(40) CHARACTER SET utf8mb4 COLLATE utf8mb4_0900_ai_ci NOT NULL COMMENT '所属课程id',
  `text` text CHARACTER SET utf8mb4 COLLATE utf8mb4_0900_ai_ci NOT NULL COMMENT '发言内容',
  `speaker` varchar(40) CHARACTER SET utf8 COLLATE utf8_general_ci NOT NULL COMMENT '发言人用户名',
  `create_date` datetime NULL DEFAULT NULL COMMENT '发言时间',
  PRIMARY KEY (`id`) USING BTREE,
  INDEX `fk_speak_talk_id`(`talk_id`) USING BTREE,
  INDEX `fk_speak_speaker`(`speaker`) USING BTREE,
  CONSTRAINT `fk_speak_speaker` FOREIGN KEY (`speaker`) REFERENCES `sys_user` (`username`) ON DELETE CASCADE ON UPDATE CASCADE,
  CONSTRAINT `fk_speak_talk_id` FOREIGN KEY (`talk_id`) REFERENCES `mxg_talk` (`id`) ON DELETE CASCADE ON UPDATE CASCADE
) ENGINE = InnoDB CHARACTER SET = utf8mb4 COLLATE = utf8mb4_0900_ai_ci ROW_FORMAT = DYNAMIC;

-- ----------------------------
-- Records of mxg_speak
-- ----------------------------
INSERT INTO `mxg_speak` VALUES ('1738234482844073986', '1', 'hello', 'zhangsan', '2023-12-23 00:26:10');
INSERT INTO `mxg_speak` VALUES ('1738978689187590145', '1', '老师你好', 'xuesheng11', '2023-12-25 01:43:23');
INSERT INTO `mxg_speak` VALUES ('1738978743461883905', '1', '同学你好', 'xuesheng11', '2023-12-25 01:43:36');
INSERT INTO `mxg_speak` VALUES ('1738979202406821889', '2', '我是学生', 'xuesheng11', '2023-12-25 01:45:25');
INSERT INTO `mxg_speak` VALUES ('1739537749884637186', '1', '灌水', 'xuesheng12', '2023-12-26 14:44:53');
INSERT INTO `mxg_speak` VALUES ('1739540373786689537', '1739540310301704194', '记得备考', 'zhangsan', '2023-12-26 14:55:19');
INSERT INTO `mxg_speak` VALUES ('1739540574215700481', '1739540310301704194', '收到', 'xuesheng11', '2023-12-26 14:56:07');
INSERT INTO `mxg_speak` VALUES ('1739542709976268801', '1739542662010208258', '收到', 'xuesheng21', '2023-12-26 15:04:36');
INSERT INTO `mxg_speak` VALUES ('1739557247865946114', '1739557050582663169', 'xuesheng21平时分扣10分', 'zhangsan', '2023-12-26 16:02:22');
INSERT INTO `mxg_speak` VALUES ('1739572082674511873', '2', '测试', 'zhangsan', '2023-12-26 17:01:19');
INSERT INTO `mxg_speak` VALUES ('1739572552474308610', '1739572467455766530', '了解', 'xuesheng11', '2023-12-26 17:03:11');

-- ----------------------------
-- Table structure for mxg_student
-- ----------------------------
DROP TABLE IF EXISTS `mxg_student`;
CREATE TABLE `mxg_student`  (
  `id` varchar(40) CHARACTER SET utf8 COLLATE utf8_general_ci NOT NULL COMMENT '用户 ID',
  `name` varchar(60) CHARACTER SET utf8 COLLATE utf8_general_ci NULL DEFAULT NULL COMMENT '学生用户名',
  `nick_name` varchar(60) CHARACTER SET utf8 COLLATE utf8_general_ci NULL DEFAULT NULL COMMENT '学生姓名',
  `student_id` varchar(255) CHARACTER SET utf8mb4 COLLATE utf8mb4_general_ci NULL DEFAULT NULL COMMENT '学号(202003100101,2020入学年份,031专业,01班级,01学号)',
  `class` varchar(60) CHARACTER SET utf8 COLLATE utf8_general_ci NULL DEFAULT NULL COMMENT '班级',
  `major` varchar(255) CHARACTER SET utf8mb4 COLLATE utf8mb4_0900_ai_ci NULL DEFAULT NULL COMMENT '专业',
  PRIMARY KEY (`id`) USING BTREE,
  INDEX `fk_user_name`(`name`) USING BTREE,
  INDEX `fk_user_nick_name`(`nick_name`) USING BTREE,
  INDEX `student_id`(`student_id`) USING BTREE,
  CONSTRAINT `fk_user_id` FOREIGN KEY (`id`) REFERENCES `sys_user` (`id`) ON DELETE CASCADE ON UPDATE CASCADE,
  CONSTRAINT `fk_user_name` FOREIGN KEY (`name`) REFERENCES `sys_user` (`username`) ON DELETE CASCADE ON UPDATE CASCADE,
  CONSTRAINT `fk_user_nick_name` FOREIGN KEY (`nick_name`) REFERENCES `sys_user` (`nick_name`) ON DELETE CASCADE ON UPDATE CASCADE
) ENGINE = InnoDB CHARACTER SET = utf8mb4 COLLATE = utf8mb4_general_ci ROW_FORMAT = DYNAMIC;

-- ----------------------------
-- Records of mxg_student
-- ----------------------------
INSERT INTO `mxg_student` VALUES ('19', 'xuesheng11', '学生11', '20200310101', '202003101', '计算机科学与技术');
INSERT INTO `mxg_student` VALUES ('20', 'xuesheng12', '学生12', '20200310102', '202003101', '计算机科学与技术');
INSERT INTO `mxg_student` VALUES ('21', 'xuesheng13', '学生13', '20200310103', '202003101', '计算机科学与技术');
INSERT INTO `mxg_student` VALUES ('22', 'xuesheng14', '学生14', '20200310104', '202003101', '计算机科学与技术');
INSERT INTO `mxg_student` VALUES ('23', 'xuesheng15', '学生15', '20200310105', '202003101', '计算机科学与技术');
INSERT INTO `mxg_student` VALUES ('24', 'xuesheng21', '学生21', '20200310201', '202003102', '计算机科学与技术');
INSERT INTO `mxg_student` VALUES ('25', 'xuesheng22', '学生22', '20200310202', '202003102', '计算机科学与技术');
INSERT INTO `mxg_student` VALUES ('26', 'xuesheng23', '学生23', '20200310203', '202003102', '计算机科学与技术');
INSERT INTO `mxg_student` VALUES ('27', 'xuesheng24', '学生24', '20200310204', '202003102', '计算机科学与技术');
INSERT INTO `mxg_student` VALUES ('28', 'xuesheng25', '学生25', '20200310205', '202003102', '计算机科学与技术');
INSERT INTO `mxg_student` VALUES ('29', 'xuesheng31', '学生31', '20200320101', '202003201', '网络安全');
INSERT INTO `mxg_student` VALUES ('30', 'xuesheng32', '学生32', '20200320102', '202003201', '网络安全');
INSERT INTO `mxg_student` VALUES ('31', 'xuesheng33', '学生33', '20200320103', '202003201', '网络安全');
INSERT INTO `mxg_student` VALUES ('32', 'xuesheng34', '学生34', '20200320104', '202003201', '网络安全');
INSERT INTO `mxg_student` VALUES ('33', 'xuesheng35', '学生35', '20200320105', '202003201', '网络安全');
INSERT INTO `mxg_student` VALUES ('34', 'xuesheng41', '学生41', '20200320201', '202003202', '网络安全');
INSERT INTO `mxg_student` VALUES ('35', 'xuesheng42', '学生42', '20200320202', '202003202', '网络安全');
INSERT INTO `mxg_student` VALUES ('36', 'xuesheng43', '学生43', '20200320203', '202003202', '网络安全');
INSERT INTO `mxg_student` VALUES ('37', 'xuesheng44', '学生44', '20200320204', '202003202', '网络安全');
INSERT INTO `mxg_student` VALUES ('38', 'xuesheng45', '学生45', '20200320205', '202003202', '网络安全');
INSERT INTO `mxg_student` VALUES ('39', 'xuesheng51', '学生51', '20200320301', '202003203', '网络安全');
INSERT INTO `mxg_student` VALUES ('40', 'xuesheng52', '学生52', '20200320302', '202003203', '网络安全');
INSERT INTO `mxg_student` VALUES ('41', 'xuesheng53', '学生53', '20200320303', '202003203', '网络安全');
INSERT INTO `mxg_student` VALUES ('42', 'xuesheng54', '学生54', '20200320304', '202003203', '网络安全');
INSERT INTO `mxg_student` VALUES ('43', 'xuesheng55', '学生55', '20200320305', '202003203', '网络安全');

-- ----------------------------
-- Table structure for mxg_student_elective_course
-- ----------------------------
DROP TABLE IF EXISTS `mxg_student_elective_course`;
CREATE TABLE `mxg_student_elective_course`  (
  `id` varchar(40) CHARACTER SET utf8mb4 COLLATE utf8mb4_0900_ai_ci NOT NULL COMMENT '课程唯一id',
  `name` varchar(255) CHARACTER SET utf8 COLLATE utf8_general_ci NOT NULL COMMENT '学生用户名',
  `nick_name` varchar(255) CHARACTER SET utf8 COLLATE utf8_general_ci NOT NULL COMMENT '学生姓名',
  `student_id` varchar(255) CHARACTER SET utf8 COLLATE utf8_general_ci NOT NULL COMMENT '学生学号',
  INDEX `fk_student_elective_course_name`(`name`) USING BTREE,
  INDEX `fk_student_elective_course_nick_name`(`nick_name`) USING BTREE,
  CONSTRAINT `fk_student_elective_course_name` FOREIGN KEY (`name`) REFERENCES `mxg_student` (`name`) ON DELETE CASCADE ON UPDATE CASCADE,
  CONSTRAINT `fk_student_elective_course_nick_name` FOREIGN KEY (`nick_name`) REFERENCES `mxg_student` (`nick_name`) ON DELETE CASCADE ON UPDATE CASCADE
) ENGINE = InnoDB CHARACTER SET = utf8mb4 COLLATE = utf8mb4_general_ci ROW_FORMAT = DYNAMIC;

-- ----------------------------
-- Records of mxg_student_elective_course
-- ----------------------------
INSERT INTO `mxg_student_elective_course` VALUES ('1000000', 'xuesheng12', '学生12', '20200310102');
INSERT INTO `mxg_student_elective_course` VALUES ('1000003', 'xuesheng11', '学生11', '20200310101');
INSERT INTO `mxg_student_elective_course` VALUES ('1000000', 'xuesheng13', '学生13', '20200310103');
INSERT INTO `mxg_student_elective_course` VALUES ('1000001', 'xuesheng12', '学生12', '20200310102');
INSERT INTO `mxg_student_elective_course` VALUES ('1000000', 'xuesheng11', '学生11', '20200310101');
INSERT INTO `mxg_student_elective_course` VALUES ('1000001', 'xuesheng11', '学生11', '20200310101');
INSERT INTO `mxg_student_elective_course` VALUES ('1000002', 'xuesheng51', '学生51', '20200320301');
INSERT INTO `mxg_student_elective_course` VALUES ('1000003', 'xuesheng51', '学生51', '20200320301');

-- ----------------------------
-- Table structure for mxg_student_leave
-- ----------------------------
DROP TABLE IF EXISTS `mxg_student_leave`;
CREATE TABLE `mxg_student_leave`  (
  `id` varchar(40) CHARACTER SET utf8mb4 COLLATE utf8mb4_0900_ai_ci NOT NULL COMMENT '请假唯一id',
  `name` varchar(255) CHARACTER SET utf8mb4 COLLATE utf8mb4_general_ci NULL DEFAULT NULL COMMENT '学生用户名',
  `course_name` varchar(40) CHARACTER SET utf8mb4 COLLATE utf8mb4_0900_ai_ci NOT NULL COMMENT '课程名称',
  `teacher_nick_name` varchar(255) CHARACTER SET utf8 COLLATE utf8_general_ci NOT NULL COMMENT '教师姓名',
  `time` varchar(255) CHARACTER SET utf8mb4 COLLATE utf8mb4_0900_ai_ci NOT NULL COMMENT '上课时间',
  `reason` text CHARACTER SET utf8 COLLATE utf8_general_ci NOT NULL COMMENT '请假理由',
  `create_date` datetime NULL DEFAULT NULL COMMENT '创建时间',
  PRIMARY KEY (`id`) USING BTREE
) ENGINE = InnoDB CHARACTER SET = utf8mb4 COLLATE = utf8mb4_general_ci ROW_FORMAT = DYNAMIC;

-- ----------------------------
-- Records of mxg_student_leave
-- ----------------------------
INSERT INTO `mxg_student_leave` VALUES ('11', 'xuesheng11', '高等数学', '张三', '9-16周 周四 9:40-11:50', '头痛', '2023-12-17 07:49:28');
INSERT INTO `mxg_student_leave` VALUES ('12', 'xuesheng12', '线性代数', '张三', '1-8周 周三 8:00-9:25', '不舒服', '2023-12-17 08:09:49');
INSERT INTO `mxg_student_leave` VALUES ('1739006075060912129', 'xuesheng11', '高等数学', '张三', '1-8周 周三 9:40-11:50', '身体不舒服', '2023-12-25 03:32:12');
INSERT INTO `mxg_student_leave` VALUES ('1739223919455494145', 'xuesheng11', '高等数学', '张三', '1-8周 周三 9:40-11:50', '不舒服', '2023-12-25 17:57:50');
INSERT INTO `mxg_student_leave` VALUES ('1739262434855665665', 'xuesheng11', '计算机网络', '张三', '1-8周 周三 9:40-11:50', 'adsd', '2023-12-25 20:30:53');
INSERT INTO `mxg_student_leave` VALUES ('1739324325053382658', 'xuesheng11', '创新思维训练', '张三', '1-8周 周三 9:40-11:50', '请假', '2023-12-26 00:36:49');
INSERT INTO `mxg_student_leave` VALUES ('1739543859785990146', 'xuesheng51', '汇编语言', '小明', '1-8周 周三 15:10-16:35', '不舒服', '2023-12-26 15:09:10');
INSERT INTO `mxg_student_leave` VALUES ('1739545428619198465', 'xuesheng51', '古典文学鉴赏', '小明', '1-8周 周三 15:10-16:35', '家里有事', '2023-12-26 15:15:24');
INSERT INTO `mxg_student_leave` VALUES ('1739552246976225282', 'xuesheng11', '影视鉴赏', '李四', '1-8周 周三 8:00-9:25', '头痛', '2023-12-26 15:42:30');
INSERT INTO `mxg_student_leave` VALUES ('1739553229315776513', 'xuesheng11', '高等数学', '张三', '1-8周 周三 9:40-11:50', '不舒服', '2023-12-26 15:46:24');

-- ----------------------------
-- Table structure for mxg_talk
-- ----------------------------
DROP TABLE IF EXISTS `mxg_talk`;
CREATE TABLE `mxg_talk`  (
  `id` varchar(40) CHARACTER SET utf8mb4 COLLATE utf8mb4_0900_ai_ci NOT NULL COMMENT '唯一标识id',
  `course_id` varchar(40) CHARACTER SET utf8mb4 COLLATE utf8mb4_0900_ai_ci NOT NULL COMMENT '所属课程id',
  `title` varchar(40) CHARACTER SET utf8mb4 COLLATE utf8mb4_0900_ai_ci NOT NULL COMMENT '标题',
  `text` text CHARACTER SET utf8mb4 COLLATE utf8mb4_0900_ai_ci NULL COMMENT '发言内容',
  `creator` varchar(40) CHARACTER SET utf8 COLLATE utf8_general_ci NOT NULL COMMENT '发言人用户名',
  `create_date` datetime NULL DEFAULT NULL COMMENT '发言时间',
  PRIMARY KEY (`id`) USING BTREE,
  INDEX `fk_talk_course_id`(`course_id`) USING BTREE,
  INDEX `fk_talk_creator`(`creator`) USING BTREE,
  CONSTRAINT `fk_talk_course_id` FOREIGN KEY (`course_id`) REFERENCES `mxg_course` (`id`) ON DELETE CASCADE ON UPDATE CASCADE,
  CONSTRAINT `fk_talk_creator` FOREIGN KEY (`creator`) REFERENCES `sys_user` (`username`) ON DELETE CASCADE ON UPDATE CASCADE
) ENGINE = InnoDB CHARACTER SET = utf8mb4 COLLATE = utf8mb4_0900_ai_ci ROW_FORMAT = DYNAMIC;

-- ----------------------------
-- Records of mxg_talk
-- ----------------------------
INSERT INTO `mxg_talk` VALUES ('0', '1', 'title0', 'text0', 'zhangsan', '2023-12-07 00:00:00');
INSERT INTO `mxg_talk` VALUES ('1', '1', 'talk1', 'text1', 'zhangsan', '2023-12-01 00:00:00');
INSERT INTO `mxg_talk` VALUES ('1732049547533283329', '1', 'title2', 'text2', 'zhangsan', '2023-12-05 00:00:00');
INSERT INTO `mxg_talk` VALUES ('1735753984402042882', '7', '测试内容', '测试标题', 'zhangsan', '2023-12-16 04:09:33');
INSERT INTO `mxg_talk` VALUES ('1738983697626968066', '1', '考试范围', '不透露', 'zhangsan', '2023-12-25 02:03:17');
INSERT INTO `mxg_talk` VALUES ('1739540310301704194', '7', '考试通知', '18周周三考试', 'zhangsan', '2023-12-26 14:55:04');
INSERT INTO `mxg_talk` VALUES ('1739542662010208258', '2', '调课通知', '第八周课程调整到第九周上', 'zhangsan', '2023-12-26 15:04:24');
INSERT INTO `mxg_talk` VALUES ('1739542926595293186', '3', '离散数学', '测试', 'lisi', '2023-12-26 15:05:28');
INSERT INTO `mxg_talk` VALUES ('1739542971591786497', '4', '数值分析', '测试', 'lisi', '2023-12-26 15:05:38');
INSERT INTO `mxg_talk` VALUES ('1739557050582663169', '1739553951688171522', '灌水', '灌水灌水灌水灌水灌水', 'xuesheng21', '2023-12-26 16:01:35');
INSERT INTO `mxg_talk` VALUES ('1739557486140162050', '1739553951688171522', '考试通知', '详情', 'zhangsan', '2023-12-26 16:03:19');
INSERT INTO `mxg_talk` VALUES ('1739572467455766530', '1738962708247666690', '小测', '问题', 'zhangsan', '2023-12-26 17:02:51');
INSERT INTO `mxg_talk` VALUES ('2', '1', 'talk2', 'text2', 'zhangsan', '2023-12-05 00:00:00');
INSERT INTO `mxg_talk` VALUES ('3', '2', 'talk1', 'text1', 'zhangsan', '2023-12-01 00:00:00');
INSERT INTO `mxg_talk` VALUES ('4', '1', 'title2', 'text2', 'zhangsan', '2023-12-05 00:00:00');
INSERT INTO `mxg_talk` VALUES ('4123', '1', 'title666', 'text666', 'zhangsan', '2023-12-07 00:00:00');

-- ----------------------------
-- Table structure for mxg_teacher
-- ----------------------------
DROP TABLE IF EXISTS `mxg_teacher`;
CREATE TABLE `mxg_teacher`  (
  `id` varchar(40) CHARACTER SET utf8 COLLATE utf8_general_ci NOT NULL COMMENT '用户 ID',
  `name` varchar(255) CHARACTER SET utf8 COLLATE utf8_general_ci NULL DEFAULT NULL COMMENT '教师用户名',
  `nick_name` varchar(255) CHARACTER SET utf8 COLLATE utf8_general_ci NULL DEFAULT NULL COMMENT '教师姓名',
  `post` varchar(255) CHARACTER SET utf8 COLLATE utf8_general_ci NULL DEFAULT NULL COMMENT '教师职位',
  PRIMARY KEY (`id`) USING BTREE,
  INDEX `fk_teacher_name`(`name`) USING BTREE,
  INDEX `fk_teacher_nick_name`(`nick_name`) USING BTREE,
  CONSTRAINT `fk_teacher_id` FOREIGN KEY (`id`) REFERENCES `sys_user` (`id`) ON DELETE CASCADE ON UPDATE CASCADE,
  CONSTRAINT `fk_teacher_name` FOREIGN KEY (`name`) REFERENCES `sys_user` (`username`) ON DELETE CASCADE ON UPDATE CASCADE,
  CONSTRAINT `fk_teacher_nick_name` FOREIGN KEY (`nick_name`) REFERENCES `sys_user` (`nick_name`) ON DELETE CASCADE ON UPDATE CASCADE
) ENGINE = InnoDB CHARACTER SET = utf8mb4 COLLATE = utf8mb4_general_ci ROW_FORMAT = DYNAMIC;

-- ----------------------------
-- Records of mxg_teacher
-- ----------------------------
INSERT INTO `mxg_teacher` VALUES ('11', 'admin', '超级管理员', '教务处');
INSERT INTO `mxg_teacher` VALUES ('12', 'zhangsan', '张三', '教师');
INSERT INTO `mxg_teacher` VALUES ('13', 'lisi', '李四', '教师');
INSERT INTO `mxg_teacher` VALUES ('14', 'wangwu', '王五', '教师');
INSERT INTO `mxg_teacher` VALUES ('15', 'xiaoming', '小明', '教师');

-- ----------------------------
-- Table structure for mxg_teacher_score
-- ----------------------------
DROP TABLE IF EXISTS `mxg_teacher_score`;
CREATE TABLE `mxg_teacher_score`  (
  `id` varchar(40) CHARACTER SET utf8mb4 COLLATE utf8mb4_0900_ai_ci NOT NULL COMMENT 'id',
  `name` varchar(40) CHARACTER SET utf8mb4 COLLATE utf8mb4_0900_ai_ci NOT NULL COMMENT '课程名称',
  `tch_id` varchar(40) CHARACTER SET utf8 COLLATE utf8_general_ci NULL DEFAULT NULL COMMENT '用户名',
  `nick_name` varchar(255) CHARACTER SET utf8 COLLATE utf8_general_ci NOT NULL COMMENT '教师姓名',
  `score1` int NOT NULL COMMENT '课程评分',
  `score2` int NOT NULL COMMENT '课程评分',
  `score3` int NOT NULL COMMENT '课程评分',
  `score4` int NOT NULL COMMENT '课程评分',
  PRIMARY KEY (`id`) USING BTREE
) ENGINE = InnoDB CHARACTER SET = utf8mb4 COLLATE = utf8mb4_general_ci ROW_FORMAT = DYNAMIC;

-- ----------------------------
-- Records of mxg_teacher_score
-- ----------------------------
INSERT INTO `mxg_teacher_score` VALUES ('1', '高等数学', 'xuesheng11', '张三', 12, 6, 6, 6);
INSERT INTO `mxg_teacher_score` VALUES ('1738987802026061826', '线性代数', 'xuesheng12', '张三', 24, 24, 18, 24);
INSERT INTO `mxg_teacher_score` VALUES ('1738988133011173377', '线性代数', 'xuesheng13', '张三', 24, 24, 24, 24);
INSERT INTO `mxg_teacher_score` VALUES ('1739261985633124354', '计算机网络', 'xuesheng11', '张三', 24, 24, 24, 24);
INSERT INTO `mxg_teacher_score` VALUES ('1739638650297131009', '高等数学', 'xuesheng21', '张三', 6, 6, 6, 6);
INSERT INTO `mxg_teacher_score` VALUES ('2', '高等数学', 'xuesheng12', '张三', 24, 24, 24, 24);
INSERT INTO `mxg_teacher_score` VALUES ('3', '线性代数', 'xuesheng11', '张三', 12, 6, 6, 6);
INSERT INTO `mxg_teacher_score` VALUES ('4', '线性代数', 'xuesheng11', '李四', 6, 6, 6, 6);

-- ----------------------------
-- Table structure for sys_user
-- ----------------------------
DROP TABLE IF EXISTS `sys_user`;
CREATE TABLE `sys_user`  (
  `id` varchar(40) CHARACTER SET utf8 COLLATE utf8_general_ci NOT NULL COMMENT '用户 ID',
  `username` varchar(60) CHARACTER SET utf8 COLLATE utf8_general_ci NULL DEFAULT NULL COMMENT '用户名',
  `password` varchar(60) CHARACTER SET utf8 COLLATE utf8_general_ci NULL DEFAULT NULL COMMENT '密码，加密存储, admin/1234',
  `nick_name` varchar(60) CHARACTER SET utf8 COLLATE utf8_general_ci NULL DEFAULT NULL COMMENT '昵称',
  `image_url` varchar(255) CHARACTER SET utf8mb4 COLLATE utf8mb4_0900_ai_ci NULL DEFAULT NULL COMMENT '头像url',
  PRIMARY KEY (`id`) USING BTREE,
  UNIQUE INDEX `username`(`username`) USING BTREE,
  INDEX `nick_name`(`nick_name`) USING BTREE
) ENGINE = InnoDB CHARACTER SET = utf8 COLLATE = utf8_general_ci COMMENT = '用户信息表' ROW_FORMAT = DYNAMIC;

-- ----------------------------
-- Records of sys_user
-- ----------------------------
INSERT INTO `sys_user` VALUES ('11', 'admin', '$2a$10$EHkq/r6PTCCYEDOQYNi/ZORb8S.G8yxu4jsxqvjGWEytyrrPx5FVS', '超级管理员', 'group1/M00/00/00/J2y7ZGA2IheAESCfAABBqgX_-Lk92.jpeg');
INSERT INTO `sys_user` VALUES ('12', 'zhangsan', '$2a$10$EHkq/r6PTCCYEDOQYNi/ZORb8S.G8yxu4jsxqvjGWEytyrrPx5FVS', '张三', 'group1/M00/00/00/J2y7ZGA2IheAESCfAABBqgX_-Lk92.jpeg');
INSERT INTO `sys_user` VALUES ('13', 'lisi', '$2a$10$EHkq/r6PTCCYEDOQYNi/ZORb8S.G8yxu4jsxqvjGWEytyrrPx5FVS', '李四', 'group1/M00/00/00/J2y7ZGA2IheAESCfAABBqgX_-Lk92.jpeg');
INSERT INTO `sys_user` VALUES ('14', 'wangwu', '$2a$10$EHkq/r6PTCCYEDOQYNi/ZORb8S.G8yxu4jsxqvjGWEytyrrPx5FVS', '王五', 'group1/M00/00/00/J2y7ZGA2IheAESCfAABBqgX_-Lk92.jpeg');
INSERT INTO `sys_user` VALUES ('15', 'xiaoming', '$2a$10$EHkq/r6PTCCYEDOQYNi/ZORb8S.G8yxu4jsxqvjGWEytyrrPx5FVS', '小明', 'group1/M00/00/00/J2y7ZGA2IheAESCfAABBqgX_-Lk92.jpeg');
INSERT INTO `sys_user` VALUES ('16', 'xiaohong', '$2a$10$EHkq/r6PTCCYEDOQYNi/ZORb8S.G8yxu4jsxqvjGWEytyrrPx5FVS', '小红', 'group1/M00/00/00/J2y7ZGA2IheAESCfAABBqgX_-Lk92.jpeg');
INSERT INTO `sys_user` VALUES ('17', 'xiaobai', '$2a$10$EHkq/r6PTCCYEDOQYNi/ZORb8S.G8yxu4jsxqvjGWEytyrrPx5FVS', '小白', 'group1/M00/00/00/J2y7ZGA2IheAESCfAABBqgX_-Lk92.jpeg');
INSERT INTO `sys_user` VALUES ('18', 'xiaodu', '$2a$10$EHkq/r6PTCCYEDOQYNi/ZORb8S.G8yxu4jsxqvjGWEytyrrPx5FVS', '小度', 'group1/M00/00/00/J2y7ZGA2IheAESCfAABBqgX_-Lk92.jpeg');
INSERT INTO `sys_user` VALUES ('19', 'xuesheng11', '$2a$10$EHkq/r6PTCCYEDOQYNi/ZORb8S.G8yxu4jsxqvjGWEytyrrPx5FVS', '学生11', 'group1/M00/00/00/J2y7ZGA2IheAESCfAABBqgX_-Lk92.jpeg');
INSERT INTO `sys_user` VALUES ('20', 'xuesheng12', '$2a$10$EHkq/r6PTCCYEDOQYNi/ZORb8S.G8yxu4jsxqvjGWEytyrrPx5FVS', '学生12', 'group1/M00/00/00/J2y7ZGA2IheAESCfAABBqgX_-Lk92.jpeg');
INSERT INTO `sys_user` VALUES ('21', 'xuesheng13', '$2a$10$EHkq/r6PTCCYEDOQYNi/ZORb8S.G8yxu4jsxqvjGWEytyrrPx5FVS', '学生13', 'group1/M00/00/00/J2y7ZGA2IheAESCfAABBqgX_-Lk92.jpeg');
INSERT INTO `sys_user` VALUES ('22', 'xuesheng14', '$2a$10$EHkq/r6PTCCYEDOQYNi/ZORb8S.G8yxu4jsxqvjGWEytyrrPx5FVS', '学生14', 'group1/M00/00/00/J2y7ZGA2IheAESCfAABBqgX_-Lk92.jpeg');
INSERT INTO `sys_user` VALUES ('23', 'xuesheng15', '$2a$10$EHkq/r6PTCCYEDOQYNi/ZORb8S.G8yxu4jsxqvjGWEytyrrPx5FVS', '学生15', 'group1/M00/00/00/J2y7ZGA2IheAESCfAABBqgX_-Lk92.jpeg');
INSERT INTO `sys_user` VALUES ('24', 'xuesheng21', '$2a$10$EHkq/r6PTCCYEDOQYNi/ZORb8S.G8yxu4jsxqvjGWEytyrrPx5FVS', '学生21', 'group1/M00/00/00/J2y7ZGA2IheAESCfAABBqgX_-Lk92.jpeg');
INSERT INTO `sys_user` VALUES ('25', 'xuesheng22', '$2a$10$EHkq/r6PTCCYEDOQYNi/ZORb8S.G8yxu4jsxqvjGWEytyrrPx5FVS', '学生22', 'group1/M00/00/00/J2y7ZGA2IheAESCfAABBqgX_-Lk92.jpeg');
INSERT INTO `sys_user` VALUES ('26', 'xuesheng23', '$2a$10$EHkq/r6PTCCYEDOQYNi/ZORb8S.G8yxu4jsxqvjGWEytyrrPx5FVS', '学生23', 'group1/M00/00/00/J2y7ZGA2IheAESCfAABBqgX_-Lk92.jpeg');
INSERT INTO `sys_user` VALUES ('27', 'xuesheng24', '$2a$10$EHkq/r6PTCCYEDOQYNi/ZORb8S.G8yxu4jsxqvjGWEytyrrPx5FVS', '学生24', 'group1/M00/00/00/J2y7ZGA2IheAESCfAABBqgX_-Lk92.jpeg');
INSERT INTO `sys_user` VALUES ('28', 'xuesheng25', '$2a$10$EHkq/r6PTCCYEDOQYNi/ZORb8S.G8yxu4jsxqvjGWEytyrrPx5FVS', '学生25', 'group1/M00/00/00/J2y7ZGA2IheAESCfAABBqgX_-Lk92.jpeg');
INSERT INTO `sys_user` VALUES ('29', 'xuesheng31', '$2a$10$EHkq/r6PTCCYEDOQYNi/ZORb8S.G8yxu4jsxqvjGWEytyrrPx5FVS', '学生31', 'group1/M00/00/00/J2y7ZGA2IheAESCfAABBqgX_-Lk92.jpeg');
INSERT INTO `sys_user` VALUES ('30', 'xuesheng32', '$2a$10$EHkq/r6PTCCYEDOQYNi/ZORb8S.G8yxu4jsxqvjGWEytyrrPx5FVS', '学生32', 'group1/M00/00/00/J2y7ZGA2IheAESCfAABBqgX_-Lk92.jpeg');
INSERT INTO `sys_user` VALUES ('31', 'xuesheng33', '$2a$10$EHkq/r6PTCCYEDOQYNi/ZORb8S.G8yxu4jsxqvjGWEytyrrPx5FVS', '学生33', 'group1/M00/00/00/J2y7ZGA2IheAESCfAABBqgX_-Lk92.jpeg');
INSERT INTO `sys_user` VALUES ('32', 'xuesheng34', '$2a$10$EHkq/r6PTCCYEDOQYNi/ZORb8S.G8yxu4jsxqvjGWEytyrrPx5FVS', '学生34', 'group1/M00/00/00/J2y7ZGA2IheAESCfAABBqgX_-Lk92.jpeg');
INSERT INTO `sys_user` VALUES ('33', 'xuesheng35', '$2a$10$EHkq/r6PTCCYEDOQYNi/ZORb8S.G8yxu4jsxqvjGWEytyrrPx5FVS', '学生35', 'group1/M00/00/00/J2y7ZGA2IheAESCfAABBqgX_-Lk92.jpeg');
INSERT INTO `sys_user` VALUES ('34', 'xuesheng41', '$2a$10$EHkq/r6PTCCYEDOQYNi/ZORb8S.G8yxu4jsxqvjGWEytyrrPx5FVS', '学生41', 'group1/M00/00/00/J2y7ZGA2IheAESCfAABBqgX_-Lk92.jpeg');
INSERT INTO `sys_user` VALUES ('35', 'xuesheng42', '$2a$10$EHkq/r6PTCCYEDOQYNi/ZORb8S.G8yxu4jsxqvjGWEytyrrPx5FVS', '学生42', 'group1/M00/00/00/J2y7ZGA2IheAESCfAABBqgX_-Lk92.jpeg');
INSERT INTO `sys_user` VALUES ('36', 'xuesheng43', '$2a$10$EHkq/r6PTCCYEDOQYNi/ZORb8S.G8yxu4jsxqvjGWEytyrrPx5FVS', '学生43', 'group1/M00/00/00/J2y7ZGA2IheAESCfAABBqgX_-Lk92.jpeg');
INSERT INTO `sys_user` VALUES ('37', 'xuesheng44', '$2a$10$EHkq/r6PTCCYEDOQYNi/ZORb8S.G8yxu4jsxqvjGWEytyrrPx5FVS', '学生44', 'group1/M00/00/00/J2y7ZGA2IheAESCfAABBqgX_-Lk92.jpeg');
INSERT INTO `sys_user` VALUES ('38', 'xuesheng45', '$2a$10$EHkq/r6PTCCYEDOQYNi/ZORb8S.G8yxu4jsxqvjGWEytyrrPx5FVS', '学生45', 'group1/M00/00/00/J2y7ZGA2IheAESCfAABBqgX_-Lk92.jpeg');
INSERT INTO `sys_user` VALUES ('39', 'xuesheng51', '$2a$10$EHkq/r6PTCCYEDOQYNi/ZORb8S.G8yxu4jsxqvjGWEytyrrPx5FVS', '学生51', 'group1/M00/00/00/J2y7ZGA2IheAESCfAABBqgX_-Lk92.jpeg');
INSERT INTO `sys_user` VALUES ('40', 'xuesheng52', '$2a$10$EHkq/r6PTCCYEDOQYNi/ZORb8S.G8yxu4jsxqvjGWEytyrrPx5FVS', '学生52', 'group1/M00/00/00/J2y7ZGA2IheAESCfAABBqgX_-Lk92.jpeg');
INSERT INTO `sys_user` VALUES ('41', 'xuesheng53', '$2a$10$EHkq/r6PTCCYEDOQYNi/ZORb8S.G8yxu4jsxqvjGWEytyrrPx5FVS', '学生53', 'group1/M00/00/00/J2y7ZGA2IheAESCfAABBqgX_-Lk92.jpeg');
INSERT INTO `sys_user` VALUES ('42', 'xuesheng54', '$2a$10$EHkq/r6PTCCYEDOQYNi/ZORb8S.G8yxu4jsxqvjGWEytyrrPx5FVS', '学生54', 'group1/M00/00/00/J2y7ZGA2IheAESCfAABBqgX_-Lk92.jpeg');
INSERT INTO `sys_user` VALUES ('43', 'xuesheng55', '$2a$10$EHkq/r6PTCCYEDOQYNi/ZORb8S.G8yxu4jsxqvjGWEytyrrPx5FVS', '学生55', 'group1/M00/00/00/J2y7ZGA2IheAESCfAABBqgX_-Lk92.jpeg');

-- ----------------------------
-- Triggers structure for table mxg_answer
-- ----------------------------
DROP TRIGGER IF EXISTS `update_score`;
delimiter ;;
CREATE TRIGGER `update_score` BEFORE INSERT ON `mxg_answer` FOR EACH ROW BEGIN
  DECLARE correct_score INT;
  SELECT score INTO correct_score FROM mxg_question_choice WHERE id = NEW.question_id AND answer = NEW.answer;
  IF correct_score IS NOT NULL THEN
    SET NEW.score = correct_score;
  ELSE
    SET NEW.score = 0;
  END IF;
END
;;
delimiter ;

-- ----------------------------
-- Triggers structure for table mxg_student
-- ----------------------------
DROP TRIGGER IF EXISTS `insert_class`;
delimiter ;;
CREATE TRIGGER `insert_class` AFTER INSERT ON `mxg_student` FOR EACH ROW BEGIN
   DECLARE class_id VARCHAR(255);
   SET class_id = LEFT(NEW.student_id, 9);
   IF NOT EXISTS (SELECT * FROM mxg_class WHERE id = class_id) THEN
      INSERT INTO mxg_class (id)
      VALUES (class_id);
   END IF;
END
;;
delimiter ;

SET FOREIGN_KEY_CHECKS = 1;
